Inning,Outs,Balls,Strikes,Count,Date,Batter_Team,Pitcher_Team,Time To Plate (sec) with Man on First,Batter,Pitcher,Batter_Side,Pitcher_Side,Pitch_Type,Outcome,Quality of Contact,Spray Chart,Runners,Pitch_Location_X,Pitch_Location_Y
1,0,0,0,'0-0,2025-09-05,Wilfrid Laurier Golden Hawks,Brock Badgers,,Johnny Banks,Ryan Facchini,R,R,Fastball,Groundout,Ground Ball,Straightaway,0,0.234014248,0.421951792
1,1,0,0,'0-0,2025-09-05,Wilfrid Laurier Golden Hawks,Brock Badgers,,Jack Symington,Ryan Facchini,R,R,Slider,Called Strike,,,0,-0.172497747,0.467917813
1,1,0,1,'0-1,2025-09-05,Wilfrid Laurier Golden Hawks,Brock Badgers,,Jack Symington,Ryan Facchini,R,R,Fastball,Foul,,,0,-0.482221171,0.682425909
1,1,0,2,'0-2,2025-09-05,Wilfrid Laurier Golden Hawks,Brock Badgers,,Jack Symington,Ryan Facchini,R,R,Slider,Home Run,Fly Ball,Pull,0,-0.191855461,0.559849854
1,1,0,0,'0-0,2025-09-05,Wilfrid Laurier Golden Hawks,Brock Badgers,,Ash Abols,Ryan Facchini,R,R,Fastball,Ball,,,0,-0.288644031,1.119103104
1,1,1,0,'1-0,2025-09-05,Wilfrid Laurier Golden Hawks,Brock Badgers,,Ash Abols,Ryan Facchini,R,R,Cutter,Error,Ground Ball,Pull,0,-0.482221171,0.353002761
1,1,0,0,'0-0,2025-09-05,Wilfrid Laurier Golden Hawks,Brock Badgers,,Davis Llewellyn,Ryan Facchini,L,R,Fastball,Called Strike,,,100,-0.71451374,0.590493868
1,1,0,1,'0-1,2025-09-05,Wilfrid Laurier Golden Hawks,Brock Badgers,,Davis Llewellyn,Ryan Facchini,L,R,Fastball,Ball,,,100,1.569696516,0.567510857
1,1,1,1,'1-1,2025-09-05,Wilfrid Laurier Golden Hawks,Brock Badgers,,Davis Llewellyn,Ryan Facchini,L,R,Fastball,Ball,,,100,-1.333960589,0.291714734
1,1,2,1,'2-1,2025-09-05,Wilfrid Laurier Golden Hawks,Brock Badgers,,Davis Llewellyn,Ryan Facchini,L,R,Fastball,Ball,,,100,-1.392033731,0.858628988
1,1,3,1,'3-1,2025-09-05,Wilfrid Laurier Golden Hawks,Brock Badgers,,Davis Llewellyn,Ryan Facchini,L,R,Fastball,Foul,,,100,0.214656534,0.720730926
1,1,3,2,'3-2,2025-09-05,Wilfrid Laurier Golden Hawks,Brock Badgers,,Davis Llewellyn,Ryan Facchini,L,R,Cutter,Single,Line Drive,Straightaway,100,-0.482221171,0.268731723
1,1,0,0,'0-0,2025-09-05,Wilfrid Laurier Golden Hawks,Brock Badgers,,Lucas Bateman,Ryan Facchini,R,R,Cutter,Called Strike,,,110,-0.772586882,0.713069922
1,1,0,1,'0-1,2025-09-05,Wilfrid Laurier Golden Hawks,Brock Badgers,,Lucas Bateman,Ryan Facchini,R,R,Cutter,Ball,,,110,0.930891953,-0.336487548
1,1,1,1,'1-1,2025-09-05,Wilfrid Laurier Golden Hawks,Brock Badgers,,Lucas Bateman,Ryan Facchini,R,R,Fastball,Popout,Pop Up,Straightaway,11,-0.230570889,0.667103902
1,2,0,0,'0-0,2025-09-05,Wilfrid Laurier Golden Hawks,Brock Badgers,,Jack Larmer,Ryan Facchini,R,R,Fastball,Groundout,Ground Ball,Straightaway,11,0.427591388,0.429612795
1,0,0,0,'0-0,2025-09-05,Brock Badgers,Wilfrid Laurier Golden Hawks,,Caleb Feuerstake,Liam Conlin,L,R,Fastball,Called Strike,,,0,0.601810815,0.245748713
1,0,0,1,'0-1,2025-09-05,Brock Badgers,Wilfrid Laurier Golden Hawks,,Caleb Feuerstake,Liam Conlin,L,R,Offspeed,Foul,,,0,-0.424148029,-0.175606476
1,0,0,2,'0-2,2025-09-05,Brock Badgers,Wilfrid Laurier Golden Hawks,,Caleb Feuerstake,Liam Conlin,L,R,Fastball,Ball,,,0,-1.217814305,0.644120892
1,0,1,2,'1-2,2025-09-05,Brock Badgers,Wilfrid Laurier Golden Hawks,,Caleb Feuerstake,Liam Conlin,L,R,Fastball,Ball,,,0,-0.637082884,-0.321165541
1,0,2,2,'2-2,2025-09-05,Brock Badgers,Wilfrid Laurier Golden Hawks,,Caleb Feuerstake,Liam Conlin,L,R,Fastball,Error,Ground Ball,Pull,0,-0.443505743,0.544527847
1,0,0,0,'0-0,2025-09-05,Brock Badgers,Wilfrid Laurier Golden Hawks,1.33,Reid Lunney,Liam Conlin,L,R,Fastball,Ball,,,100,-1.333960589,0.046562624
1,0,1,0,'1-0,2025-09-05,Brock Badgers,Wilfrid Laurier Golden Hawks,,Reid Lunney,Liam Conlin,L,R,Fastball,Called Strike,,,100,-0.71451374,0.713069922
1,0,1,1,'1-1,2025-09-05,Brock Badgers,Wilfrid Laurier Golden Hawks,,Reid Lunney,Liam Conlin,L,R,Fastball,Ball,,,10,-1.527537729,0.337680754
1,0,2,1,'2-1,2025-09-05,Brock Badgers,Wilfrid Laurier Golden Hawks,,Reid Lunney,Liam Conlin,L,R,Fastball,Flyout,Fly Ball,Opposite Field,10,-0.598367455,0.268731723
1,1,0,0,'0-0,2025-09-05,Brock Badgers,Wilfrid Laurier Golden Hawks,,Jaden Leeder,Liam Conlin,R,R,Fastball,Foul,,,10,-0.791944596,0.337680754
1,1,0,1,'0-1,2025-09-05,Brock Badgers,Wilfrid Laurier Golden Hawks,,Jaden Leeder,Liam Conlin,R,R,Breaking Ball,Ball,,,10,0.311445104,-0.267538517
1,1,1,1,'1-1,2025-09-05,Brock Badgers,Wilfrid Laurier Golden Hawks,,Jaden Leeder,Liam Conlin,R,R,Breaking Ball,Ball,,,1,1.511623374,-0.137301459
1,1,2,1,'2-1,2025-09-05,Brock Badgers,Wilfrid Laurier Golden Hawks,,Jaden Leeder,Liam Conlin,R,R,Fastball,Single,Line Drive,Opposite Field,1,-0.385432601,-0.2292335
1,1,0,0,'0-0,2025-09-05,Brock Badgers,Wilfrid Laurier Golden Hawks,1.07,Cole Carpenter,Liam Conlin,R,R,Breaking Ball,Ball,,,100,-0.501578885,-0.550995644
1,1,1,0,'1-0,2025-09-05,Brock Badgers,Wilfrid Laurier Golden Hawks,,Cole Carpenter,Liam Conlin,R,R,Fastball,Popout,Pop Up,Opposite Field,100,0.272729676,0.521544837
1,2,0,0,'0-0,2025-09-05,Brock Badgers,Wilfrid Laurier Golden Hawks,1.28,Flynn Matheson,Liam Conlin,R,R,Fastball,Called Strike,,,100,-0.71451374,0.820323971
1,2,0,1,'0-1,2025-09-05,Brock Badgers,Wilfrid Laurier Golden Hawks,1.18,Flynn Matheson,Liam Conlin,R,R,Breaking Ball,Called Strike,,,100,0.659883957,-0.060691424
1,2,0,2,'0-2,2025-09-05,Brock Badgers,Wilfrid Laurier Golden Hawks,,Flynn Matheson,Liam Conlin,R,R,Breaking Ball,Ball,,,100,1.627769659,-0.344148552
1,2,1,2,'1-2,2025-09-05,Brock Badgers,Wilfrid Laurier Golden Hawks,,Flynn Matheson,Liam Conlin,R,R,Fastball,Foul,,,10,-0.830660024,0.805001964
1,2,1,2,'1-2,2025-09-05,Brock Badgers,Wilfrid Laurier Golden Hawks,,Flynn Matheson,Liam Conlin,R,R,Breaking Ball,Groundout,Ground Ball,Straightaway,10,0.737314813,0.651781895
2,0,0,0,'0-0,2025-09-05,Wilfrid Laurier Golden Hawks,Brock Badgers,,Brady Hall,Ryan Facchini,R,R,Cutter,Called Strike,,,0,0.427591388,0.406629785
2,0,0,1,'0-1,2025-09-05,Wilfrid Laurier Golden Hawks,Brock Badgers,,Brady Hall,Ryan Facchini,R,R,Slider,Ball,,,0,-0.346717173,1.073137084
2,0,1,1,'1-1,2025-09-05,Wilfrid Laurier Golden Hawks,Brock Badgers,,Brady Hall,Ryan Facchini,R,R,Cutter,Swinging Strike,,,0,0.272729676,0.743713936
2,0,1,2,'1-2,2025-09-05,Wilfrid Laurier Golden Hawks,Brock Badgers,,Brady Hall,Ryan Facchini,R,R,Fastball,Foul,,,0,1.221257664,0.697747916
2,0,1,2,'1-2,2025-09-05,Wilfrid Laurier Golden Hawks,Brock Badgers,,Brady Hall,Ryan Facchini,R,R,Slider,Ball,,,0,-0.385432601,-0.436080593
2,0,2,2,'2-2,2025-09-05,Wilfrid Laurier Golden Hawks,Brock Badgers,,Brady Hall,Ryan Facchini,R,R,Cutter,Strikeout Swinging,,,0,0.737314813,-0.160284469
2,1,0,0,'0-0,2025-09-05,Wilfrid Laurier Golden Hawks,Brock Badgers,,Peter Dineen,Ryan Facchini,R,R,Fastball,Ball,,,0,-1.00487945,-0.221572497
2,1,1,0,'1-0,2025-09-05,Wilfrid Laurier Golden Hawks,Brock Badgers,,Peter Dineen,Ryan Facchini,R,R,Fastball,Ball,,,0,-1.062952592,-0.382453569
2,1,2,0,'2-0,2025-09-05,Wilfrid Laurier Golden Hawks,Brock Badgers,,Peter Dineen,Ryan Facchini,R,R,Cutter,Lineout,Line Drive,Opposite Field,0,0.717957099,0.444934802
2,2,0,0,'0-0,2025-09-05,Wilfrid Laurier Golden Hawks,Brock Badgers,,Brendan Boys,Ryan Facchini,R,R,Cutter,Ball,,,0,-0.462863457,-0.244555507
2,2,1,0,'1-0,2025-09-05,Wilfrid Laurier Golden Hawks,Brock Badgers,,Brendan Boys,Ryan Facchini,R,R,Fastball,Ball,,,0,-1.082310306,-0.305843534
2,2,2,0,'2-0,2025-09-05,Wilfrid Laurier Golden Hawks,Brock Badgers,,Brendan Boys,Ryan Facchini,R,R,Fastball,Ball,,,0,-1.450106873,0.100189648
2,2,3,0,'3-0,2025-09-05,Wilfrid Laurier Golden Hawks,Brock Badgers,,Brendan Boys,Ryan Facchini,R,R,Cutter,Called Strike,,,0,-0.637082884,0.644120892
2,2,3,1,'3-1,2025-09-05,Wilfrid Laurier Golden Hawks,Brock Badgers,,Brendan Boys,Ryan Facchini,R,R,Cutter,Swinging Strike,,,0,-0.366074887,0.429612795
2,2,3,2,'3-2,2025-09-05,Wilfrid Laurier Golden Hawks,Brock Badgers,,Brendan Boys,Ryan Facchini,R,R,Cutter,Foul,,,0,0.369518246,-0.160284469
2,2,3,2,'3-2,2025-09-05,Wilfrid Laurier Golden Hawks,Brock Badgers,,Brendan Boys,Ryan Facchini,R,R,Fastball,Foul,,,0,-0.211213175,0.337680754
2,2,3,2,'3-2,2025-09-05,Wilfrid Laurier Golden Hawks,Brock Badgers,,Brendan Boys,Ryan Facchini,R,R,Slider,Walk,,,0,-0.598367455,-0.290521528
2,2,0,0,'0-0,2025-09-05,Wilfrid Laurier Golden Hawks,Brock Badgers,1.21,Johnny Banks,Ryan Facchini,R,R,Fastball,Ball,,,100,0.679241671,1.226357153
2,2,1,0,'1-0,2025-09-05,Wilfrid Laurier Golden Hawks,Brock Badgers,,Johnny Banks,Ryan Facchini,R,R,Fastball,Swinging Strike,,,10,0.524379959,0.850967984
2,2,1,1,'1-1,2025-09-05,Wilfrid Laurier Golden Hawks,Brock Badgers,,Johnny Banks,Ryan Facchini,R,R,Fastball,Popout,Pop Up,Opposite Field,10,-0.269286317,0.621137881
2,0,0,0,'0-0,2025-09-05,Brock Badgers,Wilfrid Laurier Golden Hawks,,Nolan Phelan,Liam Conlin,R,R,Breaking Ball,Swinging Strike,,,0,0.234014248,0.299375737
2,0,0,1,'0-1,2025-09-05,Brock Badgers,Wilfrid Laurier Golden Hawks,,Nolan Phelan,Liam Conlin,R,R,Breaking Ball,Ball,,,0,0.311445104,-0.382453569
2,0,1,1,'1-1,2025-09-05,Brock Badgers,Wilfrid Laurier Golden Hawks,,Nolan Phelan,Liam Conlin,R,R,Breaking Ball,Single,Line Drive,Pull,0,-0.211213175,0.667103902
2,0,0,0,'0-0,2025-09-05,Brock Badgers,Wilfrid Laurier Golden Hawks,1.32,Gavin Taylor,Liam Conlin,R,R,Fastball,Foul,,,100,-0.637082884,0.820323971
2,0,0,1,'0-1,2025-09-05,Brock Badgers,Wilfrid Laurier Golden Hawks,,Gavin Taylor,Liam Conlin,R,R,Fastball,Ball,,,100,-1.488822301,-0.25221651
2,0,1,1,'1-1,2025-09-05,Brock Badgers,Wilfrid Laurier Golden Hawks,,Gavin Taylor,Liam Conlin,R,R,Breaking Ball,Ball,,,10,1.472907946,0.031240617
2,0,2,1,'2-1,2025-09-05,Brock Badgers,Wilfrid Laurier Golden Hawks,,Gavin Taylor,Liam Conlin,R,R,Fastball,Ball,,,10,-1.140383448,0.276392727
2,0,3,1,'3-1,2025-09-05,Brock Badgers,Wilfrid Laurier Golden Hawks,,Gavin Taylor,Liam Conlin,R,R,Fastball,Foul,,,10,-0.346717173,0.444934802
2,0,3,2,'3-2,2025-09-05,Brock Badgers,Wilfrid Laurier Golden Hawks,,Gavin Taylor,Liam Conlin,R,R,Fastball,Hit By Pitch,,,10,-1.663041727,1.011849056
2,0,0,0,'0-0,2025-09-05,Brock Badgers,Wilfrid Laurier Golden Hawks,,Nate Parsons,Liam Conlin,L,R,Breaking Ball,Foul,,,110,0.38887596,0.406629785
2,0,0,1,'0-1,2025-09-05,Brock Badgers,Wilfrid Laurier Golden Hawks,,Nate Parsons,Liam Conlin,L,R,Fastball,Ball,,,110,-1.19845659,0.199782692
2,0,1,1,'1-1,2025-09-05,Brock Badgers,Wilfrid Laurier Golden Hawks,,Nate Parsons,Liam Conlin,L,R,Fastball,Swinging Strike,,,110,-0.733871454,0.697747916
2,0,1,2,'1-2,2025-09-05,Brock Badgers,Wilfrid Laurier Golden Hawks,,Nate Parsons,Liam Conlin,L,R,Fastball,Ball,,,110,-0.637082884,1.226357153
2,0,2,2,'2-2,2025-09-05,Brock Badgers,Wilfrid Laurier Golden Hawks,,Nate Parsons,Liam Conlin,L,R,Offspeed,Strikeout Swinging,,,110,-0.675798312,0.176799682
2,1,0,0,'0-0,2025-09-05,Brock Badgers,Wilfrid Laurier Golden Hawks,1.34,Adam Geddes,Liam Conlin,L,R,Breaking Ball,Called Strike,,,100,0.543737673,0.161477675
2,1,0,1,'0-1,2025-09-05,Brock Badgers,Wilfrid Laurier Golden Hawks,,Adam Geddes,Liam Conlin,L,R,Offspeed,Swinging Strike,,,100,-1.488822301,-0.114318449
2,1,0,2,'0-2,2025-09-05,Brock Badgers,Wilfrid Laurier Golden Hawks,,Adam Geddes,Liam Conlin,L,R,Offspeed,Single,Line Drive,Pull,1,0.253371962,0.245748713
2,1,0,0,'0-0,2025-09-05,Brock Badgers,Wilfrid Laurier Golden Hawks,1.34,Caleb Feuerstake,Liam Conlin,L,R,Breaking Ball,Called Strike,,,100,-1.217814305,0.199782692
2,1,0,1,'0-1,2025-09-05,Brock Badgers,Wilfrid Laurier Golden Hawks,,Caleb Feuerstake,Liam Conlin,L,R,Breaking Ball,Ball,,,10,0.679241671,-0.336487548
2,1,1,1,'1-1,2025-09-05,Brock Badgers,Wilfrid Laurier Golden Hawks,,Caleb Feuerstake,Liam Conlin,L,R,Fastball,Called Strike,,,10,-0.695156026,0.084867641
2,1,1,2,'1-2,2025-09-05,Brock Badgers,Wilfrid Laurier Golden Hawks,,Caleb Feuerstake,Liam Conlin,L,R,Breaking Ball,Strikeout Looking,,,1,-0.753229168,0.483239819
2,2,0,0,'0-0,2025-09-05,Brock Badgers,Wilfrid Laurier Golden Hawks,,Reid Lunney,Liam Conlin,L,R,Fastball,Called Strike,,,1,0.00172168,0.28405373
2,2,0,1,'0-1,2025-09-05,Brock Badgers,Wilfrid Laurier Golden Hawks,,Reid Lunney,Liam Conlin,L,R,Fastball,Called Strike,,,1,-0.520936599,0.054223627
2,2,0,2,'0-2,2025-09-05,Brock Badgers,Wilfrid Laurier Golden Hawks,,Reid Lunney,Liam Conlin,L,R,Fastball,Foul,,,1,-0.249928603,0.835645977
2,2,0,2,'0-2,2025-09-05,Brock Badgers,Wilfrid Laurier Golden Hawks,,Reid Lunney,Liam Conlin,L,R,Fastball,Ball,,,1,-0.675798312,1.257001166
2,2,1,2,'1-2,2025-09-05,Brock Badgers,Wilfrid Laurier Golden Hawks,,Reid Lunney,Liam Conlin,L,R,Fastball,Strikeout Swinging,,,1,-0.520936599,1.06547608
3,0,0,0,'0-0,2025-09-05,Wilfrid Laurier Golden Hawks,Brock Badgers,,Jack Symington,Ryan Facchini,R,R,Slider,Called Strike,,,0,-0.191855461,0.52920584
3,0,0,1,'0-1,2025-09-05,Wilfrid Laurier Golden Hawks,Brock Badgers,,Jack Symington,Ryan Facchini,R,R,Cutter,Foul,,,0,0.505022245,-0.152623466
3,0,0,2,'0-2,2025-09-05,Wilfrid Laurier Golden Hawks,Brock Badgers,,Jack Symington,Ryan Facchini,R,R,Fastball,Foul,,,0,-0.695156026,0.598154871
3,0,0,2,'0-2,2025-09-05,Wilfrid Laurier Golden Hawks,Brock Badgers,,Jack Symington,Ryan Facchini,R,R,Cutter,Ball,,,0,1.511623374,0.084867641
3,0,1,2,'1-2,2025-09-05,Wilfrid Laurier Golden Hawks,Brock Badgers,,Jack Symington,Ryan Facchini,R,R,Fastball,Foul,,,0,-0.172497747,0.215104699
3,0,1,2,'1-2,2025-09-05,Wilfrid Laurier Golden Hawks,Brock Badgers,,Jack Symington,Ryan Facchini,R,R,Cutter,Popout,Pop Up,Straightaway,0,-0.559652027,0.383646775
3,1,0,0,'0-0,2025-09-05,Wilfrid Laurier Golden Hawks,Brock Badgers,,Ash Abols,Ryan Facchini,R,R,Cutter,Single,Pop Up,Opposite Field,0,-0.772586882,0.176799682
3,1,0,0,'0-0,2025-09-05,Wilfrid Laurier Golden Hawks,Brock Badgers,1.23,Davis Llewellyn,Ryan Facchini,L,R,Fastball,Ball,,,100,-0.443505743,1.080798087
3,1,1,0,'1-0,2025-09-05,Wilfrid Laurier Golden Hawks,Brock Badgers,,Davis Llewellyn,Ryan Facchini,L,R,Changeup,Called Strike,,,100,-0.695156026,0.138494665
3,1,1,1,'1-1,2025-09-05,Wilfrid Laurier Golden Hawks,Brock Badgers,,Davis Llewellyn,Ryan Facchini,L,R,Fastball,Ball,,,100,0.137225678,1.073137084
3,1,2,1,'2-1,2025-09-05,Wilfrid Laurier Golden Hawks,Brock Badgers,,Davis Llewellyn,Ryan Facchini,L,R,Cutter,Foul,,,100,-0.230570889,0.483239819
3,1,2,2,'2-2,2025-09-05,Wilfrid Laurier Golden Hawks,Brock Badgers,,Davis Llewellyn,Ryan Facchini,L,R,Changeup,Ball,,,100,-1.333960589,0.850967984
3,1,3,2,'3-2,2025-09-05,Wilfrid Laurier Golden Hawks,Brock Badgers,,Davis Llewellyn,Ryan Facchini,L,R,Cutter,Double,Fly Ball,Pull,100,-0.288644031,0.820323971
3,1,0,0,'0-0,2025-09-05,Wilfrid Laurier Golden Hawks,Brock Badgers,,Lucas Bateman,Ryan Facchini,R,R,Fastball,Swinging Strike,,,11,-0.559652027,0.467917813
3,1,0,1,'0-1,2025-09-05,Wilfrid Laurier Golden Hawks,Brock Badgers,,Lucas Bateman,Ryan Facchini,R,R,Fastball,Ball,,,11,-0.733871454,-0.144962462
3,1,1,1,'1-1,2025-09-05,Wilfrid Laurier Golden Hawks,Brock Badgers,,Lucas Bateman,Ryan Facchini,R,R,Fastball,Single,Ground Ball,Straightaway,11,0.29208739,0.812662967
3,1,0,0,'0-0,2025-09-05,Wilfrid Laurier Golden Hawks,Brock Badgers,,Jack Larmer,Ryan Facchini,R,R,Fastball,Ball,,,100,0.717957099,0.23808771
3,1,1,0,'1-0,2025-09-05,Wilfrid Laurier Golden Hawks,Brock Badgers,,Jack Larmer,Ryan Facchini,R,R,Fastball,Popout,Pop Up,Opposite Field,10,-0.249928603,0.958222032
3,2,0,0,'0-0,2025-09-05,Wilfrid Laurier Golden Hawks,Brock Badgers,,Brady Hall,Ryan Facchini,R,R,Cutter,Called Strike,,,10,0.446949103,0.146155668
3,2,0,1,'0-1,2025-09-05,Wilfrid Laurier Golden Hawks,Brock Badgers,,Brady Hall,Ryan Facchini,R,R,Cutter,Ball,,,10,0.408233674,-0.305843534
3,2,1,1,'1-1,2025-09-05,Wilfrid Laurier Golden Hawks,Brock Badgers,,Brady Hall,Ryan Facchini,R,R,Cutter,Swinging Strike,,,10,-0.482221171,0.651781895
3,2,1,2,'1-2,2025-09-05,Wilfrid Laurier Golden Hawks,Brock Badgers,,Brady Hall,Ryan Facchini,R,R,Cutter,Ball,,,10,0.234014248,-0.2292335
3,2,2,2,'2-2,2025-09-05,Wilfrid Laurier Golden Hawks,Brock Badgers,,Brady Hall,Ryan Facchini,R,R,Cutter,Ball,,,10,0.698599385,1.088459091
3,2,3,2,'3-2,2025-09-05,Wilfrid Laurier Golden Hawks,Brock Badgers,,Brady Hall,Ryan Facchini,R,R,Cutter,Foul,,,10,0.640526243,0.743713936
3,2,3,2,'3-2,2025-09-05,Wilfrid Laurier Golden Hawks,Brock Badgers,,Brady Hall,Ryan Facchini,R,R,Fastball,Hit By Pitch,,,10,-1.430749159,0.79734096
3,2,0,0,'0-0,2025-09-05,Wilfrid Laurier Golden Hawks,Brock Badgers,,Peter Dineen,Ryan Facchini,R,R,Cutter,Called Strike,,,110,-0.637082884,1.073137084
3,2,0,1,'0-1,2025-09-05,Wilfrid Laurier Golden Hawks,Brock Badgers,,Peter Dineen,Ryan Facchini,R,R,Cutter,Foul,,,110,-0.617725169,0.437273799
3,2,0,2,'0-2,2025-09-05,Wilfrid Laurier Golden Hawks,Brock Badgers,,Peter Dineen,Ryan Facchini,R,R,Cutter,Strikeout Swinging,,,110,0.698599385,-0.20625049
3,0,0,0,'0-0,2025-09-05,Brock Badgers,Wilfrid Laurier Golden Hawks,,Jaden Leeder,Liam Conlin,R,R,Fastball,Ball,,,0,-0.617725169,-0.282860524
3,0,1,0,'1-0,2025-09-05,Brock Badgers,Wilfrid Laurier Golden Hawks,,Jaden Leeder,Liam Conlin,R,R,Fastball,Foul,,,0,-0.249928603,0.52920584
3,0,1,1,'1-1,2025-09-05,Brock Badgers,Wilfrid Laurier Golden Hawks,,Jaden Leeder,Liam Conlin,R,R,Breaking Ball,Ball,,,0,1.318046234,0.782018953
3,0,2,1,'2-1,2025-09-05,Brock Badgers,Wilfrid Laurier Golden Hawks,,Jaden Leeder,Liam Conlin,R,R,Fastball,Swinging Strike,,,0,-0.191855461,0.291714734
3,0,2,2,'2-2,2025-09-05,Brock Badgers,Wilfrid Laurier Golden Hawks,,Jaden Leeder,Liam Conlin,R,R,Fastball,Strikeout Swinging,,,0,0.543737673,0.651781895
3,1,0,0,'0-0,2025-09-05,Brock Badgers,Wilfrid Laurier Golden Hawks,,Cole Carpenter,Liam Conlin,R,R,Breaking Ball,Called Strike,,,0,0.19529882,0.736052933
3,1,0,1,'0-1,2025-09-05,Brock Badgers,Wilfrid Laurier Golden Hawks,,Cole Carpenter,Liam Conlin,R,R,Fastball,Ball,,,0,1.39547709,0.667103902
3,1,1,1,'1-1,2025-09-05,Brock Badgers,Wilfrid Laurier Golden Hawks,,Cole Carpenter,Liam Conlin,R,R,Fastball,Foul,,,0,-0.675798312,0.353002761
3,1,1,2,'1-2,2025-09-05,Brock Badgers,Wilfrid Laurier Golden Hawks,,Cole Carpenter,Liam Conlin,R,R,Breaking Ball,Ball,,,0,1.027680524,-0.321165541
3,1,2,2,'2-2,2025-09-05,Brock Badgers,Wilfrid Laurier Golden Hawks,,Cole Carpenter,Liam Conlin,R,R,Fastball,Flyout,Fly Ball,Pull,0,-0.559652027,0.28405373
3,2,0,0,'0-0,2025-09-05,Brock Badgers,Wilfrid Laurier Golden Hawks,,Flynn Matheson,Liam Conlin,R,R,Breaking Ball,Swinging Strike,,,0,0.582453101,-0.167945473
3,2,0,1,'0-1,2025-09-05,Brock Badgers,Wilfrid Laurier Golden Hawks,,Flynn Matheson,Liam Conlin,R,R,Fastball,Foul,,,0,0.601810815,0.291714734
3,2,0,2,'0-2,2025-09-05,Brock Badgers,Wilfrid Laurier Golden Hawks,,Flynn Matheson,Liam Conlin,R,R,Breaking Ball,Ball,,,0,-0.462863457,1.103781098
3,2,1,2,'1-2,2025-09-05,Brock Badgers,Wilfrid Laurier Golden Hawks,,Flynn Matheson,Liam Conlin,R,R,Breaking Ball,Ball,,,0,-0.056351462,1.073137084
3,2,2,2,'2-2,2025-09-05,Brock Badgers,Wilfrid Laurier Golden Hawks,,Flynn Matheson,Liam Conlin,R,R,Fastball,Foul,,,0,0.369518246,0.391307778
3,2,2,2,'2-2,2025-09-05,Brock Badgers,Wilfrid Laurier Golden Hawks,,Flynn Matheson,Liam Conlin,R,R,Breaking Ball,Foul,,,0,0.640526243,0.759035943
3,2,2,2,'2-2,2025-09-05,Brock Badgers,Wilfrid Laurier Golden Hawks,,Flynn Matheson,Liam Conlin,R,R,Fastball,Strikeout Looking,,,0,0.717957099,0.368324768
4,0,0,0,'0-0,2025-09-05,Wilfrid Laurier Golden Hawks,Brock Badgers,,Brendan Boys,Ryan Facchini,R,R,Cutter,Ball,,,0,0.040437108,-0.321165541
4,0,1,0,'1-0,2025-09-05,Wilfrid Laurier Golden Hawks,Brock Badgers,,Brendan Boys,Ryan Facchini,R,R,Fastball,Ball,,,0,-1.179098876,-0.305843534
4,0,2,0,'2-0,2025-09-05,Wilfrid Laurier Golden Hawks,Brock Badgers,,Brendan Boys,Ryan Facchini,R,R,Cutter,Foul,,,0,0.253371962,0.291714734
4,0,2,1,'2-1,2025-09-05,Wilfrid Laurier Golden Hawks,Brock Badgers,,Brendan Boys,Ryan Facchini,R,R,Cutter,Ball,,,0,-0.366074887,1.103781098
4,0,3,1,'3-1,2025-09-05,Wilfrid Laurier Golden Hawks,Brock Badgers,,Brendan Boys,Ryan Facchini,R,R,Cutter,Walk,,,0,1.956850797,0.483239819
4,0,0,0,'0-0,2025-09-05,Wilfrid Laurier Golden Hawks,Brock Badgers,,Johnny Banks,Ryan Facchini,R,R,Fastball,Sacrifice Bunt,Ground Ball,Pull,100,-0.424148029,0.429612795
4,1,0,0,'0-0,2025-09-05,Wilfrid Laurier Golden Hawks,Brock Badgers,,Jack Symington,Ryan Facchini,R,R,Fastball,Ball,,,10,-0.036993748,1.111442101
4,1,1,0,'1-0,2025-09-05,Wilfrid Laurier Golden Hawks,Brock Badgers,,Jack Symington,Ryan Facchini,R,R,Cutter,Single,Fly Ball,Pull,10,-0.269286317,0.123172658
4,1,0,0,'0-0,2025-09-05,Wilfrid Laurier Golden Hawks,Brock Badgers,,Ash Abols,Ryan Facchini,R,R,Fastball,Foul,,,101,-0.443505743,-0.221572497
4,1,0,1,'0-1,2025-09-05,Wilfrid Laurier Golden Hawks,Brock Badgers,,Ash Abols,Ryan Facchini,R,R,Cutter,Swinging Strike,,,101,-0.520936599,-0.114318449
4,1,0,2,'0-2,2025-09-05,Wilfrid Laurier Golden Hawks,Brock Badgers,,Ash Abols,Ryan Facchini,R,R,Slider,Ball,,,101,0.756672527,-0.083674435
4,1,1,2,'1-2,2025-09-05,Wilfrid Laurier Golden Hawks,Brock Badgers,,Ash Abols,Ryan Facchini,R,R,Cutter,Strikeout Looking,,,11,-0.617725169,0.720730926
4,2,0,0,'0-0,2025-09-05,Wilfrid Laurier Golden Hawks,Brock Badgers,,Davis Llewellyn,Ryan Facchini,L,R,Cutter,Single,Ground Ball,Pull,11,-0.559652027,0.291714734
4,2,0,0,'0-0,2025-09-05,Wilfrid Laurier Golden Hawks,Brock Badgers,,Lucas Bateman,Ryan Facchini,R,R,Fastball,Called Strike,,,100,-0.772586882,0.414290789
4,2,0,1,'0-1,2025-09-05,Wilfrid Laurier Golden Hawks,Brock Badgers,,Lucas Bateman,Ryan Facchini,R,R,Cutter,Ball,,,100,-1.19845659,0.613476878
4,2,1,1,'1-1,2025-09-05,Wilfrid Laurier Golden Hawks,Brock Badgers,,Lucas Bateman,Ryan Facchini,R,R,Cutter,Foul,,,100,-0.540294313,-0.060691424
4,2,1,2,'1-2,2025-09-05,Wilfrid Laurier Golden Hawks,Brock Badgers,,Lucas Bateman,Ryan Facchini,R,R,Slider,Popout,Pop Up,Straightaway,100,-0.133782319,0.843306981
4,0,0,0,'0-0,2025-09-05,Brock Badgers,Wilfrid Laurier Golden Hawks,,Nolan Phelan,Liam Conlin,R,R,Breaking Ball,Swinging Strike,,,0,-1.179098876,0.421951792
4,0,0,1,'0-1,2025-09-05,Brock Badgers,Wilfrid Laurier Golden Hawks,,Nolan Phelan,Liam Conlin,R,R,Breaking Ball,Ball,,,0,0.079152536,-0.344148552
4,0,1,1,'1-1,2025-09-05,Brock Badgers,Wilfrid Laurier Golden Hawks,,Nolan Phelan,Liam Conlin,R,R,Breaking Ball,Ball,,,0,0.756672527,-0.321165541
4,0,2,1,'2-1,2025-09-05,Brock Badgers,Wilfrid Laurier Golden Hawks,,Nolan Phelan,Liam Conlin,R,R,Fastball,Double,Line Drive,Straightaway,0,0.19529882,0.460256809
4,0,0,0,'0-0,2025-09-05,Brock Badgers,Wilfrid Laurier Golden Hawks,,Gavin Taylor,Liam Conlin,R,R,Fastball,Single,Fly Ball,Pull,10,-0.133782319,0.789679957
4,0,0,0,'0-0,2025-09-05,Brock Badgers,Wilfrid Laurier Golden Hawks,,Nate Parsons,Liam Conlin,L,R,Fastball,Sacrifice Bunt,,,110,-0.249928603,0.406629785
4,1,0,0,'0-0,2025-09-05,Brock Badgers,Wilfrid Laurier Golden Hawks,,Adam Geddes,Liam Conlin,L,R,Fastball,Ball,,,11,-0.753229168,-0.313504538
4,1,1,0,'1-0,2025-09-05,Brock Badgers,Wilfrid Laurier Golden Hawks,,Adam Geddes,Liam Conlin,L,R,Fastball,Single,Ground Ball,Straightaway,11,-0.346717173,0.559849854
4,1,0,0,'0-0,2025-09-05,Brock Badgers,Wilfrid Laurier Golden Hawks,,Caleb Feuerstake,Nathan Mazer,L,L,Fastball,Ball,,,100,-1.411391445,0.276392727
4,1,1,0,'1-0,2025-09-05,Brock Badgers,Wilfrid Laurier Golden Hawks,,Caleb Feuerstake,Nathan Mazer,L,L,Fastball,Ball,,,10,-1.488822301,-0.267538517
4,1,2,0,'2-0,2025-09-05,Brock Badgers,Wilfrid Laurier Golden Hawks,,Caleb Feuerstake,Nathan Mazer,L,L,Fastball,Ball,,,10,0.09851025,1.203374142
4,1,3,0,'3-0,2025-09-05,Brock Badgers,Wilfrid Laurier Golden Hawks,,Caleb Feuerstake,Nathan Mazer,L,L,Fastball,Walk,,,10,-0.791944596,-0.459063603
4,1,0,0,'0-0,2025-09-05,Brock Badgers,Wilfrid Laurier Golden Hawks,,Reid Lunney,Nathan Mazer,L,L,Breaking Ball,Called Strike,,,101,0.079152536,0.866289991
4,1,0,1,'0-1,2025-09-05,Brock Badgers,Wilfrid Laurier Golden Hawks,,Reid Lunney,Nathan Mazer,L,L,Fastball,Ball,,,101,-1.721114869,-0.083674435
4,1,1,1,'1-1,2025-09-05,Brock Badgers,Wilfrid Laurier Golden Hawks,,Reid Lunney,Nathan Mazer,L,L,Breaking Ball,Ball,,,11,0.543737673,1.088459091
4,1,2,1,'2-1,2025-09-05,Brock Badgers,Wilfrid Laurier Golden Hawks,,Reid Lunney,Nathan Mazer,L,L,Fastball,Ball,,,11,-0.772586882,0.192121689
4,1,3,1,'3-1,2025-09-05,Brock Badgers,Wilfrid Laurier Golden Hawks,,Reid Lunney,Nathan Mazer,L,L,Fastball,Walk,,,11,-1.275887447,-0.175606476
4,1,0,0,'0-0,2025-09-05,Brock Badgers,Wilfrid Laurier Golden Hawks,,Jaden Leeder,Nathan Mazer,R,L,Breaking Ball,Called Strike,,,111,0.137225678,0.475578816
4,1,0,1,'0-1,2025-09-05,Brock Badgers,Wilfrid Laurier Golden Hawks,,Jaden Leeder,Nathan Mazer,R,L,Breaking Ball,Called Strike,,,111,-0.249928603,1.073137084
4,1,0,2,'0-2,2025-09-05,Brock Badgers,Wilfrid Laurier Golden Hawks,,Jaden Leeder,Nathan Mazer,R,L,Breaking Ball,Ball,,,111,1.337403948,0.398968782
4,1,1,2,'1-2,2025-09-05,Brock Badgers,Wilfrid Laurier Golden Hawks,,Jaden Leeder,Nathan Mazer,R,L,Fastball,Strikeout Swinging,,,111,-0.617725169,-0.2292335
4,2,0,0,'0-0,2025-09-05,Brock Badgers,Wilfrid Laurier Golden Hawks,,Cole Carpenter,Nathan Mazer,R,L,Fastball,Hit By Pitch,,,111,-1.604968585,0.199782692
4,2,0,0,'0-0,2025-09-05,Brock Badgers,Wilfrid Laurier Golden Hawks,,Flynn Matheson,Nathan Mazer,R,L,Breaking Ball,Ball,,,111,1.608411945,0.988866046
4,2,1,0,'1-0,2025-09-05,Brock Badgers,Wilfrid Laurier Golden Hawks,,Flynn Matheson,Nathan Mazer,R,L,Breaking Ball,Ball,,,111,1.995566225,0.981205043
4,2,2,0,'2-0,2025-09-05,Brock Badgers,Wilfrid Laurier Golden Hawks,,Flynn Matheson,Nathan Mazer,R,L,Fastball,Foul,,,111,0.408233674,0.23808771
4,2,2,1,'2-1,2025-09-05,Brock Badgers,Wilfrid Laurier Golden Hawks,,Flynn Matheson,Nathan Mazer,R,L,Breaking Ball,Ball,,,111,1.763273657,0.927578019
4,2,3,1,'3-1,2025-09-05,Brock Badgers,Wilfrid Laurier Golden Hawks,,Flynn Matheson,Nathan Mazer,R,L,Fastball,Double,Line Drive,Straightaway,111,0.19529882,0.30703674
4,2,0,0,'0-0,2025-09-05,Brock Badgers,Wilfrid Laurier Golden Hawks,,Nolan Phelan,Ben Rae,R,R,Breaking Ball,Ball,,,10,0.988965095,-0.351809555
4,2,1,0,'1-0,2025-09-05,Brock Badgers,Wilfrid Laurier Golden Hawks,,Nolan Phelan,Ben Rae,R,R,Fastball,Swinging Strike,,,10,-0.211213175,0.467917813
4,2,1,1,'1-1,2025-09-05,Brock Badgers,Wilfrid Laurier Golden Hawks,,Nolan Phelan,Ben Rae,R,R,Breaking Ball,Ball,,,10,1.240615378,-0.305843534
4,2,2,1,'2-1,2025-09-05,Brock Badgers,Wilfrid Laurier Golden Hawks,,Nolan Phelan,Ben Rae,R,R,Breaking Ball,Popout,Pop Up,Opposite Field,10,-0.269286317,0.30703674
5,0,0,0,'0-0,2025-09-05,Wilfrid Laurier Golden Hawks,Brock Badgers,,Jack Larmer,Brady Campbell,R,R,Fastball,Ball,,,0,-0.520936599,-0.436080593
5,0,1,0,'1-0,2025-09-05,Wilfrid Laurier Golden Hawks,Brock Badgers,,Jack Larmer,Brady Campbell,R,R,Fastball,Ball,,,0,-0.404790315,1.126764108
5,0,2,0,'2-0,2025-09-05,Wilfrid Laurier Golden Hawks,Brock Badgers,,Jack Larmer,Brady Campbell,R,R,Fastball,Single,Ground Ball,Pull,0,-0.327359459,0.452595806
5,0,0,0,'0-0,2025-09-05,Wilfrid Laurier Golden Hawks,Brock Badgers,1.27,Brady Hall,Brady Campbell,R,R,Fastball,Foul,,,100,0.253371962,0.176799682
5,0,0,1,'0-1,2025-09-05,Wilfrid Laurier Golden Hawks,Brock Badgers,1.18,Brady Hall,Brady Campbell,R,R,Fastball,Called Strike,,,100,-0.675798312,0.092528644
5,0,0,2,'0-2,2025-09-05,Wilfrid Laurier Golden Hawks,Brock Badgers,1.19,Brady Hall,Brady Campbell,R,R,Fastball,Hit By Pitch,,,100,-1.488822301,0.873950995
5,0,0,0,'0-0,2025-09-05,Wilfrid Laurier Golden Hawks,Brock Badgers,,Peter Dineen,Brady Campbell,R,R,Fastball,Foul,,,110,0.234014248,0.927578019
5,0,0,1,'0-1,2025-09-05,Wilfrid Laurier Golden Hawks,Brock Badgers,,Peter Dineen,Brady Campbell,R,R,Curveball,Called Strike,,,110,-0.114424605,0.322358747
5,0,0,2,'0-2,2025-09-05,Wilfrid Laurier Golden Hawks,Brock Badgers,,Peter Dineen,Brady Campbell,R,R,Fastball,Ball,,,110,-1.295245161,0.360663764
5,0,1,2,'1-2,2025-09-05,Wilfrid Laurier Golden Hawks,Brock Badgers,,Peter Dineen,Brady Campbell,R,R,Curveball,Error,Ground Ball,Opposite Field,110,0.640526243,0.207443696
5,0,0,0,'0-0,2025-09-05,Wilfrid Laurier Golden Hawks,Brock Badgers,,Brendan Boys,Brady Campbell,R,R,Fastball,Foul,,,111,-0.249928603,0.406629785
5,0,0,1,'0-1,2025-09-05,Wilfrid Laurier Golden Hawks,Brock Badgers,,Brendan Boys,Brady Campbell,R,R,Fastball,Ball,,,111,1.182542236,0.345341758
5,0,1,1,'1-1,2025-09-05,Wilfrid Laurier Golden Hawks,Brock Badgers,,Brendan Boys,Brady Campbell,R,R,Fastball,Foul,,,111,0.38887596,0.169138679
5,0,1,2,'1-2,2025-09-05,Wilfrid Laurier Golden Hawks,Brock Badgers,,Brendan Boys,Brady Campbell,R,R,Fastball,Ball,,,111,0.446949103,1.295306183
5,0,2,2,'2-2,2025-09-05,Wilfrid Laurier Golden Hawks,Brock Badgers,,Brendan Boys,Brady Campbell,R,R,Curveball,Groundout,Ground Ball,Pull,111,0.059794822,0.153816672
5,1,0,0,'0-0,2025-09-05,Wilfrid Laurier Golden Hawks,Brock Badgers,,Johnny Banks,Brady Campbell,R,R,Fastball,Swinging Strike,,,11,0.485664531,0.651781895
5,1,0,1,'0-1,2025-09-05,Wilfrid Laurier Golden Hawks,Brock Badgers,,Johnny Banks,Brady Campbell,R,R,Fastball,Groundout,Ground Ball,Opposite Field,11,0.427591388,0.827984974
5,2,0,0,'0-0,2025-09-05,Wilfrid Laurier Golden Hawks,Brock Badgers,,Jack Symington,Brady Campbell,R,R,Curveball,Called Strike,,,1,-0.617725169,0.368324768
5,2,0,1,'0-1,2025-09-05,Wilfrid Laurier Golden Hawks,Brock Badgers,,Jack Symington,Brady Campbell,R,R,Curveball,Foul,,,1,0.330802818,0.391307778
5,2,0,2,'0-2,2025-09-05,Wilfrid Laurier Golden Hawks,Brock Badgers,,Jack Symington,Brady Campbell,R,R,Fastball,Strikeout Swinging,,,1,0.601810815,0.375985771
5,0,0,0,'0-0,2025-09-05,Brock Badgers,Wilfrid Laurier Golden Hawks,,Gavin Taylor,Ben Rae,R,R,Fastball,Ball,,,0,0.3667,-0.162091873
5,0,1,0,'1-0,2025-09-05,Brock Badgers,Wilfrid Laurier Golden Hawks,,Gavin Taylor,Ben Rae,R,R,Fastball,Ball,,,0,0.1075,-0.337944876
5,0,2,0,'2-0,2025-09-05,Brock Badgers,Wilfrid Laurier Golden Hawks,,Gavin Taylor,Ben Rae,R,R,Fastball,Called Strike,,,0,0.4963,0.321503887
5,0,2,1,'2-1,2025-09-05,Brock Badgers,Wilfrid Laurier Golden Hawks,,Gavin Taylor,Ben Rae,R,R,Breaking Ball,Foul,,,0,-0.392385714,0.783118021
5,0,2,2,'2-2,2025-09-05,Brock Badgers,Wilfrid Laurier Golden Hawks,,Gavin Taylor,Ben Rae,R,R,Breaking Ball,Ball,,,0,1.162814286,-0.389235336
5,0,3,2,'3-2,2025-09-05,Brock Badgers,Wilfrid Laurier Golden Hawks,,Gavin Taylor,Ben Rae,R,R,Fastball,Single,Ground Ball,Pull,0,-0.355357143,0.409430389
5,0,0,0,'0-0,2025-09-05,Brock Badgers,Wilfrid Laurier Golden Hawks,1.13,Liam Riley,Ben Rae,R,R,Fastball,Ball,,,100,-1.392157143,0.805099647
5,0,1,0,'1-0,2025-09-05,Brock Badgers,Wilfrid Laurier Golden Hawks,1.17,Liam Riley,Ben Rae,R,R,Fastball,Called Strike,,,100,0.514814286,0.196941343
5,0,1,1,'1-1,2025-09-05,Brock Badgers,Wilfrid Laurier Golden Hawks,,Liam Riley,Ben Rae,R,R,Fastball,Called Strike,,,100,0.699957143,0.336158304
5,0,1,2,'1-2,2025-09-05,Brock Badgers,Wilfrid Laurier Golden Hawks,,Liam Riley,Ben Rae,R,R,Breaking Ball,Ball,,,10,1.866357143,0.761136396
5,0,2,2,'2-2,2025-09-05,Brock Badgers,Wilfrid Laurier Golden Hawks,,Liam Riley,Ben Rae,R,R,Fastball,Strikeout Swinging,,,10,-0.059128571,0.570628975
5,1,0,0,'0-0,2025-09-05,Brock Badgers,Wilfrid Laurier Golden Hawks,,Adam Geddes,Ben Rae,L,R,Fastball,Ball,,,10,-1.595814286,0.174959717
5,1,1,0,'1-0,2025-09-05,Brock Badgers,Wilfrid Laurier Golden Hawks,,Adam Geddes,Ben Rae,L,R,Fastball,Ball,,,10,-0.1517,1.120169611
5,1,2,0,'2-0,2025-09-05,Brock Badgers,Wilfrid Laurier Golden Hawks,,Adam Geddes,Ben Rae,L,R,Fastball,Foul,,,10,-0.059128571,0.526665724
5,1,2,1,'2-1,2025-09-05,Brock Badgers,Wilfrid Laurier Golden Hawks,,Adam Geddes,Ben Rae,L,R,Breaking Ball,Single,Ground Ball,Pull,10,-0.2813,0.702518728
5,1,0,0,'0-0,2025-09-05,Brock Badgers,Wilfrid Laurier Golden Hawks,,,Ben Rae,L,R,,Additional Out,,,0,,
5,2,0,0,'0-0,2025-09-05,Brock Badgers,Wilfrid Laurier Golden Hawks,,Caleb Feuerstake,Ben Rae,L,R,Offspeed,Ball,,,0,-1.503242857,0.372794346
5,2,1,0,'1-0,2025-09-05,Brock Badgers,Wilfrid Laurier Golden Hawks,,Caleb Feuerstake,Ben Rae,L,R,Fastball,Ball,,,0,1.570128571,0.109014841
5,2,2,0,'2-0,2025-09-05,Brock Badgers,Wilfrid Laurier Golden Hawks,,Caleb Feuerstake,Ben Rae,L,R,Offspeed,Swinging Strike,,,0,0.181557143,0.512011307
5,2,2,1,'2-1,2025-09-05,Brock Badgers,Wilfrid Laurier Golden Hawks,,Caleb Feuerstake,Ben Rae,L,R,Breaking Ball,Ball,,,0,-0.559014286,1.134824028
5,2,3,1,'3-1,2025-09-05,Brock Badgers,Wilfrid Laurier Golden Hawks,,Caleb Feuerstake,Ben Rae,L,R,Fastball,Walk,,,0,-1.3181,0.152978092
5,2,0,0,'0-0,2025-09-05,Brock Badgers,Wilfrid Laurier Golden Hawks,,Reid Lunney,Ben Rae,L,R,Fastball,Called Strike,,,100,0.385214286,0.240904594
5,2,0,1,'0-1,2025-09-05,Brock Badgers,Wilfrid Laurier Golden Hawks,,Reid Lunney,Ben Rae,L,R,Breaking Ball,Ball,,,10,-1.299585714,0.1603053
5,2,1,1,'1-1,2025-09-05,Brock Badgers,Wilfrid Laurier Golden Hawks,,Reid Lunney,Ben Rae,L,R,Fastball,Ball,,,10,0.070471429,1.105515194
5,2,2,1,'2-1,2025-09-05,Brock Badgers,Wilfrid Laurier Golden Hawks,,Reid Lunney,Ben Rae,L,R,Fastball,Double,Line Drive,Opposite Field,10,-0.559014286,0.284867845
5,2,0,0,'0-0,2025-09-05,Brock Badgers,Wilfrid Laurier Golden Hawks,,Jaden Leeder,Ben Rae,R,R,Breaking Ball,Ball,,,10,1.699728571,-0.213382332
5,2,1,0,'1-0,2025-09-05,Brock Badgers,Wilfrid Laurier Golden Hawks,,Jaden Leeder,Ben Rae,R,R,Breaking Ball,Ball,,,10,1.162814286,-0.41854417
5,2,2,0,'2-0,2025-09-05,Brock Badgers,Wilfrid Laurier Golden Hawks,,Jaden Leeder,Ben Rae,R,R,Fastball,Ball,,,10,-0.059128571,1.259386572
5,2,3,0,'3-0,2025-09-05,Brock Badgers,Wilfrid Laurier Golden Hawks,,Jaden Leeder,Ben Rae,R,R,Fastball,Called Strike,,,10,0.422242857,0.079706007
5,2,3,1,'3-1,2025-09-05,Brock Badgers,Wilfrid Laurier Golden Hawks,,Jaden Leeder,Ben Rae,R,R,Fastball,Called Strike,,,10,0.736985714,0.834408481
5,2,3,2,'3-2,2025-09-05,Brock Badgers,Wilfrid Laurier Golden Hawks,,Jaden Leeder,Ben Rae,R,R,Fastball,Walk,,,10,1.366471429,0.893026148
5,2,0,0,'0-0,2025-09-05,Brock Badgers,Wilfrid Laurier Golden Hawks,,Cole Carpenter,21,R,R,Breaking Ball,Called Strike,,,110,0.311157143,0.416757597
5,2,0,1,'0-1,2025-09-05,Brock Badgers,Wilfrid Laurier Golden Hawks,,Cole Carpenter,21,R,R,Breaking Ball,Ball,,,110,0.792528571,-0.315963251
5,2,1,1,'1-1,2025-09-05,Brock Badgers,Wilfrid Laurier Golden Hawks,,Cole Carpenter,21,R,R,Breaking Ball,Ball,,,110,-1.521757143,0.021088339
5,2,2,1,'2-1,2025-09-05,Brock Badgers,Wilfrid Laurier Golden Hawks,,Cole Carpenter,21,R,R,Fastball,Ball,,,110,-1.410671429,0.636573852
5,2,3,1,'3-1,2025-09-05,Brock Badgers,Wilfrid Laurier Golden Hawks,,Cole Carpenter,21,R,R,Breaking Ball,Walk,,,110,0.977671429,-0.477161838
5,2,0,0,'0-0,2025-09-05,Brock Badgers,Wilfrid Laurier Golden Hawks,,Flynn Matheson,21,R,R,Fastball,Ball,,,111,1.755271429,-0.008220495
5,2,1,0,'1-0,2025-09-05,Brock Badgers,Wilfrid Laurier Golden Hawks,,Flynn Matheson,21,R,R,Fastball,Single,Line Drive,Straightaway,111,-0.133185714,0.819754064
5,2,0,0,'0-0,2025-09-05,Brock Badgers,Wilfrid Laurier Golden Hawks,,Nolan Phelan,21,R,R,Breaking Ball,Ball,,,101,0.459271429,-0.213382332
5,2,1,0,'1-0,2025-09-05,Brock Badgers,Wilfrid Laurier Golden Hawks,,Nolan Phelan,21,R,R,Fastball,Ball,,,101,0.181557143,-0.118128622
5,2,2,0,'2-0,2025-09-05,Brock Badgers,Wilfrid Laurier Golden Hawks,,Nolan Phelan,21,R,R,Fastball,Called Strike,,,101,0.459271429,0.167632509
5,2,2,1,'2-1,2025-09-05,Brock Badgers,Wilfrid Laurier Golden Hawks,,Nolan Phelan,21,R,R,Fastball,Ball,,,101,-1.225528571,1.134824028
5,2,3,1,'3-1,2025-09-05,Brock Badgers,Wilfrid Laurier Golden Hawks,,Nolan Phelan,21,R,R,Fastball,Called Strike,,,101,0.163042857,0.123669258
5,2,3,2,'3-2,2025-09-05,Brock Badgers,Wilfrid Laurier Golden Hawks,,Nolan Phelan,21,R,R,Fastball,Single,Line Drive,Pull,101,-0.373871429,0.731827562
5,2,0,0,'0-0,2025-09-05,Brock Badgers,Wilfrid Laurier Golden Hawks,,Gavin Taylor,21,R,R,Fastball,Swinging Strike,,,110,-0.262785714,0.695191519
5,2,0,1,'0-1,2025-09-05,Brock Badgers,Wilfrid Laurier Golden Hawks,,Gavin Taylor,21,R,R,Breaking Ball,Hit By Pitch,,,110,-1.632842857,0.314176678
5,2,0,0,'0-0,2025-09-05,Brock Badgers,Wilfrid Laurier Golden Hawks,,Liam Riley,21,R,R,Fastball,Ball,,,111,-0.114671429,-0.381908127
5,2,1,0,'1-0,2025-09-05,Brock Badgers,Wilfrid Laurier Golden Hawks,,Liam Riley,21,R,R,Fastball,Groundout,Ground Ball,Pull,111,-0.2813,0.915007774
6,0,0,0,'0-0,2025-09-05,Wilfrid Laurier Golden Hawks,Brock Badgers,,Ash Abols,Brady Campbell,R,R,Fastball,Ball,,,0,1.384985714,0.717173145
6,0,1,0,'1-0,2025-09-05,Wilfrid Laurier Golden Hawks,Brock Badgers,,Ash Abols,Brady Campbell,R,R,Fastball,Ball,,,0,-1.558785714,0.438739223
6,0,2,0,'2-0,2025-09-05,Wilfrid Laurier Golden Hawks,Brock Badgers,,Ash Abols,Brady Campbell,R,R,Curveball,Ball,,,0,0.588871429,-0.279327209
6,0,3,0,'3-0,2025-09-05,Wilfrid Laurier Golden Hawks,Brock Badgers,,Ash Abols,Brady Campbell,R,R,Fastball,Called Strike,,,0,-0.225757143,0.226250177
6,0,3,1,'3-1,2025-09-05,Wilfrid Laurier Golden Hawks,Brock Badgers,,Ash Abols,Brady Campbell,R,R,Fastball,Called Strike,,,0,0.3667,0.863717315
6,0,3,2,'3-2,2025-09-05,Wilfrid Laurier Golden Hawks,Brock Badgers,,Ash Abols,Brady Campbell,R,R,Fastball,Groundout,Ground Ball,Opposite Field,0,0.551842857,0.233577385
6,1,0,0,'0-0,2025-09-05,Wilfrid Laurier Golden Hawks,Brock Badgers,,Davis Llewellyn,RJ Moniz,L,L,Fastball,Single,Ground Ball,Opposite Field,0,0.329671429,0.54864735
6,1,0,0,'0-0,2025-09-05,Wilfrid Laurier Golden Hawks,Brock Badgers,,Lucas Bateman,RJ Moniz,R,L,Fastball,Foul,,,100,-0.1517,0.577956184
6,1,0,1,'0-1,2025-09-05,Wilfrid Laurier Golden Hawks,Brock Badgers,1.14,Lucas Bateman,RJ Moniz,R,L,Curveball,Ball,,,100,1.440528571,0.292195053
6,1,1,1,'1-1,2025-09-05,Wilfrid Laurier Golden Hawks,Brock Badgers,1.06,Lucas Bateman,RJ Moniz,R,L,Fastball,Double,Pop Up,Opposite Field,100,-0.447928571,0.21159576
6,1,0,0,'0-0,2025-09-05,Wilfrid Laurier Golden Hawks,Brock Badgers,1.02,Jack Larmer,RJ Moniz,R,L,Fastball,Called Strike,,,11,-0.503471429,0.350812721
6,1,0,1,'0-1,2025-09-05,Wilfrid Laurier Golden Hawks,Brock Badgers,,Jack Larmer,RJ Moniz,R,L,Fastball,Ball,,,11,1.5331,1.12749682
6,1,1,1,'1-1,2025-09-05,Wilfrid Laurier Golden Hawks,Brock Badgers,,Jack Larmer,RJ Moniz,R,L,Curveball,Swinging Strike,,,11,-0.225757143,0.123669258
6,1,1,2,'1-2,2025-09-05,Wilfrid Laurier Golden Hawks,Brock Badgers,,Jack Larmer,RJ Moniz,R,L,Fastball,Ball,,,11,-1.503242857,-0.118128622
6,1,2,2,'2-2,2025-09-05,Wilfrid Laurier Golden Hawks,Brock Badgers,,Jack Larmer,RJ Moniz,R,L,Curveball,Ball,,,11,-0.6701,-0.337944876
6,1,3,2,'3-2,2025-09-05,Wilfrid Laurier Golden Hawks,Brock Badgers,,Jack Larmer,RJ Moniz,R,L,Fastball,Walk,,,11,0.088985714,-0.330617668
6,1,0,0,'0-0,2025-09-05,Wilfrid Laurier Golden Hawks,Brock Badgers,,Brady Hall,RJ Moniz,R,L,Fastball,Called Strike,,,111,-0.484957143,0.878371731
6,1,0,1,'0-1,2025-09-05,Wilfrid Laurier Golden Hawks,Brock Badgers,,Brady Hall,RJ Moniz,R,L,Fastball,Groundout,Ground Ball,Opposite Field,111,-0.596042857,0.468048057
6,2,0,0,'0-0,2025-09-05,Wilfrid Laurier Golden Hawks,Brock Badgers,,Peter Dineen,RJ Moniz,R,L,Fastball,Ball,,,11,0.644414286,-0.140110247
6,2,1,0,'1-0,2025-09-05,Wilfrid Laurier Golden Hawks,Brock Badgers,,Peter Dineen,RJ Moniz,R,L,Fastball,Foul,,,11,-0.096157143,0.709845936
6,2,1,1,'1-1,2025-09-05,Wilfrid Laurier Golden Hawks,Brock Badgers,,Peter Dineen,RJ Moniz,R,L,Curveball,Ball,,,11,0.774014286,1.149478445
6,2,2,1,'2-1,2025-09-05,Wilfrid Laurier Golden Hawks,Brock Badgers,,Peter Dineen,RJ Moniz,R,L,Fastball,Ball,,,11,-0.466442857,-0.330617668
6,2,3,1,'3-1,2025-09-05,Wilfrid Laurier Golden Hawks,Brock Badgers,,Peter Dineen,RJ Moniz,R,L,Fastball,Single,Ground Ball,Straightaway,11,0.255614286,0.424084806
6,2,0,0,'0-0,2025-09-05,Wilfrid Laurier Golden Hawks,Brock Badgers,,Brendan Boys,RJ Moniz,R,L,Fastball,Swinging Strike,,,101,0.4963,0.30684947
6,2,0,1,'0-1,2025-09-05,Wilfrid Laurier Golden Hawks,Brock Badgers,,,,,,,Truncated Out,,,0,,
6,0,0,0,'0-0,2025-09-05,Brock Badgers,Wilfrid Laurier Golden Hawks,,Adam Geddes,Kyle Tamaki,L,R,Fastball,Ball,,,0,-0.5405,-0.184073498
6,0,1,0,'1-0,2025-09-05,Brock Badgers,Wilfrid Laurier Golden Hawks,,Adam Geddes,Kyle Tamaki,L,R,Fastball,Ball,,,0,-0.466442857,1.252059364
6,0,2,0,'2-0,2025-09-05,Brock Badgers,Wilfrid Laurier Golden Hawks,,Adam Geddes,Kyle Tamaki,L,R,Breaking Ball,Ball,,,0,1.773785714,-0.037529329
6,0,3,0,'3-0,2025-09-05,Brock Badgers,Wilfrid Laurier Golden Hawks,,Adam Geddes,Kyle Tamaki,L,R,Fastball,Called Strike,,,0,0.255614286,0.680537103
6,0,3,1,'3-1,2025-09-05,Brock Badgers,Wilfrid Laurier Golden Hawks,,Adam Geddes,Kyle Tamaki,L,R,Fastball,Ball,,,0,-0.262785714,1.112842403
6,0,4,1,'4-1,2025-09-05,Brock Badgers,Wilfrid Laurier Golden Hawks,,Adam Geddes,Kyle Tamaki,L,R,Fastball,Walk,,,0,-1.373642857,0.717173145
6,0,0,0,'0-0,2025-09-05,Brock Badgers,Wilfrid Laurier Golden Hawks,0.98,Tobey Drennan,Kyle Tamaki,R,R,Breaking Ball,Ball,,,100,1.310928571,-0.381908127
6,0,1,0,'1-0,2025-09-05,Brock Badgers,Wilfrid Laurier Golden Hawks,1.05,Tobey Drennan,Kyle Tamaki,R,R,Fastball,Ball,,,100,1.570128571,0.218922968
6,0,2,0,'2-0,2025-09-05,Brock Badgers,Wilfrid Laurier Golden Hawks,,Tobey Drennan,Kyle Tamaki,R,R,,Caught Stealing,,,10,,
6,1,2,0,'2-0,2025-09-05,Brock Badgers,Wilfrid Laurier Golden Hawks,,Tobey Drennan,Kyle Tamaki,R,R,Fastball,Triple,Fly Ball,Straightaway,0,0.4963,0.856390106
6,1,0,0,'0-0,2025-09-05,Brock Badgers,Wilfrid Laurier Golden Hawks,,Reid Lunney,Kyle Tamaki,L,R,Breaking Ball,Ball,,,1,-0.4109,1.142151237
6,1,1,0,'1-0,2025-09-05,Brock Badgers,Wilfrid Laurier Golden Hawks,,Reid Lunney,Kyle Tamaki,L,R,Fastball,Ball,,,1,-1.484728571,1.046897527
6,1,2,0,'2-0,2025-09-05,Brock Badgers,Wilfrid Laurier Golden Hawks,,Reid Lunney,Kyle Tamaki,L,R,Fastball,Ball,,,1,-0.762671429,-0.411216961
6,1,3,0,'3-0,2025-09-05,Brock Badgers,Wilfrid Laurier Golden Hawks,,Reid Lunney,Kyle Tamaki,L,R,Fastball,Called Strike,,,1,-0.596042857,0.775790813
6,1,3,1,'3-1,2025-09-05,Brock Badgers,Wilfrid Laurier Golden Hawks,,Reid Lunney,Kyle Tamaki,L,R,Breaking Ball,Walk,,,1,0.681442857,-0.330617668
6,1,0,0,'0-0,2025-09-05,Brock Badgers,Wilfrid Laurier Golden Hawks,,Jaden Leeder,Bryson Kraan,R,R,Fastball,Ball,,,101,0.866585714,1.12749682
6,1,1,0,'1-0,2025-09-05,Brock Badgers,Wilfrid Laurier Golden Hawks,,Jaden Leeder,Bryson Kraan,R,R,Fastball,Swinging Strike,,,101,0.274128571,0.358139929
6,1,1,1,'1-1,2025-09-05,Brock Badgers,Wilfrid Laurier Golden Hawks,,Jaden Leeder,Bryson Kraan,R,R,Fastball,Ball,,,101,1.477557143,-0.059510954
6,1,2,1,'2-1,2025-09-05,Brock Badgers,Wilfrid Laurier Golden Hawks,,Jaden Leeder,Bryson Kraan,R,R,Fastball,Called Strike,,,101,0.6259,0.827081272
6,1,2,2,'2-2,2025-09-05,Brock Badgers,Wilfrid Laurier Golden Hawks,,Jaden Leeder,Bryson Kraan,R,R,Breaking Ball,Foul,,,101,-0.355357143,0.365467138
6,1,2,2,'2-2,2025-09-05,Brock Badgers,Wilfrid Laurier Golden Hawks,,Jaden Leeder,Bryson Kraan,R,R,Breaking Ball,Ball,,,101,0.1075,0.944316608
6,1,3,2,'3-2,2025-09-05,Brock Badgers,Wilfrid Laurier Golden Hawks,,Jaden Leeder,Bryson Kraan,R,R,Breaking Ball,Walk,,,101,0.329671429,-0.374580919
6,1,0,0,'0-0,2025-09-05,Brock Badgers,Wilfrid Laurier Golden Hawks,,Cole Carpenter,Bryson Kraan,R,R,Fastball,Ball,,,111,-0.133185714,-0.235363958
6,1,1,0,'1-0,2025-09-05,Brock Badgers,Wilfrid Laurier Golden Hawks,,Cole Carpenter,Bryson Kraan,R,R,Fastball,Called Strike,,,111,0.607385714,0.365467138
6,1,1,1,'1-1,2025-09-05,Brock Badgers,Wilfrid Laurier Golden Hawks,,Cole Carpenter,Bryson Kraan,R,R,Fastball,Called Strike,,,111,0.829557143,0.45339364
6,1,1,2,'1-2,2025-09-05,Brock Badgers,Wilfrid Laurier Golden Hawks,,Cole Carpenter,Bryson Kraan,R,R,Breaking Ball,Flyout,Fly Ball,Opposite Field,111,0.4963,0.336158304
6,2,0,0,'0-0,2025-09-05,Brock Badgers,Wilfrid Laurier Golden Hawks,,Flynn Matheson,Bryson Kraan,R,R,Breaking Ball,Called Strike,,,1,-0.133185714,0.687864311
6,2,0,1,'0-1,2025-09-05,Brock Badgers,Wilfrid Laurier Golden Hawks,,Flynn Matheson,Bryson Kraan,R,R,Breaking Ball,Ball,,,1,-1.281071429,0.856390106
6,2,1,1,'1-1,2025-09-05,Brock Badgers,Wilfrid Laurier Golden Hawks,,Flynn Matheson,Bryson Kraan,R,R,Fastball,Ball,,,1,0.477785714,-0.323290459
6,2,2,1,'2-1,2025-09-05,Brock Badgers,Wilfrid Laurier Golden Hawks,,Flynn Matheson,Bryson Kraan,R,R,Breaking Ball,Single,Fly Ball,Pull,1,-0.207242857,0.292195053
6,2,0,0,'0-0,2025-09-05,Brock Badgers,Wilfrid Laurier Golden Hawks,,Nolan Phelan,Bryson Kraan,R,R,Breaking Ball,Foul,,,100,-0.040614286,0.240904594
6,2,0,1,'0-1,2025-09-05,Brock Badgers,Wilfrid Laurier Golden Hawks,,Nolan Phelan,Bryson Kraan,R,R,Breaking Ball,Ball,,,100,-0.614557143,-0.374580919
6,2,1,1,'1-1,2025-09-05,Brock Badgers,Wilfrid Laurier Golden Hawks,1.64,Nolan Phelan,Bryson Kraan,R,R,Fastball,Swinging Strike,,,100,-0.336842857,0.343485512
6,2,1,2,'1-2,2025-09-05,Brock Badgers,Wilfrid Laurier Golden Hawks,,Nolan Phelan,Bryson Kraan,R,R,Breaking Ball,Flyout,Fly Ball,Straightaway,100,0.422242857,0.248231802
7,0,0,0,'0-0,2025-09-05,Wilfrid Laurier Golden Hawks,Brock Badgers,,Brendan Boys,Dante Cifala,R,R,Fastball,Swinging Strike,,,0,-0.559014286,0.915007774
7,0,0,1,'0-1,2025-09-05,Wilfrid Laurier Golden Hawks,Brock Badgers,,Brendan Boys,Dante Cifala,R,R,Fastball,Called Strike,,,0,0.644414286,0.621919435
7,0,0,2,'0-2,2025-09-05,Wilfrid Laurier Golden Hawks,Brock Badgers,,Brendan Boys,Dante Cifala,R,R,Slurve,Ball,,,0,1.644185714,-0.059510954
7,0,1,2,'1-2,2025-09-05,Wilfrid Laurier Golden Hawks,Brock Badgers,,Brendan Boys,Dante Cifala,R,R,Fastball,Foul,,,0,-0.447928571,0.490029682
7,0,1,2,'1-2,2025-09-05,Wilfrid Laurier Golden Hawks,Brock Badgers,,Brendan Boys,Dante Cifala,R,R,Slurve,Strikeout Swinging,,,0,-0.207242857,0.658555477
7,1,0,0,'0-0,2025-09-05,Wilfrid Laurier Golden Hawks,Brock Badgers,,Johnny Banks,Dante Cifala,R,R,Fastball,Single,Ground Ball,Pull,0,0.163042857,0.468048057
7,1,0,0,'0-0,2025-09-05,Wilfrid Laurier Golden Hawks,Brock Badgers,1.36,Jack Symington,Dante Cifala,R,R,Slurve,Ball,,,100,1.236871429,-0.36725371
7,1,1,0,'1-0,2025-09-05,Wilfrid Laurier Golden Hawks,Brock Badgers,,Jack Symington,Dante Cifala,R,R,Fastball,Swinging Strike,,,10,0.4963,0.321503887
7,1,1,1,'1-1,2025-09-05,Wilfrid Laurier Golden Hawks,Brock Badgers,,Jack Symington,Dante Cifala,R,R,Fastball,Groundout,Ground Ball,Straightaway,10,0.311157143,0.387448763
7,2,0,0,'0-0,2025-09-05,Wilfrid Laurier Golden Hawks,Brock Badgers,,Ash Abols,Dante Cifala,R,R,Fastball,Swinging Strike,,,1,0.4963,0.152978092
7,2,0,1,'0-1,2025-09-05,Wilfrid Laurier Golden Hawks,Brock Badgers,,Ash Abols,Dante Cifala,R,R,Fastball,Called Strike,,,1,0.533328571,0.651228269
7,2,0,2,'0-2,2025-09-05,Wilfrid Laurier Golden Hawks,Brock Badgers,,Ash Abols,Dante Cifala,R,R,Fastball,Double,Fly Ball,Pull,1,0.014928571,0.856390106
7,2,0,0,'0-0,2025-09-05,Wilfrid Laurier Golden Hawks,Brock Badgers,,Davis Llewellyn,Dante Cifala,L,R,Slurve,Ball,,,10,1.6627,0.204268551
7,2,1,0,'1-0,2025-09-05,Wilfrid Laurier Golden Hawks,Brock Badgers,,Davis Llewellyn,Dante Cifala,,,Slurve,Groundout,Ground Ball,Pull,10,-0.521985714,-0.118128622
1,0,0,0,'0-0,2025-09-05,Wilfrid Laurier Golden Hawks,Brock Badgers,,Johnny Banks,Charlie Hughes,R,R,Fastball,Groundout,Ground Ball,Straightaway,0,0.272729676,0.766696947
1,1,0,0,'0-0,2025-09-05,Wilfrid Laurier Golden Hawks,Brock Badgers,,Jack Symington,Charlie Hughes,R,R,Curveball,Called Strike,,,0,-0.501578885,0.276392727
1,1,0,1,'0-1,2025-09-05,Wilfrid Laurier Golden Hawks,Brock Badgers,,Jack Symington,Charlie Hughes,R,R,Curveball,Swinging Strike,,,0,1.29868852,0.123172658
1,1,0,2,'0-2,2025-09-05,Wilfrid Laurier Golden Hawks,Brock Badgers,,Jack Symington,Charlie Hughes,R,R,Fastball,Foul,,,0,0.563095387,0.345341758
1,1,0,2,'0-2,2025-09-05,Wilfrid Laurier Golden Hawks,Brock Badgers,,Jack Symington,Charlie Hughes,R,R,Curveball,Single,Line Drive,Straightaway,0,0.234014248,0.843306981
1,1,0,0,'0-0,2025-09-05,Wilfrid Laurier Golden Hawks,Brock Badgers,1.15,Ash Abols,Charlie Hughes,R,R,Fastball,Swinging Strike,,,100,-0.153140033,0.889273001
1,1,0,1,'0-1,2025-09-05,Wilfrid Laurier Golden Hawks,Brock Badgers,1.18,Ash Abols,Charlie Hughes,R,R,Fastball,Foul,,,100,0.156583392,0.383646775
1,1,0,2,'0-2,2025-09-05,Wilfrid Laurier Golden Hawks,Brock Badgers,1.21,Ash Abols,Charlie Hughes,R,R,Fastball,Strikeout Swinging,,,100,-0.404790315,0.835645977
1,2,0,0,'0-0,2025-09-05,Wilfrid Laurier Golden Hawks,Brock Badgers,1.23,Davis Llewellyn,Charlie Hughes,L,R,Fastball,Ball,,,100,-1.430749159,0.850967984
1,2,1,0,'1-0,2025-09-05,Wilfrid Laurier Golden Hawks,Brock Badgers,,Davis Llewellyn,Charlie Hughes,L,R,Fastball,Single,Line Drive,Straightaway,100,-0.772586882,0.927578019
1,2,0,0,'0-0,2025-09-05,Wilfrid Laurier Golden Hawks,Brock Badgers,,Lucas Bateman,Charlie Hughes,R,R,Curveball,Ball,,,110,-0.637082884,1.111442101
1,2,1,0,'1-0,2025-09-05,Wilfrid Laurier Golden Hawks,Brock Badgers,,Lucas Bateman,Charlie Hughes,R,R,Fastball,Swinging Strike,,,110,0.059794822,0.812662967
1,2,1,1,'1-1,2025-09-05,Wilfrid Laurier Golden Hawks,Brock Badgers,,Lucas Bateman,Charlie Hughes,R,R,Fastball,Foul,,,110,0.659883957,0.245748713
1,2,1,2,'1-2,2025-09-05,Wilfrid Laurier Golden Hawks,Brock Badgers,,Lucas Bateman,Charlie Hughes,R,R,Fastball,Single,Ground Ball,Opposite Field,110,0.640526243,0.812662967
1,2,0,0,'0-0,2025-09-05,Wilfrid Laurier Golden Hawks,Brock Badgers,,Preston Vieira,Charlie Hughes,R,R,Fastball,Flyout,Fly Ball,Opposite Field,111,0.214656534,0.544527847
1,0,0,0,'0-0,2025-09-05,Brock Badgers,Wilfrid Laurier Golden Hawks,,Caleb Feuerstake,Gavin McLean,L,R,Breaking Ball,Called Strike,,,0,-0.579009741,0.215104699
1,0,0,1,'0-1,2025-09-05,Brock Badgers,Wilfrid Laurier Golden Hawks,,Caleb Feuerstake,Gavin McLean,L,R,Fastball,Foul,,,0,-0.753229168,0.30703674
1,0,0,2,'0-2,2025-09-05,Brock Badgers,Wilfrid Laurier Golden Hawks,,Caleb Feuerstake,Gavin McLean,L,R,Breaking Ball,Ball,,,0,-0.695156026,-0.658249692
1,0,1,2,'1-2,2025-09-05,Brock Badgers,Wilfrid Laurier Golden Hawks,,Caleb Feuerstake,Gavin McLean,L,R,Breaking Ball,Ball,,,0,1.39547709,0.827984974
1,0,2,2,'2-2,2025-09-05,Brock Badgers,Wilfrid Laurier Golden Hawks,,Caleb Feuerstake,Gavin McLean,L,R,Fastball,Foul,,,0,-0.249928603,0.192121689
1,0,2,2,'2-2,2025-09-05,Brock Badgers,Wilfrid Laurier Golden Hawks,,Caleb Feuerstake,Gavin McLean,L,R,Offspeed,Groundout,Ground Ball,Pull,0,-0.482221171,0.146155668
1,1,0,0,'0-0,2025-09-05,Brock Badgers,Wilfrid Laurier Golden Hawks,,Reid Lunney,Gavin McLean,L,R,Fastball,Called Strike,,,0,-0.114424605,0.429612795
1,1,0,1,'0-1,2025-09-05,Brock Badgers,Wilfrid Laurier Golden Hawks,,Reid Lunney,Gavin McLean,L,R,Breaking Ball,Ball,,,0,-1.411391445,0.215104699
1,1,1,1,'1-1,2025-09-05,Brock Badgers,Wilfrid Laurier Golden Hawks,,Reid Lunney,Gavin McLean,L,R,Offspeed,Ball,,,0,-0.249928603,-0.175606476
1,1,2,1,'2-1,2025-09-05,Brock Badgers,Wilfrid Laurier Golden Hawks,,Reid Lunney,Gavin McLean,L,R,Offspeed,Called Strike,,,0,-0.695156026,0.690086912
1,1,2,2,'2-2,2025-09-05,Brock Badgers,Wilfrid Laurier Golden Hawks,,Reid Lunney,Gavin McLean,L,R,Breaking Ball,Foul,,,0,0.679241671,0.207443696
1,1,2,2,'2-2,2025-09-05,Brock Badgers,Wilfrid Laurier Golden Hawks,,Reid Lunney,Gavin McLean,L,R,Fastball,Strikeout Looking,,,0,-0.056351462,0.153816672
1,2,0,0,'0-0,2025-09-05,Brock Badgers,Wilfrid Laurier Golden Hawks,,Jaden Leeder,Gavin McLean,R,R,Offspeed,Called Strike,,,0,-0.598367455,0.621137881
1,2,0,1,'0-1,2025-09-05,Brock Badgers,Wilfrid Laurier Golden Hawks,,Jaden Leeder,Gavin McLean,R,R,Breaking Ball,Foul,,,0,0.214656534,-0.076013431
1,2,0,2,'0-2,2025-09-05,Brock Badgers,Wilfrid Laurier Golden Hawks,,Jaden Leeder,Gavin McLean,R,R,Breaking Ball,Strikeout Swinging,,,0,0.040437108,0.896934005
2,0,0,0,'0-0,2025-09-05,Wilfrid Laurier Golden Hawks,Brock Badgers,,Jack Larmer,Charlie Hughes,R,R,Fastball,Called Strike,,,0,0.408233674,0.659442898
2,0,0,1,'0-1,2025-09-05,Wilfrid Laurier Golden Hawks,Brock Badgers,,Jack Larmer,Charlie Hughes,R,R,Curveball,Called Strike,,,0,-0.733871454,0.276392727
2,0,0,2,'0-2,2025-09-05,Wilfrid Laurier Golden Hawks,Brock Badgers,,Jack Larmer,Charlie Hughes,R,R,Curveball,Strikeout Swinging,,,0,0.117867964,0.215104699
2,1,0,0,'0-0,2025-09-05,Wilfrid Laurier Golden Hawks,Brock Badgers,,Peter Dineen,Charlie Hughes,R,R,Fastball,Flyout,Fly Ball,Straightaway,0,0.214656534,0.720730926
2,2,0,0,'0-0,2025-09-05,Wilfrid Laurier Golden Hawks,Brock Badgers,,Brendan Boys,Charlie Hughes,R,R,Curveball,Ball,,,0,0.253371962,0.950561029
2,2,1,0,'1-0,2025-09-05,Wilfrid Laurier Golden Hawks,Brock Badgers,,Brendan Boys,Charlie Hughes,R,R,Fastball,Groundout,Ground Ball,Straightaway,0,0.272729676,0.644120892
2,0,0,0,'0-0,2025-09-05,Brock Badgers,Wilfrid Laurier Golden Hawks,,Cole Carpenter,Gavin McLean,R,R,Fastball,Ball,,,0,0.582453101,-0.290521528
2,0,1,0,'1-0,2025-09-05,Brock Badgers,Wilfrid Laurier Golden Hawks,,Cole Carpenter,Gavin McLean,R,R,Fastball,Ball,,,0,-1.140383448,0.79734096
2,0,2,0,'2-0,2025-09-05,Brock Badgers,Wilfrid Laurier Golden Hawks,,Cole Carpenter,Gavin McLean,R,R,Fastball,Foul,,,0,0.253371962,0.184460686
2,0,2,1,'2-1,2025-09-05,Brock Badgers,Wilfrid Laurier Golden Hawks,,Cole Carpenter,Gavin McLean,R,R,Offspeed,Flyout,Fly Ball,Opposite Field,0,0.369518246,0.667103902
2,1,0,0,'0-0,2025-09-05,Brock Badgers,Wilfrid Laurier Golden Hawks,,Flynn Matheson,Gavin McLean,R,R,Breaking Ball,Ball,,,0,-0.656440598,-0.298182531
2,1,1,0,'1-0,2025-09-05,Brock Badgers,Wilfrid Laurier Golden Hawks,,Flynn Matheson,Gavin McLean,R,R,Fastball,Double,Line Drive,Pull,0,0.311445104,0.107850651
2,1,0,0,'0-0,2025-09-05,Brock Badgers,Wilfrid Laurier Golden Hawks,,Nolan Phelan,Gavin McLean,R,R,Fastball,Ball,,,10,0.834103383,-0.198589486
2,1,1,0,'1-0,2025-09-05,Brock Badgers,Wilfrid Laurier Golden Hawks,,Nolan Phelan,Gavin McLean,R,R,Offspeed,Foul,,,10,-0.695156026,0.713069922
2,1,1,1,'1-1,2025-09-05,Brock Badgers,Wilfrid Laurier Golden Hawks,,Nolan Phelan,Gavin McLean,R,R,Offspeed,Foul,,,10,-0.598367455,0.337680754
2,1,1,2,'1-2,2025-09-05,Brock Badgers,Wilfrid Laurier Golden Hawks,,Nolan Phelan,Gavin McLean,R,R,Fastball,Foul,,,10,0.524379959,0.812662967
2,1,1,2,'1-2,2025-09-05,Brock Badgers,Wilfrid Laurier Golden Hawks,,Nolan Phelan,Gavin McLean,R,R,Breaking Ball,Single,Line Drive,Straightaway,10,0.369518246,0.429612795
2,1,0,0,'0-0,2025-09-05,Brock Badgers,Wilfrid Laurier Golden Hawks,,Brady Campbell,Gavin McLean,R,R,Fastball,Foul,,,10,0.466306817,0.30703674
2,1,0,1,'0-1,2025-09-05,Brock Badgers,Wilfrid Laurier Golden Hawks,,Brady Campbell,Gavin McLean,R,R,Fastball,Foul,,,10,-0.153140033,0.353002761
2,1,0,2,'0-2,2025-09-05,Brock Badgers,Wilfrid Laurier Golden Hawks,,Brady Campbell,Gavin McLean,R,R,Breaking Ball,Strikeout Swinging,,,10,0.311445104,-0.106657445
2,2,0,0,'0-0,2025-09-05,Brock Badgers,Wilfrid Laurier Golden Hawks,,Brayden Sowrey,Gavin McLean,R,R,Breaking Ball,Ball,,,10,0.563095387,0.75137494
2,2,1,0,'1-0,2025-09-05,Brock Badgers,Wilfrid Laurier Golden Hawks,,Brayden Sowrey,Gavin McLean,R,R,Breaking Ball,Ball,,,10,-0.71451374,-0.420758586
2,2,2,0,'2-0,2025-09-05,Brock Badgers,Wilfrid Laurier Golden Hawks,,Brayden Sowrey,Gavin McLean,R,R,Breaking Ball,Ball,,,10,0.969607381,-0.328826545
2,2,3,0,'3-0,2025-09-05,Brock Badgers,Wilfrid Laurier Golden Hawks,,Brayden Sowrey,Gavin McLean,R,R,Fastball,Walk,,,1,1.337403948,0.881611998
2,2,0,0,'0-0,2025-09-05,Brock Badgers,Wilfrid Laurier Golden Hawks,,Adam Geddes,Gavin McLean,L,R,Fastball,Ball,,,101,-1.411391445,1.134425111
2,2,1,0,'1-0,2025-09-05,Brock Badgers,Wilfrid Laurier Golden Hawks,,Adam Geddes,Gavin McLean,L,R,Fastball,Called Strike,,,101,-0.753229168,0.697747916
2,2,1,1,'1-1,2025-09-05,Brock Badgers,Wilfrid Laurier Golden Hawks,,Adam Geddes,Gavin McLean,L,R,Fastball,Double,Line Drive,Opposite Field,101,-0.540294313,0.628798885
2,2,0,0,'0-0,2025-09-05,Brock Badgers,Wilfrid Laurier Golden Hawks,,Caleb Feuerstake,Gavin McLean,L,R,Fastball,Called Strike,,,11,-1.121025734,0.827984974
2,2,0,1,'0-1,2025-09-05,Brock Badgers,Wilfrid Laurier Golden Hawks,,Caleb Feuerstake,Gavin McLean,L,R,Offspeed,Flyout,Fly Ball,Opposite Field,11,-1.353318303,0.03890162
3,0,0,0,'0-0,2025-09-05,Wilfrid Laurier Golden Hawks,Brock Badgers,,Johnny Banks,Charlie Hughes,R,R,Fastball,Foul,,,0,-0.288644031,0.52920584
3,0,0,1,'0-1,2025-09-05,Wilfrid Laurier Golden Hawks,Brock Badgers,,Johnny Banks,Charlie Hughes,R,R,Curveball,Single,Line Drive,Straightaway,0,-0.017636034,0.850967984
3,0,0,0,'0-0,2025-09-05,Wilfrid Laurier Golden Hawks,Brock Badgers,,Jack Symington,Charlie Hughes,R,R,Fastball,Groundout,Ground Ball,Opposite Field,100,-0.71451374,0.674764905
3,1,0,0,'0-0,2025-09-05,Wilfrid Laurier Golden Hawks,Brock Badgers,,Ash Abols,Charlie Hughes,R,R,Fastball,Ball,,,10,-0.346717173,1.096120094
3,1,1,0,'1-0,2025-09-05,Wilfrid Laurier Golden Hawks,Brock Badgers,,Ash Abols,Charlie Hughes,R,R,Fastball,Ball,,,10,-0.850017738,1.134425111
3,1,2,0,'2-0,2025-09-05,Wilfrid Laurier Golden Hawks,Brock Badgers,,Ash Abols,Charlie Hughes,R,R,Fastball,Ball,,,10,-0.733871454,1.088459091
3,1,3,0,'3-0,2025-09-05,Wilfrid Laurier Golden Hawks,Brock Badgers,,Ash Abols,Charlie Hughes,R,R,Fastball,Called Strike,,,10,0.253371962,0.628798885
3,1,3,1,'3-1,2025-09-05,Wilfrid Laurier Golden Hawks,Brock Badgers,,Ash Abols,Charlie Hughes,R,R,Fastball,Swinging Strike,,,10,-0.269286317,0.79734096
3,1,3,2,'3-2,2025-09-05,Wilfrid Laurier Golden Hawks,Brock Badgers,,Ash Abols,Charlie Hughes,R,R,Fastball,Walk,,,1,0.29208739,1.088459091
3,1,0,0,'0-0,2025-09-05,Wilfrid Laurier Golden Hawks,Brock Badgers,,Davis Llewellyn,Charlie Hughes,L,R,Fastball,Ball,,,101,-1.314602875,0.927578019
3,1,1,0,'1-0,2025-09-05,Wilfrid Laurier Golden Hawks,Brock Badgers,,Davis Llewellyn,Charlie Hughes,L,R,Fastball,Ball,,,101,-1.217814305,1.157408122
3,1,2,0,'2-0,2025-09-05,Wilfrid Laurier Golden Hawks,Brock Badgers,,Davis Llewellyn,Charlie Hughes,L,R,Fastball,Ball,,,101,-0.656440598,1.134425111
3,1,3,0,'3-0,2025-09-05,Wilfrid Laurier Golden Hawks,Brock Badgers,,Davis Llewellyn,Charlie Hughes,L,R,Fastball,Called Strike,,,101,0.717957099,0.375985771
3,1,3,1,'3-1,2025-09-05,Wilfrid Laurier Golden Hawks,Brock Badgers,,Davis Llewellyn,Charlie Hughes,L,R,Fastball,Groundout,Ground Ball,Pull,101,0.137225678,0.55218885
3,2,0,0,'0-0,2025-09-05,Wilfrid Laurier Golden Hawks,Brock Badgers,,Lucas Bateman,Charlie Hughes,R,R,Curveball,Foul,,,100,-0.269286317,0.398968782
3,2,0,1,'0-1,2025-09-05,Wilfrid Laurier Golden Hawks,Brock Badgers,1.28,Lucas Bateman,Charlie Hughes,R,R,Fastball,Ball,,,100,-0.482221171,1.096120094
3,2,1,1,'1-1,2025-09-05,Wilfrid Laurier Golden Hawks,Brock Badgers,,Lucas Bateman,Charlie Hughes,R,R,Curveball,Double,Line Drive,Straightaway,100,0.311445104,0.276392727
3,2,0,0,'0-0,2025-09-05,Wilfrid Laurier Golden Hawks,Brock Badgers,,Preston Vieira,Charlie Hughes,R,R,Curveball,Ball,,,10,-0.71451374,1.157408122
3,2,1,0,'1-0,2025-09-05,Wilfrid Laurier Golden Hawks,Brock Badgers,,Preston Vieira,Charlie Hughes,R,R,Changeup,Ball,,,10,1.008322809,-0.091335438
3,2,2,0,'2-0,2025-09-05,Wilfrid Laurier Golden Hawks,Brock Badgers,,Preston Vieira,Charlie Hughes,R,R,Fastball,Groundout,Ground Ball,Straightaway,10,0.466306817,0.360663764
3,0,0,0,'0-0,2025-09-05,Brock Badgers,Wilfrid Laurier Golden Hawks,,Reid Lunney,Gavin McLean,L,R,Offspeed,Ball,,,0,-0.946806308,-0.520351631
3,0,1,0,'1-0,2025-09-05,Brock Badgers,Wilfrid Laurier Golden Hawks,,Reid Lunney,Gavin McLean,L,R,Fastball,Ball,,,0,-1.546895443,0.973544039
3,0,2,0,'2-0,2025-09-05,Brock Badgers,Wilfrid Laurier Golden Hawks,,Reid Lunney,Gavin McLean,L,R,Breaking Ball,Called Strike,,,0,-0.675798312,0.674764905
3,0,2,1,'2-1,2025-09-05,Brock Badgers,Wilfrid Laurier Golden Hawks,,Reid Lunney,Gavin McLean,L,R,Fastball,Foul,,,0,-0.288644031,0.873950995
3,0,2,2,'2-2,2025-09-05,Brock Badgers,Wilfrid Laurier Golden Hawks,,Reid Lunney,Gavin McLean,L,R,Offspeed,Ball,,,0,-0.791944596,-0.321165541
3,0,3,2,'3-2,2025-09-05,Brock Badgers,Wilfrid Laurier Golden Hawks,,Reid Lunney,Gavin McLean,L,R,Breaking Ball,Foul,,,0,-1.217814305,0.107850651
3,0,3,2,'3-2,2025-09-05,Brock Badgers,Wilfrid Laurier Golden Hawks,,Reid Lunney,Gavin McLean,L,R,Fastball,Walk,,,0,1.472907946,0.28405373
3,0,0,0,'0-0,2025-09-05,Brock Badgers,Wilfrid Laurier Golden Hawks,1.04,Jaden Leeder,Gavin McLean,R,R,Fastball,Ball,,,100,-1.19845659,0.682425909
3,0,1,0,'1-0,2025-09-05,Brock Badgers,Wilfrid Laurier Golden Hawks,1.07,Jaden Leeder,Gavin McLean,R,R,Breaking Ball,Ball,,,100,0.505022245,-0.313504538
3,0,2,0,'2-0,2025-09-05,Brock Badgers,Wilfrid Laurier Golden Hawks,,Jaden Leeder,Gavin McLean,R,R,Offspeed,Ball,,,10,-1.217814305,0.766696947
3,0,3,0,'3-0,2025-09-05,Brock Badgers,Wilfrid Laurier Golden Hawks,,Jaden Leeder,Gavin McLean,R,R,Fastball,Called Strike,,,10,0.543737673,0.230426706
3,0,3,1,'3-1,2025-09-05,Brock Badgers,Wilfrid Laurier Golden Hawks,,Jaden Leeder,Gavin McLean,R,R,Fastball,Walk,,,10,1.821346799,-0.0070644
3,0,0,0,'0-0,2025-09-05,Brock Badgers,Wilfrid Laurier Golden Hawks,,Cole Carpenter,Gavin McLean,R,R,Fastball,Called Strike,,,110,0.814745669,0.421951792
3,0,0,1,'0-1,2025-09-05,Brock Badgers,Wilfrid Laurier Golden Hawks,,Cole Carpenter,Gavin McLean,R,R,Breaking Ball,Ball,,,110,-1.372676017,-0.0070644
3,0,1,1,'1-1,2025-09-05,Brock Badgers,Wilfrid Laurier Golden Hawks,,Cole Carpenter,Gavin McLean,R,R,Breaking Ball,Ball,,,1,-1.237172019,0.460256809
3,0,2,1,'2-1,2025-09-05,Brock Badgers,Wilfrid Laurier Golden Hawks,,Cole Carpenter,Gavin McLean,R,R,Fastball,Single,Ground Ball,Straightaway,1,0.524379959,0.368324768
3,0,0,0,'0-0,2025-09-05,Brock Badgers,Wilfrid Laurier Golden Hawks,1.03,Flynn Matheson,Gavin McLean,R,R,Breaking Ball,Ball,,,100,0.776030241,-0.367131562
3,0,1,0,'1-0,2025-09-05,Brock Badgers,Wilfrid Laurier Golden Hawks,,Flynn Matheson,Gavin McLean,R,R,Breaking Ball,Called Strike,,,100,-0.191855461,0.644120892
3,0,1,1,'1-1,2025-09-05,Brock Badgers,Wilfrid Laurier Golden Hawks,,Flynn Matheson,Gavin McLean,R,R,Breaking Ball,Ball,,,100,0.524379959,-0.290521528
3,0,2,1,'2-1,2025-09-05,Brock Badgers,Wilfrid Laurier Golden Hawks,,Flynn Matheson,Gavin McLean,R,R,Fastball,Swinging Strike,,,100,0.156583392,-0.076013431
3,0,2,2,'2-2,2025-09-05,Brock Badgers,Wilfrid Laurier Golden Hawks,,Flynn Matheson,Gavin McLean,R,R,Breaking Ball,Ball,,,100,1.182542236,-0.305843534
3,0,3,2,'3-2,2025-09-05,Brock Badgers,Wilfrid Laurier Golden Hawks,,Flynn Matheson,Gavin McLean,R,R,Fastball,Strikeout Swinging,,,100,-0.71451374,-0.167945473
3,1,0,0,'0-0,2025-09-05,Brock Badgers,Wilfrid Laurier Golden Hawks,,Nolan Phelan,Gavin McLean,R,R,Fastball,Double,Line Drive,Pull,100,-0.230570889,0.253409716
3,1,0,0,'0-0,2025-09-05,Brock Badgers,Wilfrid Laurier Golden Hawks,,Brady Campbell,Gavin McLean,R,R,Breaking Ball,Ball,,,11,1.376119376,-0.374792565
3,1,1,0,'1-0,2025-09-05,Brock Badgers,Wilfrid Laurier Golden Hawks,,Brady Campbell,Gavin McLean,R,R,Breaking Ball,Called Strike,,,1,-0.579009741,0.659442898
3,1,1,1,'1-1,2025-09-05,Brock Badgers,Wilfrid Laurier Golden Hawks,,Brady Campbell,Gavin McLean,R,R,Breaking Ball,Groundout,Ground Ball,Straightaway,1,0.485664531,-0.2292335
3,2,0,0,'0-0,2025-09-05,Brock Badgers,Wilfrid Laurier Golden Hawks,,Brayden Sowrey,Gavin McLean,R,R,Fastball,Ball,,,1,-0.869375452,-0.244555507
3,2,1,0,'1-0,2025-09-05,Brock Badgers,Wilfrid Laurier Golden Hawks,,Brayden Sowrey,Gavin McLean,R,R,Breaking Ball,Ball,,,1,-0.366074887,-0.175606476
3,2,2,0,'2-0,2025-09-05,Brock Badgers,Wilfrid Laurier Golden Hawks,,Brayden Sowrey,Gavin McLean,R,R,Fastball,Foul,,,1,-0.036993748,0.184460686
3,2,2,1,'2-1,2025-09-05,Brock Badgers,Wilfrid Laurier Golden Hawks,,Brayden Sowrey,Gavin McLean,R,R,Breaking Ball,Called Strike,,,1,0.29208739,0.567510857
3,2,2,2,'2-2,2025-09-05,Brock Badgers,Wilfrid Laurier Golden Hawks,,Brayden Sowrey,Gavin McLean,R,R,Breaking Ball,Strikeout Looking,,,1,0.892176525,-0.106657445
4,0,0,0,'0-0,2025-09-05,Wilfrid Laurier Golden Hawks,Brock Badgers,,Jack Larmer,Charlie Hughes,R,R,Fastball,Flyout,Fly Ball,Pull,0,-0.540294313,0.299375737
4,1,0,0,'0-0,2025-09-05,Wilfrid Laurier Golden Hawks,Brock Badgers,,Peter Dineen,Charlie Hughes,R,R,Fastball,Ball,,,0,0.38887596,1.119103104
4,1,1,0,'1-0,2025-09-05,Wilfrid Laurier Golden Hawks,Brock Badgers,,Peter Dineen,Charlie Hughes,R,R,Curveball,Flyout,Fly Ball,Straightaway,0,-0.133782319,0.636459888
4,2,0,0,'0-0,2025-09-05,Wilfrid Laurier Golden Hawks,Brock Badgers,,Brendan Boys,Charlie Hughes,R,R,Fastball,Swinging Strike,,,0,0.175941106,0.444934802
4,2,0,1,'0-1,2025-09-05,Wilfrid Laurier Golden Hawks,Brock Badgers,,Brendan Boys,Charlie Hughes,R,R,Fastball,Ball,,,0,1.589054231,0.858628988
4,2,1,1,'1-1,2025-09-05,Wilfrid Laurier Golden Hawks,Brock Badgers,,Brendan Boys,Charlie Hughes,R,R,Fastball,Swinging Strike,,,0,0.485664531,0.904595008
4,2,1,2,'1-2,2025-09-05,Wilfrid Laurier Golden Hawks,Brock Badgers,,Brendan Boys,Charlie Hughes,R,R,Curveball,Strikeout Swinging,,,0,0.892176525,-0.328826545
4,0,0,0,'0-0,2025-09-05,Brock Badgers,Wilfrid Laurier Golden Hawks,,Adam Geddes,Gavin McLean,L,R,Breaking Ball,Single,Fly Ball,Straightaway,100,-0.579009741,0.245748713
4,0,0,0,'0-0,2025-09-05,Brock Badgers,Wilfrid Laurier Golden Hawks,,Caleb Feuerstake,Gavin McLean,L,R,Fastball,Sacrifice Bunt,Ground Ball,Opposite Field,10,-0.617725169,0.544527847
4,1,0,0,'0-0,2025-09-05,Brock Badgers,Wilfrid Laurier Golden Hawks,,Reid Lunney,Gavin McLean,L,R,Fastball,Foul,,,10,0.466306817,-0.175606476
4,1,0,1,'0-1,2025-09-05,Brock Badgers,Wilfrid Laurier Golden Hawks,,Reid Lunney,Gavin McLean,L,R,Fastball,Ball,,,10,-0.114424605,1.119103104
4,1,1,1,'1-1,2025-09-05,Brock Badgers,Wilfrid Laurier Golden Hawks,,Reid Lunney,Gavin McLean,L,R,Fastball,Foul,,,1,-0.133782319,-0.098996442
4,1,1,2,'1-2,2025-09-05,Brock Badgers,Wilfrid Laurier Golden Hawks,,Reid Lunney,Gavin McLean,L,R,Fastball,Ball,,,1,1.627769659,0.28405373
4,1,2,2,'2-2,2025-09-05,Brock Badgers,Wilfrid Laurier Golden Hawks,,Reid Lunney,Gavin McLean,L,R,Breaking Ball,Strikeout Looking,,,1,-0.733871454,0.291714734
4,2,0,0,'0-0,2025-09-05,Brock Badgers,Wilfrid Laurier Golden Hawks,,Jaden Leeder,Gavin McLean,R,R,Breaking Ball,Called Strike,,,1,0.427591388,0.100189648
4,2,0,1,'0-1,2025-09-05,Brock Badgers,Wilfrid Laurier Golden Hawks,,Jaden Leeder,Gavin McLean,R,R,Fastball,Foul,,,1,-0.288644031,-0.213911493
4,2,0,2,'0-2,2025-09-05,Brock Badgers,Wilfrid Laurier Golden Hawks,,Jaden Leeder,Gavin McLean,R,R,Breaking Ball,Strikeout Swinging,,,1,-0.617725169,0.674764905
5,0,0,0,'0-0,2025-09-05,Wilfrid Laurier Golden Hawks,Brock Badgers,,Johnny Banks,Charlie Hughes,R,R,Fastball,Popout,Pop Up,Opposite Field,0,-0.366074887,0.858628988
5,1,0,0,'0-0,2025-09-05,Wilfrid Laurier Golden Hawks,Brock Badgers,,Jack Symington,Charlie Hughes,R,R,Fastball,Ball,,,0,-0.675798312,1.119103104
5,1,1,0,'1-0,2025-09-05,Wilfrid Laurier Golden Hawks,Brock Badgers,,Jack Symington,Charlie Hughes,R,R,Curveball,Called Strike,,,0,-0.482221171,0.130833661
5,1,1,1,'1-1,2025-09-05,Wilfrid Laurier Golden Hawks,Brock Badgers,,Jack Symington,Charlie Hughes,R,R,Fastball,Called Strike,,,0,-0.656440598,0.667103902
5,1,1,2,'1-2,2025-09-05,Wilfrid Laurier Golden Hawks,Brock Badgers,,Jack Symington,Charlie Hughes,R,R,Curveball,Groundout,Ground Ball,Opposite Field,0,-0.172497747,-0.152623466
5,2,0,0,'0-0,2025-09-05,Wilfrid Laurier Golden Hawks,Brock Badgers,,Ash Abols,Charlie Hughes,R,R,Curveball,Called Strike,,,0,-0.346717173,0.345341758
5,2,0,1,'0-1,2025-09-05,Wilfrid Laurier Golden Hawks,Brock Badgers,,Ash Abols,Charlie Hughes,R,R,Fastball,Foul,,,0,-0.385432601,0.613476878
5,2,0,2,'0-2,2025-09-05,Wilfrid Laurier Golden Hawks,Brock Badgers,,Ash Abols,Charlie Hughes,R,R,Fastball,Ball,,,0,0.505022245,1.111442101
5,2,1,2,'1-2,2025-09-05,Wilfrid Laurier Golden Hawks,Brock Badgers,,Ash Abols,Charlie Hughes,R,R,Curveball,Ball,,,0,-0.172497747,-0.244555507
5,2,2,2,'2-2,2025-09-05,Wilfrid Laurier Golden Hawks,Brock Badgers,,Ash Abols,Charlie Hughes,R,R,Fastball,Single,Ground Ball,Straightaway,0,0.408233674,0.705408919
5,2,0,0,'0-0,2025-09-05,Wilfrid Laurier Golden Hawks,Brock Badgers,1.18,Davis Llewellyn,Charlie Hughes,R,R,Fastball,Popout,Pop Up,Pull,100,-0.230570889,0.789679957
5,0,0,0,'0-0,2025-09-05,Brock Badgers,Wilfrid Laurier Golden Hawks,,Cole Carpenter,Gavin McLean,R,R,Breaking Ball,Called Strike,,,0,-0.133782319,0.50622283
5,0,0,1,'0-1,2025-09-05,Brock Badgers,Wilfrid Laurier Golden Hawks,,Cole Carpenter,Gavin McLean,R,R,Breaking Ball,Foul,,,0,-0.133782319,0.820323971
5,0,0,2,'0-2,2025-09-05,Brock Badgers,Wilfrid Laurier Golden Hawks,,Cole Carpenter,Gavin McLean,R,R,Breaking Ball,Single,Ground Ball,Pull,0,0.175941106,0.490900823
5,0,0,0,'0-0,2025-09-05,Brock Badgers,Wilfrid Laurier Golden Hawks,,Flynn Matheson,Gavin McLean,R,R,Fastball,Called Strike,,,100,-0.675798312,0.713069922
5,0,0,1,'0-1,2025-09-05,Brock Badgers,Wilfrid Laurier Golden Hawks,1.04,Flynn Matheson,Gavin McLean,R,R,Breaking Ball,Groundout,Ground Ball,Pull,100,-0.327359459,-0.144962462
5,1,0,0,'0-0,2025-09-05,Brock Badgers,Wilfrid Laurier Golden Hawks,,Nolan Phelan,Gavin McLean,R,R,Fastball,Foul,,,100,0.137225678,0.598154871
5,1,0,1,'0-1,2025-09-05,Brock Badgers,Wilfrid Laurier Golden Hawks,,Nolan Phelan,Gavin McLean,R,R,Fastball,Ball,,,100,-1.295245161,0.314697744
5,1,1,1,'1-1,2025-09-05,Brock Badgers,Wilfrid Laurier Golden Hawks,,Nolan Phelan,Gavin McLean,R,R,Breaking Ball,Ball,,,100,-0.269286317,-0.25221651
5,1,2,1,'2-1,2025-09-05,Brock Badgers,Wilfrid Laurier Golden Hawks,,Nolan Phelan,Gavin McLean,R,R,Fastball,Groundout,Ground Ball,Pull,100,0.505022245,0.215104699
5,2,0,0,'0-0,2025-09-05,Brock Badgers,Wilfrid Laurier Golden Hawks,,Brady Campbell,Gavin McLean,R,R,Fastball,Ball,,,100,-0.288644031,1.149747118
5,2,1,0,'1-0,2025-09-05,Brock Badgers,Wilfrid Laurier Golden Hawks,,Brady Campbell,Gavin McLean,R,R,,Truncated Out,,,100,,
6,0,0,0,'0-0,2025-09-05,Wilfrid Laurier Golden Hawks,Brock Badgers,,Lucas Bateman,Charlie Hughes,R,R,Fastball,Ball,,,0,0.137225678,-0.160284469
6,0,1,0,'1-0,2025-09-05,Wilfrid Laurier Golden Hawks,Brock Badgers,,Lucas Bateman,Charlie Hughes,R,R,Fastball,Called Strike,,,0,0.311445104,0.460256809
6,0,1,1,'1-1,2025-09-05,Wilfrid Laurier Golden Hawks,Brock Badgers,,Lucas Bateman,Charlie Hughes,R,R,Fastball,Ball,,,0,-0.559652027,1.279984177
6,0,2,1,'2-1,2025-09-05,Wilfrid Laurier Golden Hawks,Brock Badgers,,Lucas Bateman,Charlie Hughes,R,R,Fastball,Ball,,,0,-0.501578885,1.096120094
6,0,3,1,'3-1,2025-09-05,Wilfrid Laurier Golden Hawks,Brock Badgers,,Lucas Bateman,Charlie Hughes,R,R,Fastball,Foul,,,0,0.040437108,0.820323971
6,0,3,2,'3-2,2025-09-05,Wilfrid Laurier Golden Hawks,Brock Badgers,,Lucas Bateman,Charlie Hughes,R,R,Fastball,Popout,Pop Up,Straightaway,0,0.408233674,0.827984974
6,1,0,0,'0-0,2025-09-05,Wilfrid Laurier Golden Hawks,Brock Badgers,,Preston Vieira,Charlie Hughes,R,R,Curveball,Ball,,,0,0.601810815,-0.213911493
6,1,1,0,'1-0,2025-09-05,Wilfrid Laurier Golden Hawks,Brock Badgers,,Preston Vieira,Charlie Hughes,R,R,Fastball,Popout,Pop Up,Pull,0,-0.133782319,0.77435795
6,2,0,0,'0-0,2025-09-05,Wilfrid Laurier Golden Hawks,Brock Badgers,,Jack Larmer,Charlie Hughes,R,R,Fastball,Ball,,,0,0.756672527,0.77435795
6,2,1,0,'1-0,2025-09-05,Wilfrid Laurier Golden Hawks,Brock Badgers,,Jack Larmer,Charlie Hughes,R,R,Fastball,Called Strike,,,0,-0.288644031,0.958222032
6,2,1,1,'1-1,2025-09-05,Wilfrid Laurier Golden Hawks,Brock Badgers,,Jack Larmer,Charlie Hughes,R,R,Curveball,Ball,,,0,1.647127373,-0.336487548
6,2,2,1,'2-1,2025-09-05,Wilfrid Laurier Golden Hawks,Brock Badgers,,Jack Larmer,Charlie Hughes,R,R,Fastball,Foul,,,0,0.175941106,0.559849854
6,2,2,2,'2-2,2025-09-05,Wilfrid Laurier Golden Hawks,Brock Badgers,,Jack Larmer,Charlie Hughes,R,R,Fastball,Ball,,,0,0.117867964,1.211035146
6,2,3,2,'3-2,2025-09-05,Wilfrid Laurier Golden Hawks,Brock Badgers,,Jack Larmer,Charlie Hughes,R,R,Fastball,Single,Ground Ball,Pull,0,0.582453101,0.498561826
6,2,0,0,'0-0,2025-09-05,Wilfrid Laurier Golden Hawks,Brock Badgers,,Peter Dineen,Charlie Hughes,R,R,Fastball,Ball,,,0,1.550338802,0.812662967
6,2,1,0,'1-0,2025-09-05,Wilfrid Laurier Golden Hawks,Brock Badgers,,Peter Dineen,Charlie Hughes,R,R,Fastball,Ball,,,0,-0.153140033,1.126764108
6,2,2,0,'2-0,2025-09-05,Wilfrid Laurier Golden Hawks,Brock Badgers,,Peter Dineen,Charlie Hughes,R,R,Fastball,Swinging Strike,,,0,0.00172168,1.073137084
6,2,2,1,'2-1,2025-09-05,Wilfrid Laurier Golden Hawks,Brock Badgers,,Peter Dineen,Charlie Hughes,R,R,Fastball,Flyout,Fly Ball,Straightaway,0,0.272729676,0.52920584
6,0,0,0,'0-0,2025-09-05,Brock Badgers,Wilfrid Laurier Golden Hawks,,Brady Campbell,Gavin McLean,R,R,Breaking Ball,Called Strike,,,0,0.330802818,0.490900823
6,0,0,1,'0-1,2025-09-05,Brock Badgers,Wilfrid Laurier Golden Hawks,,Brady Campbell,Gavin McLean,R,R,Breaking Ball,Swinging Strike,,,0,-0.211213175,-0.236894503
6,0,0,2,'0-2,2025-09-05,Brock Badgers,Wilfrid Laurier Golden Hawks,,Brady Campbell,Gavin McLean,R,R,Fastball,Ball,,,0,-0.308001745,1.111442101
6,0,1,2,'1-2,2025-09-05,Brock Badgers,Wilfrid Laurier Golden Hawks,,Brady Campbell,Gavin McLean,R,R,Fastball,Foul,,,0,-0.656440598,0.375985771
6,0,1,2,'1-2,2025-09-05,Brock Badgers,Wilfrid Laurier Golden Hawks,,Brady Campbell,Gavin McLean,R,R,Fastball,Strikeout Looking,,,0,0.679241671,0.169138679
6,1,0,0,'0-0,2025-09-05,Brock Badgers,Wilfrid Laurier Golden Hawks,,Brayden Sowrey,Gavin McLean,R,R,Breaking Ball,Called Strike,,,0,-0.172497747,0.55218885
6,1,0,1,'0-1,2025-09-05,Brock Badgers,Wilfrid Laurier Golden Hawks,,Brayden Sowrey,Gavin McLean,R,R,Fastball,Swinging Strike,,,0,0.446949103,0.659442898
6,1,0,2,'0-2,2025-09-05,Brock Badgers,Wilfrid Laurier Golden Hawks,,Brayden Sowrey,Gavin McLean,R,R,Fastball,Foul,,,0,-0.617725169,0.559849854
6,1,0,2,'0-2,2025-09-05,Brock Badgers,Wilfrid Laurier Golden Hawks,,Brayden Sowrey,Gavin McLean,R,R,Fastball,Strikeout Looking,,,0,0.737314813,-0.137301459
6,2,0,0,'0-0,2025-09-05,Brock Badgers,Wilfrid Laurier Golden Hawks,,Adam Geddes,Gavin McLean,L,R,Fastball,Ball,,,0,0.524379959,-0.198589486
6,2,1,0,'1-0,2025-09-05,Brock Badgers,Wilfrid Laurier Golden Hawks,,Adam Geddes,Gavin McLean,L,R,Offspeed,Ball,,,0,-1.411391445,0.146155668
6,2,2,0,'2-0,2025-09-05,Brock Badgers,Wilfrid Laurier Golden Hawks,,Adam Geddes,Gavin McLean,L,R,Fastball,Called Strike,,,0,-0.598367455,0.79734096
6,2,2,1,'2-1,2025-09-05,Brock Badgers,Wilfrid Laurier Golden Hawks,,Adam Geddes,Gavin McLean,L,R,Offspeed,Ball,,,0,-0.695156026,-0.313504538
6,2,3,1,'3-1,2025-09-05,Brock Badgers,Wilfrid Laurier Golden Hawks,,Adam Geddes,Gavin McLean,L,R,Fastball,Walk,,,0,1.10511138,-0.213911493
6,2,0,0,'0-0,2025-09-05,Brock Badgers,Wilfrid Laurier Golden Hawks,,Caleb Feuerstake,Gavin McLean,L,R,Fastball,Ball,,,100,-1.19845659,0.850967984
6,2,1,0,'1-0,2025-09-05,Brock Badgers,Wilfrid Laurier Golden Hawks,,Caleb Feuerstake,Gavin McLean,L,R,Fastball,Ball,,,100,-1.121025734,0.621137881
6,2,2,0,'2-0,2025-09-05,Brock Badgers,Wilfrid Laurier Golden Hawks,,Caleb Feuerstake,Gavin McLean,L,R,Breaking Ball,Ball,,,10,-0.346717173,-0.259877514
6,2,3,0,'3-0,2025-09-05,Brock Badgers,Wilfrid Laurier Golden Hawks,,Caleb Feuerstake,Gavin McLean,L,R,Breaking Ball,Walk,,,10,-0.017636034,-0.290521528
6,2,0,0,'0-0,2025-09-05,Brock Badgers,Wilfrid Laurier Golden Hawks,,Reid Lunney,Gavin McLean,L,R,Fastball,Called Strike,,,110,-0.114424605,-0.060691424
6,2,0,1,'0-1,2025-09-05,Brock Badgers,Wilfrid Laurier Golden Hawks,,Reid Lunney,Gavin McLean,L,R,Fastball,Single,Line Drive,Straightaway,110,0.427591388,0.513883833
6,2,0,0,'0-0,2025-09-05,Brock Badgers,Wilfrid Laurier Golden Hawks,,Jaden Leeder,Gavin McLean,R,R,Fastball,Called Strike,,,10,0.892176525,0.77435795
6,2,0,1,'0-1,2025-09-05,Brock Badgers,Wilfrid Laurier Golden Hawks,,Jaden Leeder,Gavin McLean,R,R,Breaking Ball,Swinging Strike,,,10,-0.540294313,0.444934802
6,2,0,2,'0-2,2025-09-05,Brock Badgers,Wilfrid Laurier Golden Hawks,,Jaden Leeder,Gavin McLean,R,R,Fastball,Foul,,,10,-0.617725169,0.207443696
6,2,0,2,'0-2,2025-09-05,Brock Badgers,Wilfrid Laurier Golden Hawks,,Jaden Leeder,Gavin McLean,R,R,Fastball,Ball,,,10,1.530981088,0.207443696
6,2,1,2,'1-2,2025-09-05,Brock Badgers,Wilfrid Laurier Golden Hawks,,Jaden Leeder,Gavin McLean,R,R,Breaking Ball,Strikeout Looking,,,10,0.659883957,0.176799682
7,0,0,0,'0-0,2025-09-05,Wilfrid Laurier Golden Hawks,Brock Badgers,,Brendan Boys,Charlie Hughes,R,R,Fastball,Called Strike,,,0,0.505022245,0.467917813
7,0,0,1,'0-1,2025-09-05,Wilfrid Laurier Golden Hawks,Brock Badgers,,Brendan Boys,Charlie Hughes,R,R,Fastball,Single,Ground Ball,Pull,0,0.19529882,0.253409716
7,0,0,0,'0-0,2025-09-05,Wilfrid Laurier Golden Hawks,Brock Badgers,,Johnny Banks,Charlie Hughes,R,R,Fastball,Flyout,Fly Ball,Straightaway,100,0.350160532,0.827984974
7,1,0,0,'0-0,2025-09-05,Wilfrid Laurier Golden Hawks,Brock Badgers,,Jack Symington,Charlie Hughes,R,R,Fastball,Ball,,,100,-1.295245161,0.697747916
7,1,1,0,'1-0,2025-09-05,Wilfrid Laurier Golden Hawks,Brock Badgers,,Jack Symington,Charlie Hughes,R,R,Fastball,Flyout,Line Drive,Straightaway,100,0.234014248,0.544527847
7,2,0,0,'0-0,2025-09-05,Wilfrid Laurier Golden Hawks,Brock Badgers,,Ash Abols,Charlie Hughes,R,R,Fastball,Ball,,,100,-0.036993748,1.165069125
7,2,1,0,'1-0,2025-09-05,Wilfrid Laurier Golden Hawks,Brock Badgers,,Ash Abols,Charlie Hughes,R,R,Fastball,Flyout,Fly Ball,Straightaway,100,0.175941106,0.444934802
1,0,0,0,'0-0,2025-09-07,Brock Badgers,Guelph Gryphons,,Caleb Feuerstake,Daniel Meron,L,R,Fastball,Called Strike,,,0,0.38887596,0.827984974
1,0,0,1,'0-1,2025-09-07,Brock Badgers,Guelph Gryphons,,Caleb Feuerstake,Daniel Meron,L,R,Fastball,Ball,,,0,1.356761662,0.866289991
1,0,1,1,'1-1,2025-09-07,Brock Badgers,Guelph Gryphons,,Caleb Feuerstake,Daniel Meron,L,R,Fastball,Called Strike,,,0,0.079152536,0.942900026
1,0,1,2,'1-2,2025-09-07,Brock Badgers,Guelph Gryphons,,Caleb Feuerstake,Daniel Meron,L,R,Offspeed,Ball,,,0,0.38887596,1.119103104
1,0,2,2,'2-2,2025-09-07,Brock Badgers,Guelph Gryphons,,Caleb Feuerstake,Daniel Meron,L,R,Fastball,Groundout,Ground Ball,Pull,0,0.756672527,0.75137494
1,1,0,0,'0-0,2025-09-07,Brock Badgers,Guelph Gryphons,,Reid Lunney,Daniel Meron,L,R,Fastball,Single,Line Drive,Straightaway,0,-0.211213175,0.805001964
1,1,0,0,'0-0,2025-09-07,Brock Badgers,Guelph Gryphons,1.13,Jaden Leeder,Daniel Meron,R,R,Fastball,Called Strike,,,100,0.311445104,0.690086912
1,1,0,1,'0-1,2025-09-07,Brock Badgers,Guelph Gryphons,,Jaden Leeder,Daniel Meron,R,R,Fastball,Ball,,,100,0.29208739,-0.190928483
1,1,1,1,'1-1,2025-09-07,Brock Badgers,Guelph Gryphons,,Jaden Leeder,Daniel Meron,R,R,Fastball,Flyout,Fly Ball,Opposite Field,10,0.38887596,0.406629785
1,2,0,0,'0-0,2025-09-07,Brock Badgers,Guelph Gryphons,,Cole Carpenter,Daniel Meron,R,R,Breaking Ball,Called Strike,,,1,0.38887596,-0.336487548
1,2,0,1,'0-1,2025-09-07,Brock Badgers,Guelph Gryphons,,Cole Carpenter,Daniel Meron,R,R,Fastball,Popout,Pop Up,Opposite Field,1,0.29208739,0.904595008
1,0,0,0,'0-0,2025-09-07,Guelph Gryphons,Brock Badgers,,Marco Da Gama,Jack Tiessen,R,R,Fastball,Called Strike,,,0,-0.675798312,0.705408919
1,0,0,1,'0-1,2025-09-07,Guelph Gryphons,Brock Badgers,,Marco Da Gama,Jack Tiessen,R,R,Fastball,Ball,,,0,0.717957099,0.276392727
1,0,1,1,'1-1,2025-09-07,Guelph Gryphons,Brock Badgers,,Marco Da Gama,Jack Tiessen,R,R,Curveball,Groundout,Ground Ball,Straightaway,0,-0.114424605,0.820323971
1,1,0,0,'0-0,2025-09-07,Guelph Gryphons,Brock Badgers,,Nolan Scicluna,Jack Tiessen,L,R,Fastball,Called Strike,,,0,0.582453101,0.184460686
1,1,0,1,'0-1,2025-09-07,Guelph Gryphons,Brock Badgers,,Nolan Scicluna,Jack Tiessen,L,R,Curveball,Swinging Strike,,,0,0.19529882,-0.4514026
1,1,0,2,'0-2,2025-09-07,Guelph Gryphons,Brock Badgers,,Nolan Scicluna,Jack Tiessen,L,R,Fastball,Strikeout Looking,,,0,0.679241671,0.827984974
1,2,0,0,'0-0,2025-09-07,Guelph Gryphons,Brock Badgers,,Evan Ogston,Jack Tiessen,R,R,Curveball,Ball,,,0,1.666485087,-0.190928483
1,2,1,0,'1-0,2025-09-07,Guelph Gryphons,Brock Badgers,,Evan Ogston,Jack Tiessen,R,R,Fastball,Swinging Strike,,,0,0.408233674,-0.2292335
1,2,1,1,'1-1,2025-09-07,Guelph Gryphons,Brock Badgers,,Evan Ogston,Jack Tiessen,R,R,Changeup,Ball,,,0,0.717957099,-0.367131562
1,2,2,1,'2-1,2025-09-07,Guelph Gryphons,Brock Badgers,,Evan Ogston,Jack Tiessen,R,R,Fastball,Called Strike,,,0,0.505022245,0.26107072
1,2,2,2,'2-2,2025-09-07,Guelph Gryphons,Brock Badgers,,Evan Ogston,Jack Tiessen,R,R,Fastball,Foul,,,0,-0.249928603,0.789679957
1,2,2,2,'2-2,2025-09-07,Guelph Gryphons,Brock Badgers,,Evan Ogston,Jack Tiessen,R,R,Changeup,Ball,,,0,-1.024237164,-0.367131562
1,2,3,2,'3-2,2025-09-07,Guelph Gryphons,Brock Badgers,,Evan Ogston,Jack Tiessen,R,R,Curveball,Popout,Pop Up,Straightaway,0,0.311445104,0.169138679
2,0,0,0,'0-0,2025-09-07,Brock Badgers,Guelph Gryphons,,Flynn Matheson,Daniel Meron,R,R,Breaking Ball,Ball,,,0,1.453550232,0.184460686
2,0,1,0,'1-0,2025-09-07,Brock Badgers,Guelph Gryphons,,Flynn Matheson,Daniel Meron,R,R,Fastball,Foul,,,0,-0.617725169,0.26107072
2,0,1,1,'1-1,2025-09-07,Brock Badgers,Guelph Gryphons,,Flynn Matheson,Daniel Meron,R,R,Breaking Ball,Foul,,,0,0.09851025,0.054223627
2,0,1,2,'1-2,2025-09-07,Brock Badgers,Guelph Gryphons,,Flynn Matheson,Daniel Meron,R,R,Breaking Ball,Ball,,,0,1.20189995,-0.374792565
2,0,2,2,'2-2,2025-09-07,Brock Badgers,Guelph Gryphons,,Flynn Matheson,Daniel Meron,R,R,Fastball,Strikeout Looking,,,0,0.446949103,0.575171861
2,1,0,0,'0-0,2025-09-07,Brock Badgers,Guelph Gryphons,,Nolan Phelan,Daniel Meron,R,R,Fastball,Foul,,,0,0.234014248,0.253409716
2,1,0,1,'0-1,2025-09-07,Brock Badgers,Guelph Gryphons,,Nolan Phelan,Daniel Meron,R,R,Breaking Ball,Foul,,,0,0.582453101,0.23808771
2,1,0,2,'0-2,2025-09-07,Brock Badgers,Guelph Gryphons,,Nolan Phelan,Daniel Meron,R,R,Fastball,Strikeout Swinging,,,0,0.640526243,1.149747118
2,2,0,0,'0-0,2025-09-07,Brock Badgers,Guelph Gryphons,,Brayden Sowrey,Daniel Meron,R,R,Fastball,Called Strike,,,0,0.234014248,0.421951792
2,2,0,1,'0-1,2025-09-07,Brock Badgers,Guelph Gryphons,,Brayden Sowrey,Daniel Meron,R,R,Breaking Ball,Ball,,,0,0.834103383,-0.359470558
2,2,1,1,'1-1,2025-09-07,Brock Badgers,Guelph Gryphons,,Brayden Sowrey,Daniel Meron,R,R,Fastball,Error,Ground Ball,Straightaway,0,-0.869375452,0.743713936
2,2,0,0,'0-0,2025-09-07,Brock Badgers,Guelph Gryphons,,Brady Campbell,Daniel Meron,R,R,Fastball,Called Strike,,,100,-1.333960589,0.30703674
2,2,0,1,'0-1,2025-09-07,Brock Badgers,Guelph Gryphons,,Brady Campbell,Daniel Meron,R,R,Fastball,Swinging Strike,,,100,0.234014248,0.590493868
2,2,0,2,'0-2,2025-09-07,Brock Badgers,Guelph Gryphons,1.07,Brady Campbell,Daniel Meron,R,R,Fastball,Ball,,,100,0.853461097,0.176799682
2,2,1,2,'1-2,2025-09-07,Brock Badgers,Guelph Gryphons,1.04,Brady Campbell,Daniel Meron,R,R,Breaking Ball,Ball,,,100,1.20189995,-0.344148552
2,2,2,2,'2-2,2025-09-07,Brock Badgers,Guelph Gryphons,,Brady Campbell,Daniel Meron,R,R,Fastball,Groundout,Ground Ball,Pull,100,0.38887596,0.299375737
2,0,0,0,'0-0,2025-09-07,Guelph Gryphons,Brock Badgers,,Sawyer Whitaker,Jack Tiessen,L,R,Fastball,Ball,,,0,0.29208739,-0.550995644
2,0,1,0,'1-0,2025-09-07,Guelph Gryphons,Brock Badgers,,Sawyer Whitaker,Jack Tiessen,L,R,Fastball,Ball,,,0,1.434192518,0.743713936
2,0,2,0,'2-0,2025-09-07,Guelph Gryphons,Brock Badgers,,Sawyer Whitaker,Jack Tiessen,L,R,Curveball,Foul,,,0,-0.598367455,0.789679957
2,0,2,1,'2-1,2025-09-07,Guelph Gryphons,Brock Badgers,,Sawyer Whitaker,Jack Tiessen,L,R,Changeup,Called Strike,,,0,0.408233674,0.421951792
2,0,2,2,'2-2,2025-09-07,Guelph Gryphons,Brock Badgers,,Sawyer Whitaker,Jack Tiessen,L,R,Changeup,Ball,,,0,-0.211213175,-0.382453569
2,0,3,2,'3-2,2025-09-07,Guelph Gryphons,Brock Badgers,,Sawyer Whitaker,Jack Tiessen,L,R,Fastball,Strikeout Looking,,,0,0.679241671,0.153816672
2,1,0,0,'0-0,2025-09-07,Guelph Gryphons,Brock Badgers,,Jack Gillis,Jack Tiessen,L,R,Curveball,Ball,,,0,-1.237172019,0.169138679
2,1,1,0,'1-0,2025-09-07,Guelph Gryphons,Brock Badgers,,Jack Gillis,Jack Tiessen,L,R,Fastball,Foul,,,0,-0.230570889,0.345341758
2,1,1,1,'1-1,2025-09-07,Guelph Gryphons,Brock Badgers,,Jack Gillis,Jack Tiessen,L,R,Changeup,Ball,,,0,-1.237172019,0.054223627
2,1,2,1,'2-1,2025-09-07,Guelph Gryphons,Brock Badgers,,Jack Gillis,Jack Tiessen,L,R,Fastball,Called Strike,,,0,0.175941106,0.736052933
2,1,2,2,'2-2,2025-09-07,Guelph Gryphons,Brock Badgers,,Jack Gillis,Jack Tiessen,L,R,Fastball,Single,Line Drive,Pull,0,0.427591388,0.28405373
2,1,0,0,'0-0,2025-09-07,Guelph Gryphons,Brock Badgers,1.38,Noah Cantwell,Jack Tiessen,R,R,Fastball,Ball,,,100,0.427591388,-0.121979452
2,1,1,0,'1-0,2025-09-07,Guelph Gryphons,Brock Badgers,1.43,Noah Cantwell,Jack Tiessen,R,R,Fastball,Double,Line Drive,Pull,100,-0.288644031,0.728391929
2,1,0,0,'0-0,2025-09-07,Guelph Gryphons,Brock Badgers,,Brendan Cooper,Jack Tiessen,R,R,Curveball,Ball,,,10,-1.372676017,0.345341758
2,1,1,0,'1-0,2025-09-07,Guelph Gryphons,Brock Badgers,,Brendan Cooper,Jack Tiessen,R,R,Fastball,Ball,,,10,0.911534239,-0.236894503
2,1,2,0,'2-0,2025-09-07,Guelph Gryphons,Brock Badgers,,Brendan Cooper,Jack Tiessen,R,R,Fastball,Swinging Strike,,,10,0.311445104,0.598154871
2,1,2,1,'2-1,2025-09-07,Guelph Gryphons,Brock Badgers,,Brendan Cooper,Jack Tiessen,R,R,Fastball,Foul,,,10,-0.269286317,0.965883036
2,1,2,2,'2-2,2025-09-07,Guelph Gryphons,Brock Badgers,,Brendan Cooper,Jack Tiessen,R,R,Curveball,Foul,,,10,0.698599385,-0.198589486
2,1,2,2,'2-2,2025-09-07,Guelph Gryphons,Brock Badgers,,Brendan Cooper,Jack Tiessen,R,R,Curveball,Groundout,Ground Ball,Straightaway,10,0.408233674,0.222765703
2,2,0,0,'0-0,2025-09-07,Guelph Gryphons,Brock Badgers,,Noah Chang,Jack Tiessen,R,R,Fastball,Swinging Strike,,,1,-0.036993748,0.513883833
2,2,0,1,'0-1,2025-09-07,Guelph Gryphons,Brock Badgers,,Noah Chang,Jack Tiessen,R,R,Fastball,Ball,,,1,1.530981088,-0.328826545
2,2,1,1,'1-1,2025-09-07,Guelph Gryphons,Brock Badgers,,Noah Chang,Jack Tiessen,R,R,Fastball,Ball,,,0,-0.482221171,1.157408122
2,2,2,1,'2-1,2025-09-07,Guelph Gryphons,Brock Badgers,,Noah Chang,Jack Tiessen,R,R,Curveball,Called Strike,,,0,-0.385432601,0.360663764
2,2,2,2,'2-2,2025-09-07,Guelph Gryphons,Brock Badgers,,Noah Chang,Jack Tiessen,R,R,Curveball,Ball,,,0,1.569696516,-0.2292335
2,2,3,2,'3-2,2025-09-07,Guelph Gryphons,Brock Badgers,,Noah Chang,Jack Tiessen,R,R,Fastball,Walk,,,0,-1.411391445,0.866289991
2,2,0,0,'0-0,2025-09-07,Guelph Gryphons,Brock Badgers,,Jaylen Wood,Jack Tiessen,R,R,Fastball,Foul,,,100,0.059794822,0.192121689
2,2,0,1,'0-1,2025-09-07,Guelph Gryphons,Brock Badgers,,Jaylen Wood,Jack Tiessen,R,R,Fastball,Foul,,,100,0.350160532,0.850967984
2,2,0,2,'0-2,2025-09-07,Guelph Gryphons,Brock Badgers,,Jaylen Wood,Jack Tiessen,R,R,Curveball,Ball,,,100,1.705200515,-0.413097582
2,2,1,2,'1-2,2025-09-07,Guelph Gryphons,Brock Badgers,,Jaylen Wood,Jack Tiessen,R,R,Fastball,Single,Ground Ball,Straightaway,10,-0.172497747,0.50622283
2,2,0,0,'0-0,2025-09-07,Guelph Gryphons,Brock Badgers,,Marco Da Gama,Jack Tiessen,R,R,Fastball,Ball,,,100,-0.017636034,1.165069125
2,2,1,0,'1-0,2025-09-07,Guelph Gryphons,Brock Badgers,,Marco Da Gama,Jack Tiessen,R,R,Fastball,Ball,,,100,1.530981088,0.176799682
2,2,2,0,'2-0,2025-09-07,Guelph Gryphons,Brock Badgers,,Marco Da Gama,Jack Tiessen,R,R,Fastball,Groundout,Ground Ball,Pull,100,-0.211213175,0.207443696
3,0,0,0,'0-0,2025-09-07,Brock Badgers,Guelph Gryphons,,Adam Geddes,Daniel Meron,L,R,Fastball,Flyout,Fly Ball,Pull,0,0.29208739,0.353002761
3,1,0,0,'0-0,2025-09-07,Brock Badgers,Guelph Gryphons,,Caleb Feuerstake,Daniel Meron,L,R,Offspeed,Ball,,,0,0.524379959,1.119103104
3,1,1,0,'1-0,2025-09-07,Brock Badgers,Guelph Gryphons,,Caleb Feuerstake,Daniel Meron,L,R,Fastball,Single,Ground Ball,Opposite Field,0,0.485664531,0.728391929
3,1,0,0,'0-0,2025-09-07,Brock Badgers,Guelph Gryphons,1.15,Reid Lunney,Daniel Meron,L,R,Fastball,Ball,,,100,1.29868852,0.965883036
3,1,1,0,'1-0,2025-09-07,Brock Badgers,Guelph Gryphons,1.1,Reid Lunney,Daniel Meron,L,R,Fastball,Foul,,,100,0.350160532,0.483239819
3,1,1,1,'1-1,2025-09-07,Brock Badgers,Guelph Gryphons,1.04,Reid Lunney,Daniel Meron,L,R,Fastball,Double,Line Drive,Straightaway,100,0.021079394,0.75137494
3,1,0,0,'0-0,2025-09-07,Brock Badgers,Guelph Gryphons,,Jaden Leeder,Daniel Meron,R,R,Fastball,Called Strike,,,10,0.737314813,0.276392727
3,1,0,1,'0-1,2025-09-07,Brock Badgers,Guelph Gryphons,,Jaden Leeder,Daniel Meron,R,R,Breaking Ball,Ball,,,10,1.434192518,0.299375737
3,1,1,1,'1-1,2025-09-07,Brock Badgers,Guelph Gryphons,,Jaden Leeder,Daniel Meron,R,R,Fastball,Groundout,Ground Ball,Pull,10,-0.172497747,0.843306981
3,2,0,0,'0-0,2025-09-07,Brock Badgers,Guelph Gryphons,,Cole Carpenter,Daniel Meron,R,R,Fastball,Called Strike,,,1,0.272729676,0.736052933
3,2,0,1,'0-1,2025-09-07,Brock Badgers,Guelph Gryphons,,Cole Carpenter,Daniel Meron,R,R,Breaking Ball,Flyout,Fly Ball,Opposite Field,1,0.446949103,0.337680754
3,0,0,0,'0-0,2025-09-07,Guelph Gryphons,Brock Badgers,,Nolan Scicluna,Jack Tiessen,L,R,Fastball,Groundout,Ground Ball,Pull,0,-0.462863457,0.299375737
3,1,0,0,'0-0,2025-09-07,Guelph Gryphons,Brock Badgers,,Evan Ogston,Jack Tiessen,R,R,Curveball,Called Strike,,,0,0.543737673,0.659442898
3,1,0,1,'0-1,2025-09-07,Guelph Gryphons,Brock Badgers,,Evan Ogston,Jack Tiessen,R,R,Curveball,Called Strike,,,0,0.659883957,0.084867641
3,1,0,2,'0-2,2025-09-07,Guelph Gryphons,Brock Badgers,,Evan Ogston,Jack Tiessen,R,R,Curveball,Ball,,,0,0.621168529,-0.390114572
3,1,1,2,'1-2,2025-09-07,Guelph Gryphons,Brock Badgers,,Evan Ogston,Jack Tiessen,R,R,Fastball,Ball,,,0,-1.450106873,0.759035943
3,1,2,2,'2-2,2025-09-07,Guelph Gryphons,Brock Badgers,,Evan Ogston,Jack Tiessen,R,R,Curveball,Ball,,,0,-0.482221171,-0.328826545
3,1,3,2,'3-2,2025-09-07,Guelph Gryphons,Brock Badgers,,Evan Ogston,Jack Tiessen,R,R,Fastball,Foul,,,0,0.156583392,0.77435795
3,1,3,2,'3-2,2025-09-07,Guelph Gryphons,Brock Badgers,,Evan Ogston,Jack Tiessen,R,R,Curveball,Walk,,,0,-0.191855461,-0.420758586
3,1,0,0,'0-0,2025-09-07,Guelph Gryphons,Brock Badgers,1.45,Sawyer Whitaker,Jack Tiessen,L,R,Fastball,Ball,,,100,-0.850017738,0.322358747
3,1,1,0,'1-0,2025-09-07,Guelph Gryphons,Brock Badgers,,Sawyer Whitaker,Jack Tiessen,L,R,Fastball,Ball,,,100,1.453550232,0.161477675
3,1,2,0,'2-0,2025-09-07,Guelph Gryphons,Brock Badgers,,Sawyer Whitaker,Jack Tiessen,L,R,Fastball,Called Strike,,,100,0.19529882,0.138494665
3,1,2,1,'2-1,2025-09-07,Guelph Gryphons,Brock Badgers,,Sawyer Whitaker,Jack Tiessen,L,R,Fastball,Foul,,,10,-0.385432601,0.475578816
3,1,2,2,'2-2,2025-09-07,Guelph Gryphons,Brock Badgers,,Sawyer Whitaker,Jack Tiessen,L,R,Curveball,Strikeout Swinging,,,10,-1.237172019,-0.213911493
3,2,0,0,'0-0,2025-09-07,Guelph Gryphons,Brock Badgers,,Jack Gillis,Jack Tiessen,L,R,Fastball,Ball,,,10,1.259973092,0.215104699
3,2,1,0,'1-0,2025-09-07,Guelph Gryphons,Brock Badgers,,Jack Gillis,Jack Tiessen,L,R,Changeup,Foul,,,10,-0.482221171,0.835645977
3,2,1,1,'1-1,2025-09-07,Guelph Gryphons,Brock Badgers,,Jack Gillis,Jack Tiessen,L,R,Curveball,Ball,,,10,0.853461097,-0.282860524
3,2,2,1,'2-1,2025-09-07,Guelph Gryphons,Brock Badgers,,Jack Gillis,Jack Tiessen,L,R,Fastball,Foul,,,10,0.621168529,0.299375737
3,2,2,2,'2-2,2025-09-07,Guelph Gryphons,Brock Badgers,,Jack Gillis,Jack Tiessen,L,R,Changeup,Strikeout Swinging,,,10,-0.327359459,-0.25221651
4,0,0,0,'0-0,2025-09-07,Brock Badgers,Guelph Gryphons,,Flynn Matheson,Daniel Meron,R,R,Fastball,Foul,,,0,0.369518246,0.605815874
4,0,0,1,'0-1,2025-09-07,Brock Badgers,Guelph Gryphons,,Flynn Matheson,Daniel Meron,R,R,Breaking Ball,Foul,,,0,0.776030241,-0.175606476
4,0,0,2,'0-2,2025-09-07,Brock Badgers,Guelph Gryphons,,Flynn Matheson,Daniel Meron,R,R,Breaking Ball,Foul,,,0,-0.036993748,0.199782692
4,0,0,2,'0-2,2025-09-07,Brock Badgers,Guelph Gryphons,,Flynn Matheson,Daniel Meron,R,R,Breaking Ball,Foul,,,0,0.795387955,0.169138679
4,0,0,2,'0-2,2025-09-07,Brock Badgers,Guelph Gryphons,,Flynn Matheson,Daniel Meron,R,R,Fastball,Ball,,,0,-1.024237164,1.188052135
4,0,1,2,'1-2,2025-09-07,Brock Badgers,Guelph Gryphons,,Flynn Matheson,Daniel Meron,R,R,Breaking Ball,Ball,,,0,0.834103383,-0.367131562
4,0,2,2,'2-2,2025-09-07,Brock Badgers,Guelph Gryphons,,Flynn Matheson,Daniel Meron,R,R,Fastball,Strikeout Looking,,,0,0.717957099,-0.060691424
4,1,0,0,'0-0,2025-09-07,Brock Badgers,Guelph Gryphons,,Nolan Phelan,Daniel Meron,R,R,Breaking Ball,Ball,,,0,0.988965095,-0.290521528
4,1,1,0,'1-0,2025-09-07,Brock Badgers,Guelph Gryphons,,Nolan Phelan,Daniel Meron,R,R,Fastball,Called Strike,,,0,0.543737673,0.138494665
4,1,1,1,'1-1,2025-09-07,Brock Badgers,Guelph Gryphons,,Nolan Phelan,Daniel Meron,R,R,Fastball,Flyout,Fly Ball,Opposite Field,0,0.253371962,0.674764905
4,2,0,0,'0-0,2025-09-07,Brock Badgers,Guelph Gryphons,,Brady Campbell,Daniel Meron,R,R,Fastball,Single,Line Drive,Opposite Field,0,0.524379959,0.30703674
4,2,0,0,'0-0,2025-09-07,Brock Badgers,Guelph Gryphons,,,,,,,Truncated Out,,,0,,
4,0,0,0,'0-0,2025-09-07,Guelph Gryphons,Brock Badgers,,Noah Cantwell,Jack Tiessen,R,R,Curveball,Foul,,,0,-0.249928603,0.429612795
4,0,0,1,'0-1,2025-09-07,Guelph Gryphons,Brock Badgers,,Noah Cantwell,Jack Tiessen,R,R,Curveball,Flyout,Fly Ball,Straightaway,0,0.00172168,0.789679957
4,1,0,0,'0-0,2025-09-07,Guelph Gryphons,Brock Badgers,,Brendan Cooper,Jack Tiessen,L,R,Fastball,Single,Pop Up,Pull,0,-0.308001745,0.850967984
4,1,0,0,'0-0,2025-09-07,Guelph Gryphons,Brock Badgers,,Noah Chang,Jack Tiessen,R,R,Fastball,Ball,,,100,-0.675798312,0.697747916
4,1,1,0,'1-0,2025-09-07,Guelph Gryphons,Brock Badgers,,Noah Chang,Jack Tiessen,R,R,Changeup,Ball,,,100,-0.695156026,1.134425111
4,1,2,0,'2-0,2025-09-07,Guelph Gryphons,Brock Badgers,,Noah Chang,Jack Tiessen,R,R,Changeup,Ball,,,100,-1.508180015,0.30703674
4,1,3,0,'3-0,2025-09-07,Guelph Gryphons,Brock Badgers,,Noah Chang,Jack Tiessen,R,R,Fastball,Called Strike,,,100,0.621168529,0.766696947
4,1,3,1,'3-1,2025-09-07,Guelph Gryphons,Brock Badgers,,Noah Chang,Jack Tiessen,R,R,Fastball,Single,Ground Ball,Straightaway,100,0.563095387,0.138494665
4,1,0,0,'0-0,2025-09-07,Guelph Gryphons,Brock Badgers,,Jaylen Wood,Jack Tiessen,R,R,Fastball,Ball,,,110,1.976208511,-0.198589486
4,1,1,0,'1-0,2025-09-07,Guelph Gryphons,Brock Badgers,,Jaylen Wood,Jack Tiessen,R,R,Fastball,Called Strike,,,110,0.659883957,0.605815874
4,1,1,1,'1-1,2025-09-07,Guelph Gryphons,Brock Badgers,,Jaylen Wood,Jack Tiessen,R,R,Curveball,Ball,,,110,0.776030241,-0.436080593
4,1,2,1,'2-1,2025-09-07,Guelph Gryphons,Brock Badgers,,Jaylen Wood,Jack Tiessen,R,R,Fastball,Foul,,,110,0.892176525,0.521544837
4,1,2,2,'2-2,2025-09-07,Guelph Gryphons,Brock Badgers,,Jaylen Wood,Jack Tiessen,R,R,Curveball,Ball,,,110,1.124469094,0.26107072
4,1,3,2,'3-2,2025-09-07,Guelph Gryphons,Brock Badgers,,Jaylen Wood,Jack Tiessen,R,R,Fastball,Strikeout Swinging,,,110,-0.366074887,0.927578019
4,2,0,0,'0-0,2025-09-07,Guelph Gryphons,Brock Badgers,,Marco Da Gama,Jack Tiessen,R,R,Fastball,Triple,Line Drive,Pull,110,0.272729676,0.322358747
4,2,0,0,'0-0,2025-09-07,Guelph Gryphons,Brock Badgers,,Nolan Scicluna,Jack Tiessen,L,R,Fastball,Ball,,,1,-1.663041727,0.590493868
4,2,1,0,'1-0,2025-09-07,Guelph Gryphons,Brock Badgers,,Nolan Scicluna,Jack Tiessen,L,R,Fastball,Ball,,,1,0.659883957,0.697747916
4,2,2,0,'2-0,2025-09-07,Guelph Gryphons,Brock Badgers,,Nolan Scicluna,Jack Tiessen,L,R,Fastball,Ball,,,1,0.582453101,-0.321165541
4,2,3,0,'3-0,2025-09-07,Guelph Gryphons,Brock Badgers,,Nolan Scicluna,Jack Tiessen,L,R,Fastball,Walk,,,1,-0.501578885,-0.167945473
4,2,0,0,'0-0,2025-09-07,Guelph Gryphons,Brock Badgers,,Nolan Scicluna,Jack Tiessen,L,R,Fastball,Groundout,Ground Ball,Pull,101,0.485664531,0.444934802
5,0,0,0,'0-0,2025-09-07,Brock Badgers,Guelph Gryphons,,Brayden Sowrey,Daniel Meron,R,R,Fastball,Called Strike,,,0,0.563095387,0.812662967
5,0,0,1,'0-1,2025-09-07,Brock Badgers,Guelph Gryphons,,Brayden Sowrey,Daniel Meron,R,R,Fastball,Called Strike,,,0,0.601810815,0.521544837
5,0,0,2,'0-2,2025-09-07,Brock Badgers,Guelph Gryphons,,Brayden Sowrey,Daniel Meron,R,R,Fastball,Ball,,,0,-1.392033731,0.904595008
5,0,1,2,'1-2,2025-09-07,Brock Badgers,Guelph Gryphons,,Brayden Sowrey,Daniel Meron,R,R,Fastball,Ball,,,0,1.705200515,0.736052933
5,0,2,2,'2-2,2025-09-07,Brock Badgers,Guelph Gryphons,,Brayden Sowrey,Daniel Meron,R,R,Fastball,Ball,,,0,-0.346717173,-0.351809555
5,0,3,2,'3-2,2025-09-07,Brock Badgers,Guelph Gryphons,,Brayden Sowrey,Daniel Meron,R,R,Fastball,Walk,,,0,-0.191855461,-0.2292335
5,0,0,0,'0-0,2025-09-07,Brock Badgers,Guelph Gryphons,,Adam Geddes,Daniel Meron,L,R,Fastball,Called Strike,,,100,-0.249928603,0.544527847
5,0,0,1,'0-1,2025-09-07,Brock Badgers,Guelph Gryphons,,Adam Geddes,Daniel Meron,L,R,Fastball,Single,Ground Ball,Pull,100,-0.288644031,0.644120892
5,0,0,0,'0-0,2025-09-07,Brock Badgers,Guelph Gryphons,,Caleb Feuerstake,Daniel Meron,L,R,Fastball,Swinging Strike,,,110,-0.482221171,-0.144962462
5,0,0,1,'0-1,2025-09-07,Brock Badgers,Guelph Gryphons,,Caleb Feuerstake,Daniel Meron,L,R,Fastball,Ball,,,110,0.543737673,1.088459091
5,0,1,1,'1-1,2025-09-07,Brock Badgers,Guelph Gryphons,,Caleb Feuerstake,Daniel Meron,L,R,Offspeed,Ball,,,110,0.621168529,-0.091335438
5,0,2,1,'2-1,2025-09-07,Brock Badgers,Guelph Gryphons,,Caleb Feuerstake,Daniel Meron,L,R,Fastball,Ball,,,110,1.124469094,0.820323971
5,0,3,1,'3-1,2025-09-07,Brock Badgers,Guelph Gryphons,,Caleb Feuerstake,Daniel Meron,L,R,Fastball,Walk,,,110,-0.501578885,1.157408122
5,0,0,0,'0-0,2025-09-07,Brock Badgers,Guelph Gryphons,,Reid Lunney,Daniel Meron,L,R,Offspeed,Called Strike,,,111,0.330802818,0.146155668
5,0,0,1,'0-1,2025-09-07,Brock Badgers,Guelph Gryphons,,Reid Lunney,Daniel Meron,L,R,Fastball,Ball,,,111,-0.540294313,1.073137084
5,0,1,1,'1-1,2025-09-07,Brock Badgers,Guelph Gryphons,,Reid Lunney,Daniel Meron,L,R,Offspeed,Called Strike,,,111,0.621168529,0.130833661
5,0,1,2,'1-2,2025-09-07,Brock Badgers,Guelph Gryphons,,Reid Lunney,Daniel Meron,L,R,Fastball,Foul,,,111,-0.675798312,0.79734096
5,0,1,2,'1-2,2025-09-07,Brock Badgers,Guelph Gryphons,,Reid Lunney,Daniel Meron,L,R,Offspeed,Hit By Pitch,,,111,1.976208511,0.054223627
5,0,0,0,'0-0,2025-09-07,Brock Badgers,Guelph Gryphons,,Jaden Leeder,Daniel Meron,R,R,Fastball,Error,Ground Ball,Straightaway,111,-0.346717173,0.207443696
5,0,0,0,'0-0,2025-09-07,Brock Badgers,Guelph Gryphons,,Cole Carpenter,Daniel Meron,R,R,Fastball,Swinging Strike,,,111,-1.275887447,0.184460686
5,0,0,1,'0-1,2025-09-07,Brock Badgers,Guelph Gryphons,,Cole Carpenter,Daniel Meron,R,R,Fastball,Sacrifice Fly,Fly Ball,Straightaway,111,-0.133782319,0.881611998
5,1,0,0,'0-0,2025-09-07,Brock Badgers,Guelph Gryphons,,Flynn Matheson,Daniel Meron,R,R,Fastball,Groundout,Ground Ball,Straightaway,101,-0.153140033,0.28405373
5,2,0,0,'0-0,2025-09-07,Brock Badgers,Guelph Gryphons,,Nolan Phelan,Daniel Meron,R,R,Fastball,Foul,,,10,0.466306817,0.406629785
5,2,0,1,'0-1,2025-09-07,Brock Badgers,Guelph Gryphons,,Nolan Phelan,Daniel Meron,R,R,Breaking Ball,Ball,,,10,1.705200515,-0.298182531
5,2,1,1,'1-1,2025-09-07,Brock Badgers,Guelph Gryphons,,Nolan Phelan,Daniel Meron,R,R,Fastball,Foul,,,10,-0.288644031,0.26107072
5,2,1,2,'1-2,2025-09-07,Brock Badgers,Guelph Gryphons,,Nolan Phelan,Daniel Meron,R,R,Fastball,Error,Ground Ball,Straightaway,10,-0.211213175,0.138494665
5,2,0,0,'0-0,2025-09-07,Brock Badgers,Guelph Gryphons,,Brady Campbell,Daniel Meron,R,R,Fastball,Foul,,,100,-0.598367455,0.383646775
5,2,0,1,'0-1,2025-09-07,Brock Badgers,Guelph Gryphons,,Brady Campbell,Daniel Meron,R,R,Breaking Ball,Ball,,,100,1.627769659,-0.190928483
5,2,1,1,'1-1,2025-09-07,Brock Badgers,Guelph Gryphons,,Brady Campbell,Daniel Meron,R,R,Fastball,Ball,,,100,1.143826808,-0.336487548
5,2,2,1,'2-1,2025-09-07,Brock Badgers,Guelph Gryphons,,Brady Campbell,Daniel Meron,R,R,Fastball,Popout,Pop Up,Opposite Field,100,-0.656440598,0.590493868
5,0,0,0,'0-0,2025-09-07,Guelph Gryphons,Brock Badgers,,Sawyer Whitaker,RJ Moniz,L,L,Curveball,Called Strike,,,0,0.311445104,0.23808771
5,0,0,1,'0-1,2025-09-07,Guelph Gryphons,Brock Badgers,,Sawyer Whitaker,RJ Moniz,L,L,Curveball,Called Strike,,,0,0.311445104,0.805001964
5,0,0,2,'0-2,2025-09-07,Guelph Gryphons,Brock Badgers,,Sawyer Whitaker,RJ Moniz,L,L,Curveball,Ball,,,0,-1.527537729,-0.152623466
5,0,1,2,'1-2,2025-09-07,Guelph Gryphons,Brock Badgers,,Sawyer Whitaker,RJ Moniz,L,L,Fastball,Ball,,,0,-1.488822301,-0.382453569
5,0,2,2,'2-2,2025-09-07,Guelph Gryphons,Brock Badgers,,Sawyer Whitaker,RJ Moniz,L,L,Curveball,Strikeout Looking,,,0,-0.695156026,0.398968782
5,1,0,0,'0-0,2025-09-07,Guelph Gryphons,Brock Badgers,,Jack Gillis,RJ Moniz,L,L,Fastball,Ball,,,0,-1.024237164,-0.244555507
5,1,1,0,'1-0,2025-09-07,Guelph Gryphons,Brock Badgers,,Jack Gillis,RJ Moniz,L,L,Fastball,Foul,,,0,0.253371962,0.575171861
5,1,1,1,'1-1,2025-09-07,Guelph Gryphons,Brock Badgers,,Jack Gillis,RJ Moniz,L,L,Curveball,Ball,,,0,-1.81790344,-0.144962462
5,1,2,1,'2-1,2025-09-07,Guelph Gryphons,Brock Badgers,,Jack Gillis,RJ Moniz,L,L,Fastball,Ball,,,0,0.175941106,-0.359470558
5,1,3,1,'3-1,2025-09-07,Guelph Gryphons,Brock Badgers,,Jack Gillis,RJ Moniz,L,L,Curveball,Hit By Pitch,,,0,1.918135369,0.988866046
5,1,0,0,'0-0,2025-09-07,Guelph Gryphons,Brock Badgers,1.01,Noah Cantwell,RJ Moniz,R,L,Fastball,Ball,,,100,-0.656440598,-0.47438561
5,1,1,0,'1-0,2025-09-07,Guelph Gryphons,Brock Badgers,1.03,Noah Cantwell,RJ Moniz,R,L,Curveball,Ball,,,100,-1.604968585,-0.321165541
5,1,2,0,'2-0,2025-09-07,Guelph Gryphons,Brock Badgers,,Noah Cantwell,RJ Moniz,R,L,Fastball,Ball,,,10,1.647127373,1.096120094
5,1,3,0,'3-0,2025-09-07,Guelph Gryphons,Brock Badgers,,Noah Cantwell,RJ Moniz,R,L,Fastball,Walk,,,10,-1.159741162,-0.313504538
5,1,0,0,'0-0,2025-09-07,Guelph Gryphons,Brock Badgers,,Brendan Cooper,Jack Cohen,R,R,Fastball,Foul,,,110,0.175941106,0.360663764
5,1,0,1,'0-1,2025-09-07,Guelph Gryphons,Brock Badgers,,Brendan Cooper,Jack Cohen,R,R,Fastball,Ball,,,110,1.569696516,-0.321165541
5,1,1,1,'1-1,2025-09-07,Guelph Gryphons,Brock Badgers,,Brendan Cooper,Jack Cohen,R,R,Fastball,Ball,,,110,1.085753666,-0.25221651
5,1,2,1,'2-1,2025-09-07,Guelph Gryphons,Brock Badgers,,Brendan Cooper,Jack Cohen,R,R,Fastball,Ball,,,110,-0.482221171,1.111442101
5,1,3,1,'3-1,2025-09-07,Guelph Gryphons,Brock Badgers,,Brendan Cooper,Jack Cohen,R,R,Fastball,Walk,,,110,0.853461097,-0.344148552
5,1,0,0,'0-0,2025-09-07,Guelph Gryphons,Brock Badgers,,Noah Chang,Jack Cohen,R,R,Fastball,Called Strike,,,111,0.09851025,0.873950995
5,1,0,1,'0-1,2025-09-07,Guelph Gryphons,Brock Badgers,,Noah Chang,Jack Cohen,R,R,Fastball,Ball,,,111,0.427591388,-0.49736862
5,1,1,1,'1-1,2025-09-07,Guelph Gryphons,Brock Badgers,,Noah Chang,Jack Cohen,R,R,Fastball,Foul,,,111,-0.637082884,0.575171861
5,1,1,2,'1-2,2025-09-07,Guelph Gryphons,Brock Badgers,,Noah Chang,Jack Cohen,R,R,Slider,Foul,,,111,0.717957099,0.299375737
5,1,1,2,'1-2,2025-09-07,Guelph Gryphons,Brock Badgers,,Noah Chang,Jack Cohen,R,R,Slider,Ball,,,111,1.550338802,-0.4514026
5,1,2,2,'2-2,2025-09-07,Guelph Gryphons,Brock Badgers,,Noah Chang,Dante Cifala,R,R,Fastball,Single,Ground Ball,Pull,11,0.330802818,0.421951792
5,1,0,0,'0-0,2025-09-07,Guelph Gryphons,Brock Badgers,,Jaylen Wood,Dante Cifala,R,R,Fastball,Foul,,,100,-0.559652027,0.789679957
5,1,0,1,'0-1,2025-09-07,Guelph Gryphons,Brock Badgers,1.22,Jaylen Wood,Dante Cifala,R,R,Slurve,Ball,,,100,0.853461097,-0.390114572
5,1,1,1,'1-1,2025-09-07,Guelph Gryphons,Brock Badgers,,Jaylen Wood,Dante Cifala,R,R,Slurve,Ball,,,100,-0.520936599,-0.328826545
5,1,2,1,'2-1,2025-09-07,Guelph Gryphons,Brock Badgers,,Jaylen Wood,Dante Cifala,R,R,Fastball,Ball,,,10,-1.159741162,-0.305843534
5,1,3,1,'3-1,2025-09-07,Guelph Gryphons,Brock Badgers,,Jaylen Wood,Dante Cifala,R,R,Fastball,Groundout,Ground Ball,Straightaway,10,0.446949103,0.299375737
5,2,0,0,'0-0,2025-09-07,Guelph Gryphons,Brock Badgers,,Marco Da Gama,Dante Cifala,R,R,Fastball,Called Strike,,,1,0.253371962,0.805001964
5,2,0,1,'0-1,2025-09-07,Guelph Gryphons,Brock Badgers,,Marco Da Gama,Dante Cifala,R,R,Slurve,Called Strike,,,1,-0.017636034,0.414290789
5,2,0,2,'0-2,2025-09-07,Guelph Gryphons,Brock Badgers,,Marco Da Gama,Dante Cifala,R,R,Slurve,Dropped Third Strike Swinging,,,1,0.446949103,-0.213911493
5,2,0,0,'0-0,2025-09-07,Guelph Gryphons,Brock Badgers,,Nolan Scicluna,Dante Cifala,L,R,Fastball,Foul,,,100,-0.695156026,-0.167945473
5,2,0,1,'0-1,2025-09-07,Guelph Gryphons,Brock Badgers,,Nolan Scicluna,Dante Cifala,L,R,Fastball,Flyout,Fly Ball,Straightaway,100,0.408233674,0.23808771
6,0,0,0,'0-0,2025-09-07,Brock Badgers,Guelph Gryphons,,Brayden Sowrey,Landon Hutar,R,R,Fastball,Ball,,,0,1.511623374,0.26107072
6,0,1,0,'1-0,2025-09-07,Brock Badgers,Guelph Gryphons,,Brayden Sowrey,Landon Hutar,R,R,Fastball,Ball,,,0,1.085753666,-0.344148552
6,0,2,0,'2-0,2025-09-07,Brock Badgers,Guelph Gryphons,,Brayden Sowrey,Landon Hutar,R,R,Breaking Ball,Popout,Pop Up,Opposite Field,0,0.19529882,0.812662967
6,1,0,0,'0-0,2025-09-07,Brock Badgers,Guelph Gryphons,,Adam Geddes,Landon Hutar,L,R,Fastball,Ball,,,0,-0.230570889,1.203374142
6,1,1,0,'1-0,2025-09-07,Brock Badgers,Guelph Gryphons,,Adam Geddes,Landon Hutar,L,R,Fastball,Swinging Strike,,,0,0.601810815,0.054223627
6,1,1,1,'1-1,2025-09-07,Brock Badgers,Guelph Gryphons,,Adam Geddes,Landon Hutar,L,R,Fastball,Swinging Strike,,,0,0.19529882,0.215104699
6,1,1,2,'1-2,2025-09-07,Brock Badgers,Guelph Gryphons,,Adam Geddes,Landon Hutar,L,R,Fastball,Groundout,Ground Ball,Pull,0,-0.482221171,0.636459888
6,2,0,0,'0-0,2025-09-07,Brock Badgers,Guelph Gryphons,,Caleb Feuerstake,Landon Hutar,L,R,Fastball,Ball,,,0,0.466306817,1.080798087
6,2,1,0,'1-0,2025-09-07,Brock Badgers,Guelph Gryphons,,Caleb Feuerstake,Landon Hutar,L,R,Fastball,Ball,,,0,-1.217814305,0.850967984
6,2,2,0,'2-0,2025-09-07,Brock Badgers,Guelph Gryphons,,Caleb Feuerstake,Landon Hutar,L,R,Fastball,Ball,,,0,-0.695156026,1.119103104
6,2,3,0,'3-0,2025-09-07,Brock Badgers,Guelph Gryphons,,Caleb Feuerstake,Landon Hutar,L,R,Fastball,Called Strike,,,0,0.040437108,0.375985771
6,2,3,1,'3-1,2025-09-07,Brock Badgers,Guelph Gryphons,,Caleb Feuerstake,Landon Hutar,L,R,Fastball,Walk,,,0,-1.314602875,0.728391929
6,2,0,0,'0-0,2025-09-07,Brock Badgers,Guelph Gryphons,1.22,Reid Lunney,Landon Hutar,L,R,Fastball,Ball,,,100,-0.346717173,0.965883036
6,2,1,0,'1-0,2025-09-07,Brock Badgers,Guelph Gryphons,,Reid Lunney,Landon Hutar,L,R,Offspeed,Ball,,,10,1.453550232,0.690086912
6,2,2,0,'2-0,2025-09-07,Brock Badgers,Guelph Gryphons,,Reid Lunney,Landon Hutar,L,R,Offspeed,Single,Ground Ball,Pull,10,0.543737673,0.736052933
6,2,0,0,'0-0,2025-09-07,Brock Badgers,Guelph Gryphons,,Jaden Leeder,Landon Hutar,R,R,Fastball,Ball,,,100,-1.140383448,1.149747118
6,2,1,0,'1-0,2025-09-07,Brock Badgers,Guelph Gryphons,,Jaden Leeder,Landon Hutar,R,R,Fastball,Lineout,Line Drive,Pull,100,-0.230570889,0.467917813
6,0,0,0,'0-0,2025-09-07,Guelph Gryphons,Brock Badgers,,Evan Ogston,Dante Cifala,R,R,Fastball,Ball,,,0,0.505022245,-0.221572497
6,0,1,0,'1-0,2025-09-07,Guelph Gryphons,Brock Badgers,,Evan Ogston,Dante Cifala,R,R,Fastball,Ball,,,0,-0.733871454,-0.114318449
6,0,2,0,'2-0,2025-09-07,Guelph Gryphons,Brock Badgers,,Evan Ogston,Dante Cifala,R,R,Fastball,Called Strike,,,0,0.621168529,0.253409716
6,0,2,1,'2-1,2025-09-07,Guelph Gryphons,Brock Badgers,,Evan Ogston,Dante Cifala,R,R,Fastball,Single,Line Drive,Opposite Field,0,-0.211213175,0.299375737
6,0,0,0,'0-0,2025-09-07,Guelph Gryphons,Brock Badgers,1.11,Sawyer Whitaker,Dante Cifala,L,R,Fastball,Called Strike,,,100,-0.791944596,0.460256809
6,0,0,1,'0-1,2025-09-07,Guelph Gryphons,Brock Badgers,,Sawyer Whitaker,Dante Cifala,L,R,Slurve,Ball,,,100,-0.346717173,0.889273001
6,0,1,1,'1-1,2025-09-07,Guelph Gryphons,Brock Badgers,,Sawyer Whitaker,Dante Cifala,L,R,Slurve,Ball,,,10,-0.753229168,0.161477675
6,0,2,1,'2-1,2025-09-07,Guelph Gryphons,Brock Badgers,,Sawyer Whitaker,Dante Cifala,L,R,Fastball,Single,Fly Ball,Opposite Field,10,0.330802818,0.138494665
6,0,0,0,'0-0,2025-09-07,Guelph Gryphons,Brock Badgers,,Jack Gillis,Dante Cifala,L,R,Fastball,Ball,,,101,-0.424148029,-0.336487548
6,0,1,0,'1-0,2025-09-07,Guelph Gryphons,Brock Badgers,,Jack Gillis,Dante Cifala,L,R,Fastball,Sacrifice Fly,Fly Ball,Pull,11,0.659883957,0.138494665
6,1,0,0,'0-0,2025-09-07,Guelph Gryphons,Brock Badgers,,Noah Cantwell,Dante Cifala,R,R,Fastball,Foul,,,1,0.214656534,0.805001964
6,1,0,1,'0-1,2025-09-07,Guelph Gryphons,Brock Badgers,,Noah Cantwell,Dante Cifala,R,R,Slurve,Lineout,Line Drive,Pull,1,-0.036993748,0.406629785
6,2,0,0,'0-0,2025-09-07,Guelph Gryphons,Brock Badgers,,Alex Peiper,Dante Cifala,R,R,Slurve,Ball,,,1,0.814745669,-0.367131562
6,2,1,0,'1-0,2025-09-07,Guelph Gryphons,Brock Badgers,,Alex Peiper,Dante Cifala,R,R,Fastball,Swinging Strike,,,1,-0.424148029,0.153816672
6,2,1,1,'1-1,2025-09-07,Guelph Gryphons,Brock Badgers,,Alex Peiper,Dante Cifala,R,R,Fastball,Popout,Pop Up,Opposite Field,1,0.621168529,0.559849854
7,0,0,0,'0-0,2025-09-07,Brock Badgers,Guelph Gryphons,,Cole Carpenter,Landon Hutar,R,R,Fastball,Foul,,,0,0.485664531,0.245748713
7,0,0,1,'0-1,2025-09-07,Brock Badgers,Guelph Gryphons,,Cole Carpenter,Landon Hutar,R,R,Breaking Ball,Ball,,,0,1.49226566,0.299375737
7,0,1,1,'1-1,2025-09-07,Brock Badgers,Guelph Gryphons,,Cole Carpenter,Landon Hutar,R,R,Fastball,Groundout,Ground Ball,Pull,0,-0.520936599,0.598154871
7,1,0,0,'0-0,2025-09-07,Brock Badgers,Guelph Gryphons,,Flynn Matheson,Landon Hutar,R,R,Fastball,Popout,Pop Up,Opposite Field,0,-0.191855461,0.889273001
7,2,0,0,'0-0,2025-09-07,Brock Badgers,Guelph Gryphons,,Nolan Phelan,Landon Hutar,R,R,Fastball,Called Strike,,,0,-0.308001745,0.398968782
7,2,0,1,'0-1,2025-09-07,Brock Badgers,Guelph Gryphons,,Nolan Phelan,Landon Hutar,R,R,Breaking Ball,Ball,,,0,1.666485087,-0.20625049
7,2,1,1,'1-1,2025-09-07,Brock Badgers,Guelph Gryphons,,Nolan Phelan,Landon Hutar,R,R,Fastball,Flyout,Fly Ball,Opposite Field,0,0.582453101,0.398968782
1,0,0,0,'0-0,2025-09-07,Brock Badgers,Guelph Gryphons,,Caleb Feuerstake,Logan Miziolek,L,R,Fastball,Ball,,,0,-0.617725169,1.188052135
1,0,1,0,'1-0,2025-09-07,Brock Badgers,Guelph Gryphons,,Caleb Feuerstake,Logan Miziolek,L,R,Fastball,Ball,,,0,-1.450106873,0.245748713
1,0,2,0,'2-0,2025-09-07,Brock Badgers,Guelph Gryphons,,Caleb Feuerstake,Logan Miziolek,L,R,Fastball,Called Strike,,,0,-0.850017738,0.889273001
1,0,2,1,'2-1,2025-09-07,Brock Badgers,Guelph Gryphons,,Caleb Feuerstake,Logan Miziolek,L,R,Fastball,Foul,,,0,-0.656440598,0.659442898
1,0,2,2,'2-2,2025-09-07,Brock Badgers,Guelph Gryphons,,Caleb Feuerstake,Logan Miziolek,L,R,Fastball,Strikeout Swinging,,,0,-0.327359459,1.080798087
1,1,0,0,'0-0,2025-09-07,Brock Badgers,Guelph Gryphons,,Reid Lunney,Logan Miziolek,L,R,Breaking Ball,Called Strike,,,0,-0.579009741,0.253409716
1,1,0,1,'0-1,2025-09-07,Brock Badgers,Guelph Gryphons,,Reid Lunney,Logan Miziolek,L,R,Breaking Ball,Called Strike,,,0,-1.179098876,0.23808771
1,1,0,2,'0-2,2025-09-07,Brock Badgers,Guelph Gryphons,,Reid Lunney,Logan Miziolek,L,R,Breaking Ball,Foul,,,0,-0.249928603,0.123172658
1,1,0,2,'0-2,2025-09-07,Brock Badgers,Guelph Gryphons,,Reid Lunney,Logan Miziolek,L,R,Fastball,Foul,,,0,-0.366074887,0.904595008
1,1,0,2,'0-2,2025-09-07,Brock Badgers,Guelph Gryphons,,Reid Lunney,Logan Miziolek,L,R,Breaking Ball,Flyout,Fly Ball,Straightaway,0,-0.482221171,0.176799682
1,2,0,0,'0-0,2025-09-07,Brock Badgers,Guelph Gryphons,,Jaden Leeder,Logan Miziolek,R,R,Breaking Ball,Ball,,,0,1.39547709,-0.236894503
1,2,1,0,'1-0,2025-09-07,Brock Badgers,Guelph Gryphons,,Jaden Leeder,Logan Miziolek,R,R,Breaking Ball,Ball,,,0,1.085753666,-0.405436579
1,2,2,0,'2-0,2025-09-07,Brock Badgers,Guelph Gryphons,,Jaden Leeder,Logan Miziolek,R,R,Fastball,Swinging Strike,,,0,0.175941106,1.088459091
1,2,2,1,'2-1,2025-09-07,Brock Badgers,Guelph Gryphons,,Jaden Leeder,Logan Miziolek,R,R,Fastball,Ball,,,0,0.737314813,-0.282860524
1,2,3,1,'3-1,2025-09-07,Brock Badgers,Guelph Gryphons,,Jaden Leeder,Logan Miziolek,R,R,Fastball,Called Strike,,,0,0.737314813,0.858628988
1,2,3,2,'3-2,2025-09-07,Brock Badgers,Guelph Gryphons,,Jaden Leeder,Logan Miziolek,R,R,Fastball,Foul,,,0,-0.036993748,0.850967984
1,2,3,2,'3-2,2025-09-07,Brock Badgers,Guelph Gryphons,,Jaden Leeder,Logan Miziolek,R,R,Breaking Ball,Strikeout Looking,,,0,-0.559652027,0.575171861
1,0,0,0,'0-0,2025-09-07,Guelph Gryphons,Brock Badgers,,Marco Da Gama,Daniel Lucas,R,R,Fastball,Groundout,Ground Ball,Pull,0,-0.520936599,0.667103902
1,1,0,0,'0-0,2025-09-07,Guelph Gryphons,Brock Badgers,,Noah Chang,Daniel Lucas,R,R,Curveball,Ball,,,0,-0.327359459,-0.137301459
1,1,1,0,'1-0,2025-09-07,Guelph Gryphons,Brock Badgers,,Noah Chang,Daniel Lucas,R,R,Fastball,Called Strike,,,0,0.834103383,0.460256809
1,1,1,1,'1-1,2025-09-07,Guelph Gryphons,Brock Badgers,,Noah Chang,Daniel Lucas,R,R,Fastball,Flyout,Fly Ball,Opposite Field,0,0.29208739,0.176799682
1,2,0,0,'0-0,2025-09-07,Guelph Gryphons,Brock Badgers,,Evan Ogston,Daniel Lucas,R,R,Fastball,Called Strike,,,0,0.679241671,0.728391929
1,2,0,1,'0-1,2025-09-07,Guelph Gryphons,Brock Badgers,,Evan Ogston,Daniel Lucas,R,R,Curveball,Foul,,,0,-0.249928603,0.820323971
1,2,0,2,'0-2,2025-09-07,Guelph Gryphons,Brock Badgers,,Evan Ogston,Daniel Lucas,R,R,Curveball,Flyout,Fly Ball,Straightaway,0,0.485664531,0.253409716
2,0,0,0,'0-0,2025-09-07,Brock Badgers,Guelph Gryphons,,Cole Carpenter,Logan Miziolek,R,R,Fastball,Ball,,,0,1.589054231,0.827984974
2,0,1,0,'1-0,2025-09-07,Brock Badgers,Guelph Gryphons,,Cole Carpenter,Logan Miziolek,R,R,Fastball,Ball,,,0,1.414834804,-0.275199521
2,0,2,0,'2-0,2025-09-07,Brock Badgers,Guelph Gryphons,,Cole Carpenter,Logan Miziolek,R,R,Fastball,Called Strike,,,0,0.814745669,0.421951792
2,0,2,1,'2-1,2025-09-07,Brock Badgers,Guelph Gryphons,,Cole Carpenter,Logan Miziolek,R,R,Fastball,Groundout,Ground Ball,Pull,0,0.214656534,0.375985771
2,1,0,0,'0-0,2025-09-07,Brock Badgers,Guelph Gryphons,,Flynn Matheson,Logan Miziolek,R,R,Breaking Ball,Called Strike,,,0,1.221257664,0.207443696
2,1,0,1,'0-1,2025-09-07,Brock Badgers,Guelph Gryphons,,Flynn Matheson,Logan Miziolek,R,R,Breaking Ball,Ball,,,0,0.234014248,1.103781098
2,1,1,1,'1-1,2025-09-07,Brock Badgers,Guelph Gryphons,,Flynn Matheson,Logan Miziolek,R,R,Breaking Ball,Swinging Strike,,,0,1.008322809,-0.336487548
2,1,1,2,'1-2,2025-09-07,Brock Badgers,Guelph Gryphons,,Flynn Matheson,Logan Miziolek,R,R,Fastball,Ball,,,0,-0.036993748,1.26466217
2,1,2,2,'2-2,2025-09-07,Brock Badgers,Guelph Gryphons,,Flynn Matheson,Logan Miziolek,R,R,Breaking Ball,Foul,,,0,0.563095387,-0.313504538
2,1,2,2,'2-2,2025-09-07,Brock Badgers,Guelph Gryphons,,Flynn Matheson,Logan Miziolek,R,R,Breaking Ball,Strikeout Swinging,,,0,1.860062227,-0.152623466
2,2,0,0,'0-0,2025-09-07,Brock Badgers,Guelph Gryphons,,Nolan Phelan,Logan Miziolek,R,R,Breaking Ball,Swinging Strike,,,0,0.350160532,0.107850651
2,2,0,1,'0-1,2025-09-07,Brock Badgers,Guelph Gryphons,,Nolan Phelan,Logan Miziolek,R,R,Breaking Ball,Flyout,Fly Ball,Straightaway,0,0.582453101,0.299375737
2,0,0,0,'0-0,2025-09-07,Guelph Gryphons,Brock Badgers,,Sawyer Whitaker,Daniel Lucas,L,R,Cutter,Ball,,,0,1.511623374,0.245748713
2,0,1,0,'1-0,2025-09-07,Guelph Gryphons,Brock Badgers,,Sawyer Whitaker,Daniel Lucas,L,R,Fastball,Ball,,,0,-1.159741162,0.207443696
2,0,2,0,'2-0,2025-09-07,Guelph Gryphons,Brock Badgers,,Sawyer Whitaker,Daniel Lucas,L,R,Fastball,Ball,,,0,0.330802818,1.180391132
2,0,3,0,'3-0,2025-09-07,Guelph Gryphons,Brock Badgers,,Sawyer Whitaker,Daniel Lucas,L,R,Fastball,Called Strike,,,0,0.09851025,0.820323971
2,0,3,1,'3-1,2025-09-07,Guelph Gryphons,Brock Badgers,,Sawyer Whitaker,Daniel Lucas,L,R,Fastball,Called Strike,,,0,0.466306817,0.161477675
2,0,3,2,'3-2,2025-09-07,Guelph Gryphons,Brock Badgers,,Sawyer Whitaker,Daniel Lucas,L,R,Fastball,Groundout,Ground Ball,Straightaway,0,-0.288644031,0.483239819
2,1,0,0,'0-0,2025-09-07,Guelph Gryphons,Brock Badgers,,Jack Gillis,Daniel Lucas,L,R,Fastball,Groundout,Ground Ball,Pull,0,-0.520936599,1.195713139
2,2,0,0,'0-0,2025-09-07,Guelph Gryphons,Brock Badgers,,Noah Cantwell,Daniel Lucas,R,R,Cutter,Ball,,,0,0.679241671,0.720730926
2,2,1,0,'1-0,2025-09-07,Guelph Gryphons,Brock Badgers,,Noah Cantwell,Daniel Lucas,R,R,Fastball,Called Strike,,,0,1.356761662,0.26107072
2,2,1,1,'1-1,2025-09-07,Guelph Gryphons,Brock Badgers,,Noah Cantwell,Daniel Lucas,R,R,Curveball,Ball,,,0,1.705200515,-0.129640455
2,2,2,1,'2-1,2025-09-07,Guelph Gryphons,Brock Badgers,,Noah Cantwell,Daniel Lucas,R,R,Fastball,Single,Line Drive,Straightaway,0,-0.017636034,0.720730926
2,2,0,0,'0-0,2025-09-07,Guelph Gryphons,Brock Badgers,,Brendan Cooper,Daniel Lucas,R,R,Fastball,Single,Line Drive,Opposite Field,10,-0.172497747,0.598154871
2,2,0,0,'0-0,2025-09-07,Guelph Gryphons,Brock Badgers,,Nolan Scicluna,Daniel Lucas,L,R,Fastball,Ball,,,101,-0.385432601,1.06547608
2,2,1,0,'1-0,2025-09-07,Guelph Gryphons,Brock Badgers,,Nolan Scicluna,Daniel Lucas,L,R,Fastball,Single,Ground Ball,Straightaway,101,-0.579009741,0.398968782
2,2,0,0,'0-0,2025-09-07,Guelph Gryphons,Brock Badgers,,Jaylen Wood,Daniel Lucas,R,R,Curveball,Swinging Strike,,,110,1.39547709,-0.190928483
2,2,0,1,'0-1,2025-09-07,Guelph Gryphons,Brock Badgers,,Jaylen Wood,Daniel Lucas,R,R,Fastball,Lineout,Line Drive,Opposite Field,110,-0.230570889,0.444934802
3,0,0,0,'0-0,2025-09-07,Brock Badgers,Guelph Gryphons,,Brady Campbell,Logan Miziolek,R,R,Fastball,Ball,,,0,1.511623374,1.188052135
3,0,1,0,'1-0,2025-09-07,Brock Badgers,Guelph Gryphons,,Brady Campbell,Logan Miziolek,R,R,Fastball,Popout,Pop Up,Opposite Field,0,0.369518246,0.245748713
3,1,0,0,'0-0,2025-09-07,Brock Badgers,Guelph Gryphons,,Brayden Sowrey,Logan Miziolek,R,R,Fastball,Called Strike,,,0,0.582453101,0.406629785
3,1,0,1,'0-1,2025-09-07,Brock Badgers,Guelph Gryphons,,Brayden Sowrey,Logan Miziolek,R,R,Fastball,Called Strike,,,0,0.659883957,0.536866843
3,1,0,2,'0-2,2025-09-07,Brock Badgers,Guelph Gryphons,,Brayden Sowrey,Logan Miziolek,R,R,Fastball,Foul,,,0,-0.656440598,0.368324768
3,1,0,2,'0-2,2025-09-07,Brock Badgers,Guelph Gryphons,,Brayden Sowrey,Logan Miziolek,R,R,Fastball,Ball,,,0,0.234014248,1.111442101
3,1,1,2,'1-2,2025-09-07,Brock Badgers,Guelph Gryphons,,Brayden Sowrey,Logan Miziolek,R,R,Breaking Ball,Ball,,,0,-0.443505743,1.096120094
3,1,2,2,'2-2,2025-09-07,Brock Badgers,Guelph Gryphons,,Brayden Sowrey,Logan Miziolek,R,R,Fastball,Foul,,,0,-0.637082884,0.682425909
3,1,2,2,'2-2,2025-09-07,Brock Badgers,Guelph Gryphons,,Brayden Sowrey,Logan Miziolek,R,R,Fastball,Strikeout Swinging,,,0,0.814745669,0.330019751
3,2,0,0,'0-0,2025-09-07,Brock Badgers,Guelph Gryphons,,Adam Geddes,Logan Miziolek,L,R,Fastball,Ball,,,0,1.047038238,-0.359470558
3,2,1,0,'1-0,2025-09-07,Brock Badgers,Guelph Gryphons,,Adam Geddes,Logan Miziolek,L,R,Breaking Ball,Called Strike,,,0,-0.211213175,0.115511655
3,2,1,1,'1-1,2025-09-07,Brock Badgers,Guelph Gryphons,,Adam Geddes,Logan Miziolek,L,R,Breaking Ball,Swinging Strike,,,0,0.408233674,0.123172658
3,2,1,2,'1-2,2025-09-07,Brock Badgers,Guelph Gryphons,,Adam Geddes,Logan Miziolek,L,R,Fastball,Strikeout Looking,,,0,0.698599385,0.138494665
3,0,0,0,'0-0,2025-09-07,Guelph Gryphons,Brock Badgers,,Marco Da Gama,Daniel Lucas,R,R,Fastball,Called Strike,,,0,0.834103383,0.26107072
3,0,0,1,'0-1,2025-09-07,Guelph Gryphons,Brock Badgers,,Marco Da Gama,Daniel Lucas,R,R,Curveball,Single,Ground Ball,Straightaway,0,0.214656534,0.276392727
3,0,0,0,'0-0,2025-09-07,Guelph Gryphons,Brock Badgers,,Noah Chang,Daniel Lucas,R,R,Fastball,Called Strike,,,100,1.143826808,0.444934802
3,0,0,1,'0-1,2025-09-07,Guelph Gryphons,Brock Badgers,,Noah Chang,Daniel Lucas,R,R,Fastball,Ball,,,100,-1.353318303,0.368324768
3,0,1,1,'1-1,2025-09-07,Guelph Gryphons,Brock Badgers,1.37,Noah Chang,Daniel Lucas,R,R,Curveball,Ball,,,100,2.072997081,0.03890162
3,0,2,1,'2-1,2025-09-07,Guelph Gryphons,Brock Badgers,1.03,Noah Chang,Daniel Lucas,R,R,Fastball,Flyout,Fly Ball,Straightaway,100,-0.133782319,0.437273799
3,1,0,0,'0-0,2025-09-07,Guelph Gryphons,Brock Badgers,,Evan Ogston,Daniel Lucas,R,R,Fastball,Ball,,,100,-0.191855461,1.165069125
3,1,1,0,'1-0,2025-09-07,Guelph Gryphons,Brock Badgers,,Evan Ogston,Daniel Lucas,R,R,Breaking Ball,Called Strike,,,100,0.38887596,0.28405373
3,1,1,1,'1-1,2025-09-07,Guelph Gryphons,Brock Badgers,,Evan Ogston,Daniel Lucas,R,R,Fastball,Ball,,,10,0.892176525,-0.236894503
3,1,2,1,'2-1,2025-09-07,Guelph Gryphons,Brock Badgers,,Evan Ogston,Daniel Lucas,R,R,Fastball,Flyout,Fly Ball,Opposite Field,10,0.679241671,0.77435795
3,2,0,0,'0-0,2025-09-07,Guelph Gryphons,Brock Badgers,,Sawyer Whitaker,Daniel Lucas,L,R,Fastball,Swinging Strike,,,1,-0.81130231,0.467917813
3,2,0,1,'0-1,2025-09-07,Guelph Gryphons,Brock Badgers,,Sawyer Whitaker,Daniel Lucas,L,R,Fastball,Foul,,,1,0.156583392,0.759035943
3,2,0,2,'0-2,2025-09-07,Guelph Gryphons,Brock Badgers,,Sawyer Whitaker,Daniel Lucas,L,R,Breaking Ball,Single,Line Drive,Straightaway,1,-0.114424605,0.291714734
3,2,0,0,'0-0,2025-09-07,Guelph Gryphons,Brock Badgers,1.01,Jack Gillis,Daniel Lucas,L,R,Fastball,Ball,,,100,-1.140383448,0.79734096
3,2,1,0,'1-0,2025-09-07,Guelph Gryphons,Brock Badgers,1.1,Jack Gillis,Daniel Lucas,L,R,Fastball,Single,Line Drive,Pull,100,-0.520936599,0.322358747
3,2,0,0,'0-0,2025-09-07,Guelph Gryphons,Brock Badgers,,Noah Cantwell,Daniel Lucas,R,R,Fastball,Groundout,Ground Ball,Straightaway,110,0.427591388,0.789679957
4,0,0,0,'0-0,2025-09-07,Brock Badgers,Guelph Gryphons,,Caleb Feuerstake,Logan Miziolek,L,R,Fastball,Ball,,,0,0.38887596,-0.244555507
4,0,1,0,'1-0,2025-09-07,Brock Badgers,Guelph Gryphons,,Caleb Feuerstake,Logan Miziolek,L,R,Fastball,Ball,,,0,-0.81130231,1.180391132
4,0,2,0,'2-0,2025-09-07,Brock Badgers,Guelph Gryphons,,Caleb Feuerstake,Logan Miziolek,L,R,Fastball,Ball,,,0,-1.295245161,0.705408919
4,0,3,0,'3-0,2025-09-07,Brock Badgers,Guelph Gryphons,,Caleb Feuerstake,Logan Miziolek,L,R,Fastball,Called Strike,,,0,-0.656440598,0.896934005
4,0,3,1,'3-1,2025-09-07,Brock Badgers,Guelph Gryphons,,Caleb Feuerstake,Logan Miziolek,L,R,Fastball,Called Strike,,,0,0.214656534,0.161477675
4,0,3,2,'3-2,2025-09-07,Brock Badgers,Guelph Gryphons,,Caleb Feuerstake,Logan Miziolek,L,R,Fastball,Walk,,,0,1.240615378,0.314697744
4,0,0,0,'0-0,2025-09-07,Brock Badgers,Guelph Gryphons,,Reid Lunney,Logan Miziolek,L,R,Fastball,Error,Ground Ball,Opposite Field,100,-0.172497747,0.398968782
4,0,0,0,'0-0,2025-09-07,Brock Badgers,Guelph Gryphons,,Jaden Leeder,Logan Miziolek,R,R,Fastball,Double Play,Ground Ball,Straightaway,110,0.485664531,0.460256809
4,2,0,0,'0-0,2025-09-07,Brock Badgers,Guelph Gryphons,,Cole Carpenter,Logan Miziolek,R,R,Fastball,Foul,,,1,-0.346717173,0.490900823
4,2,0,1,'0-1,2025-09-07,Brock Badgers,Guelph Gryphons,,Cole Carpenter,Logan Miziolek,R,R,Breaking Ball,Foul,,,1,0.872818811,0.184460686
4,2,0,2,'0-2,2025-09-07,Brock Badgers,Guelph Gryphons,,Cole Carpenter,Logan Miziolek,R,R,Fastball,Foul,,,1,0.814745669,1.103781098
4,2,0,2,'0-2,2025-09-07,Brock Badgers,Guelph Gryphons,,Cole Carpenter,Logan Miziolek,R,R,Breaking Ball,Foul,,,1,0.485664531,0.368324768
4,2,0,2,'0-2,2025-09-07,Brock Badgers,Guelph Gryphons,,Cole Carpenter,Logan Miziolek,R,R,Fastball,Foul,,,1,0.756672527,0.567510857
4,2,0,2,'0-2,2025-09-07,Brock Badgers,Guelph Gryphons,,Cole Carpenter,Logan Miziolek,R,R,Breaking Ball,Ball,,,1,-1.314602875,0.950561029
4,2,1,2,'1-2,2025-09-07,Brock Badgers,Guelph Gryphons,,Cole Carpenter,Logan Miziolek,R,R,Fastball,Foul,,,1,0.872818811,0.421951792
4,2,1,2,'1-2,2025-09-07,Brock Badgers,Guelph Gryphons,,Cole Carpenter,Logan Miziolek,R,R,Fastball,Single,Ground Ball,Straightaway,1,0.795387955,0.690086912
4,2,0,0,'0-0,2025-09-07,Brock Badgers,Guelph Gryphons,,Flynn Matheson,Logan Miziolek,R,R,Fastball,Ball,,,100,-0.327359459,-0.236894503
4,2,1,0,'1-0,2025-09-07,Brock Badgers,Guelph Gryphons,1.22,Flynn Matheson,Logan Miziolek,R,R,Fastball,Ball,,,100,0.582453101,1.080798087
4,2,2,0,'2-0,2025-09-07,Brock Badgers,Guelph Gryphons,1.11,Flynn Matheson,Logan Miziolek,R,R,Fastball,Called Strike,,,100,0.814745669,0.26107072
4,2,2,1,'2-1,2025-09-07,Brock Badgers,Guelph Gryphons,,Flynn Matheson,Logan Miziolek,R,R,Breaking Ball,Foul,,,100,0.698599385,0.138494665
4,2,2,2,'2-2,2025-09-07,Brock Badgers,Guelph Gryphons,,Flynn Matheson,Logan Miziolek,R,R,Fastball,Ball,,,100,0.214656534,-0.098996442
4,2,3,2,'3-2,2025-09-07,Brock Badgers,Guelph Gryphons,,Flynn Matheson,Logan Miziolek,R,R,Fastball,Foul,,,100,-0.385432601,0.896934005
4,2,3,2,'3-2,2025-09-07,Brock Badgers,Guelph Gryphons,,Flynn Matheson,Logan Miziolek,R,R,Breaking Ball,Flyout,Fly Ball,Opposite Field,100,-0.385432601,0.636459888
4,0,0,0,'0-0,2025-09-07,Guelph Gryphons,Brock Badgers,,Brendan Cooper,Daniel Lucas,R,R,Fastball,Groundout,Ground Ball,Straightaway,0,-0.153140033,0.713069922
4,1,0,0,'0-0,2025-09-07,Guelph Gryphons,Brock Badgers,,Nolan Scicluna,Daniel Lucas,L,R,Fastball,Single,Ground Ball,Opposite Field,0,-0.501578885,0.444934802
4,1,0,0,'0-0,2025-09-07,Guelph Gryphons,Brock Badgers,,Jaylen Wood,Daniel Lucas,R,R,Fastball,Ball,,,100,0.601810815,1.211035146
4,1,1,0,'1-0,2025-09-07,Guelph Gryphons,Brock Badgers,,Jaylen Wood,Daniel Lucas,R,R,Curveball,Ball,,,100,2.053639367,0.138494665
4,1,2,0,'2-0,2025-09-07,Guelph Gryphons,Brock Badgers,,Jaylen Wood,Daniel Lucas,R,R,Fastball,Swinging Strike,,,10,0.505022245,0.621137881
4,1,2,1,'2-1,2025-09-07,Guelph Gryphons,Brock Badgers,,Jaylen Wood,Daniel Lucas,R,R,Fastball,Ball,,,10,1.666485087,-0.022386407
4,1,3,1,'3-1,2025-09-07,Guelph Gryphons,Brock Badgers,,Jaylen Wood,Daniel Lucas,R,R,Fastball,Walk,,,10,0.756672527,-0.2292335
4,1,0,0,'0-0,2025-09-07,Guelph Gryphons,Brock Badgers,,Marco Da Gama,Daniel Lucas,R,R,Fastball,Foul,,,101,0.272729676,0.536866843
4,1,0,1,'0-1,2025-09-07,Guelph Gryphons,Brock Badgers,,Marco Da Gama,Daniel Lucas,R,R,Fastball,Called Strike,,,101,0.679241671,0.919917015
4,1,0,2,'0-2,2025-09-07,Guelph Gryphons,Brock Badgers,,Marco Da Gama,Daniel Lucas,R,R,Curveball,Ball,,,101,-0.133782319,1.119103104
4,1,1,2,'1-2,2025-09-07,Guelph Gryphons,Brock Badgers,,Marco Da Gama,Daniel Lucas,R,R,Fastball,Single,Line Drive,Opposite Field,11,0.427591388,0.391307778
4,1,0,0,'0-0,2025-09-07,Guelph Gryphons,Brock Badgers,,Noah Chang,Daniel Lucas,R,R,Fastball,Ball,,,100,0.659883957,-0.183267479
4,1,1,0,'1-0,2025-09-07,Guelph Gryphons,Brock Badgers,,Noah Chang,Daniel Lucas,R,R,Fastball,Single,Line Drive,Straightaway,100,-0.327359459,0.444934802
4,1,0,0,'0-0,2025-09-07,Guelph Gryphons,Brock Badgers,,Evan Ogston,Daniel Lucas,R,R,Fastball,Sacrifice Fly,Fly Ball,Straightaway,11,0.601810815,0.659442898
4,2,0,0,'0-0,2025-09-07,Guelph Gryphons,Brock Badgers,,Sawyer Whitaker,Daniel Lucas,L,R,Fastball,Double,Fly Ball,Straightaway,1,-0.153140033,0.736052933
4,2,0,0,'0-0,2025-09-07,Guelph Gryphons,Brock Badgers,,Jack Gillis,Daniel Lucas,L,R,Fastball,Groundout,Ground Ball,Straightaway,10,-0.482221171,0.644120892
5,0,0,0,'0-0,2025-09-07,Brock Badgers,Guelph Gryphons,,Nolan Phelan,Logan Miziolek,R,R,Fastball,Swinging Strike,,,0,0.253371962,0.958222032
5,0,0,1,'0-1,2025-09-07,Brock Badgers,Guelph Gryphons,,Nolan Phelan,Logan Miziolek,R,R,Fastball,Ball,,,0,0.524379959,-0.129640455
5,0,1,1,'1-1,2025-09-07,Brock Badgers,Guelph Gryphons,,Nolan Phelan,Logan Miziolek,R,R,Breaking Ball,Swinging Strike,,,0,1.472907946,0.337680754
5,0,1,2,'1-2,2025-09-07,Brock Badgers,Guelph Gryphons,,Nolan Phelan,Logan Miziolek,R,R,Breaking Ball,Ball,,,0,1.143826808,-0.351809555
5,0,2,2,'2-2,2025-09-07,Brock Badgers,Guelph Gryphons,,Nolan Phelan,Logan Miziolek,R,R,Fastball,Foul,,,0,-0.269286317,0.766696947
5,0,2,2,'2-2,2025-09-07,Brock Badgers,Guelph Gryphons,,Nolan Phelan,Logan Miziolek,R,R,Breaking Ball,Ball,,,0,-0.153140033,1.134425111
5,0,3,2,'3-2,2025-09-07,Brock Badgers,Guelph Gryphons,,Nolan Phelan,Logan Miziolek,R,R,Breaking Ball,Strikeout Swinging,,,0,0.814745669,-0.328826545
5,1,0,0,'0-0,2025-09-07,Brock Badgers,Guelph Gryphons,,Brady Campbell,Logan Miziolek,R,R,Fastball,Ball,,,0,0.427591388,1.096120094
5,1,1,0,'1-0,2025-09-07,Brock Badgers,Guelph Gryphons,,Brady Campbell,Logan Miziolek,R,R,Breaking Ball,Called Strike,,,0,1.240615378,0.391307778
5,1,1,1,'1-1,2025-09-07,Brock Badgers,Guelph Gryphons,,Brady Campbell,Logan Miziolek,R,R,Breaking Ball,Flyout,Fly Ball,Straightaway,0,0.369518246,0.483239819
5,2,0,0,'0-0,2025-09-07,Brock Badgers,Guelph Gryphons,,Brayden Sowrey,Logan Miziolek,R,R,Breaking Ball,Called Strike,,,0,0.29208739,0.322358747
5,2,0,1,'0-1,2025-09-07,Brock Badgers,Guelph Gryphons,,Brayden Sowrey,Logan Miziolek,R,R,Breaking Ball,Ball,,,0,0.776030241,-0.244555507
5,2,1,1,'1-1,2025-09-07,Brock Badgers,Guelph Gryphons,,Brayden Sowrey,Logan Miziolek,R,R,Fastball,Single,Line Drive,Straightaway,0,-0.269286317,0.628798885
5,2,0,0,'0-0,2025-09-07,Brock Badgers,Guelph Gryphons,,Adam Geddes,Logan Miziolek,R,R,Fastball,Ball,,,100,-0.540294313,1.180391132
5,2,1,0,'1-0,2025-09-07,Brock Badgers,Guelph Gryphons,,Adam Geddes,Logan Miziolek,R,R,Fastball,Called Strike,,,100,-0.462863457,0.375985771
5,2,1,1,'1-1,2025-09-07,Brock Badgers,Guelph Gryphons,1.21,Adam Geddes,Logan Miziolek,R,R,Breaking Ball,Groundout,Ground Ball,Pull,100,-0.540294313,0.52920584
5,0,0,0,'0-0,2025-09-07,Guelph Gryphons,Brock Badgers,,Noah Cantwell,Drew McArthur,R,R,Fastball,Called Strike,,,0,0.272729676,0.26107072
5,0,0,1,'0-1,2025-09-07,Guelph Gryphons,Brock Badgers,,Noah Cantwell,Drew McArthur,R,R,Fastball,Ball,,,0,1.221257664,-0.328826545
5,0,1,1,'1-1,2025-09-07,Guelph Gryphons,Brock Badgers,,Noah Cantwell,Drew McArthur,R,R,Fastball,Flyout,Fly Ball,Opposite Field,0,0.272729676,0.805001964
5,1,0,0,'0-0,2025-09-07,Guelph Gryphons,Brock Badgers,,Brendan Cooper,Drew McArthur,R,R,Cutter,Ball,,,0,1.124469094,1.157408122
5,1,1,0,'1-0,2025-09-07,Guelph Gryphons,Brock Badgers,,Brendan Cooper,Drew McArthur,R,R,Fastball,Swinging Strike,,,0,-0.501578885,0.789679957
5,1,1,1,'1-1,2025-09-07,Guelph Gryphons,Brock Badgers,,Brendan Cooper,Drew McArthur,R,R,Fastball,Called Strike,,,0,0.659883957,0.720730926
5,1,1,2,'1-2,2025-09-07,Guelph Gryphons,Brock Badgers,,Brendan Cooper,Drew McArthur,R,R,Curveball,Groundout,Ground Ball,Straightaway,0,0.311445104,0.705408919
5,2,0,0,'0-0,2025-09-07,Guelph Gryphons,Brock Badgers,,Nolan Scicluna,Drew McArthur,L,R,Fastball,Ball,,,0,1.724558229,-0.121979452
5,2,1,0,'1-0,2025-09-07,Guelph Gryphons,Brock Badgers,,Nolan Scicluna,Drew McArthur,L,R,Cutter,Ball,,,0,-0.211213175,1.080798087
5,2,2,0,'2-0,2025-09-07,Guelph Gryphons,Brock Badgers,,Nolan Scicluna,Drew McArthur,L,R,Fastball,Foul,,,0,-0.366074887,0.50622283
5,2,2,1,'2-1,2025-09-07,Guelph Gryphons,Brock Badgers,,Nolan Scicluna,Drew McArthur,L,R,Cutter,Ball,,,0,-1.062952592,1.188052135
5,2,3,1,'3-1,2025-09-07,Guelph Gryphons,Brock Badgers,,Nolan Scicluna,Drew McArthur,L,R,Fastball,Foul,,,0,-0.501578885,0.613476878
5,2,3,2,'3-2,2025-09-07,Guelph Gryphons,Brock Badgers,,Nolan Scicluna,Drew McArthur,L,R,Fastball,Strikeout Looking,,,0,0.659883957,0.207443696
6,0,0,0,'0-0,2025-09-07,Brock Badgers,Guelph Gryphons,,Caleb Feuerstake,Harrison Young,L,L,Fastball,Ball,,,0,-0.617725169,1.203374142
6,0,1,0,'1-0,2025-09-07,Brock Badgers,Guelph Gryphons,,Caleb Feuerstake,Harrison Young,L,L,Fastball,Ball,,,0,1.337403948,0.766696947
6,0,2,0,'2-0,2025-09-07,Brock Badgers,Guelph Gryphons,,Caleb Feuerstake,Harrison Young,L,L,Fastball,Ball,,,0,1.221257664,0.23808771
6,0,3,0,'3-0,2025-09-07,Brock Badgers,Guelph Gryphons,,Caleb Feuerstake,Harrison Young,L,L,Fastball,Called Strike,,,0,-0.520936599,0.398968782
6,0,3,1,'3-1,2025-09-07,Brock Badgers,Guelph Gryphons,,Caleb Feuerstake,Harrison Young,L,L,Fastball,Walk,,,0,1.453550232,0.199782692
6,0,0,0,'0-0,2025-09-07,Brock Badgers,Guelph Gryphons,,Tobey Drennan,Harrison Young,R,L,Fastball,Foul,,,100,0.330802818,0.429612795
6,0,0,1,'0-1,2025-09-07,Brock Badgers,Guelph Gryphons,1.41,Tobey Drennan,Harrison Young,R,L,Fastball,Foul,,,100,-0.133782319,0.368324768
6,0,0,2,'0-2,2025-09-07,Brock Badgers,Guelph Gryphons,1.35,Tobey Drennan,Harrison Young,R,L,Breaking Ball,Ball,,,100,1.066395952,-0.390114572
6,0,1,2,'1-2,2025-09-07,Brock Badgers,Guelph Gryphons,,Tobey Drennan,Harrison Young,R,L,Fastball,Single,Fly Ball,Straightaway,100,-0.269286317,0.667103902
6,0,0,0,'0-0,2025-09-07,Brock Badgers,Guelph Gryphons,,Jaden Leeder,Harrison Young,R,L,Fastball,Swinging Strike,,,110,-0.366074887,0.276392727
6,0,0,1,'0-1,2025-09-07,Brock Badgers,Guelph Gryphons,,Jaden Leeder,Harrison Young,R,L,Fastball,Foul,,,110,0.834103383,0.743713936
6,0,0,2,'0-2,2025-09-07,Brock Badgers,Guelph Gryphons,,Jaden Leeder,Harrison Young,R,L,Breaking Ball,Foul,,,110,0.466306817,-0.213911493
6,0,0,2,'0-2,2025-09-07,Brock Badgers,Guelph Gryphons,,Jaden Leeder,Harrison Young,R,L,Fastball,Double,Line Drive,Straightaway,110,-0.211213175,0.452595806
6,0,0,0,'0-0,2025-09-07,Brock Badgers,Guelph Gryphons,,Cole Carpenter,Harrison Young,R,L,Fastball,Ball,,,11,0.698599385,1.103781098
6,0,1,0,'1-0,2025-09-07,Brock Badgers,Guelph Gryphons,,Cole Carpenter,Harrison Young,R,L,Fastball,Foul,,,11,0.29208739,0.866289991
6,0,1,1,'1-1,2025-09-07,Brock Badgers,Guelph Gryphons,,Cole Carpenter,Harrison Young,R,L,Fastball,Sacrifice Fly,Fly Ball,Straightaway,11,-0.308001745,0.375985771
6,1,0,0,'0-0,2025-09-07,Brock Badgers,Guelph Gryphons,,Flynn Matheson,Harrison Young,R,L,Breaking Ball,Called Strike,,,0,0.582453101,0.391307778
6,1,0,1,'0-1,2025-09-07,Brock Badgers,Guelph Gryphons,,Flynn Matheson,Harrison Young,R,L,Breaking Ball,Foul,,,0,0.601810815,0.069545634
6,1,0,2,'0-2,2025-09-07,Brock Badgers,Guelph Gryphons,,Flynn Matheson,Harrison Young,R,L,Breaking Ball,Ball,,,0,1.860062227,0.01591861
6,1,1,2,'1-2,2025-09-07,Brock Badgers,Guelph Gryphons,,Flynn Matheson,Harrison Young,R,L,Fastball,Foul,,,0,0.350160532,0.942900026
6,1,1,2,'1-2,2025-09-07,Brock Badgers,Guelph Gryphons,,Flynn Matheson,Harrison Young,R,L,Breaking Ball,Ball,,,0,1.453550232,-0.290521528
6,1,2,2,'2-2,2025-09-07,Brock Badgers,Guelph Gryphons,,Flynn Matheson,Harrison Young,R,L,Fastball,Groundout,Ground Ball,Pull,0,0.505022245,0.659442898
6,2,0,0,'0-0,2025-09-07,Brock Badgers,Guelph Gryphons,,Nolan Phelan,Harrison Young,R,L,Breaking Ball,Ball,,,0,-0.520936599,-0.290521528
6,2,1,0,'1-0,2025-09-07,Brock Badgers,Guelph Gryphons,,Nolan Phelan,Harrison Young,R,L,Fastball,Ball,,,0,0.09851025,1.211035146
6,2,2,0,'2-0,2025-09-07,Brock Badgers,Guelph Gryphons,,Nolan Phelan,Harrison Young,R,L,Fastball,Called Strike,,,0,0.040437108,0.858628988
6,2,2,1,'2-1,2025-09-07,Brock Badgers,Guelph Gryphons,,Nolan Phelan,Harrison Young,R,L,Fastball,Groundout,Ground Ball,Opposite Field,0,0.330802818,0.75137494
6,0,0,0,'0-0,2025-09-07,Guelph Gryphons,Brock Badgers,,Jaylen Wood,Caleb Feuerstake,R,L,Fastball,Called Strike,,,0,-0.71451374,0.697747916
6,0,0,1,'0-1,2025-09-07,Guelph Gryphons,Brock Badgers,,Jaylen Wood,Caleb Feuerstake,R,L,Fastball,Foul,,,0,-0.559652027,0.406629785
6,0,0,2,'0-2,2025-09-07,Guelph Gryphons,Brock Badgers,,Jaylen Wood,Caleb Feuerstake,R,L,Curveball,Strikeout Swinging,,,0,0.950249667,-0.25221651
6,1,0,0,'0-0,2025-09-07,Guelph Gryphons,Brock Badgers,,Marco Da Gama,Caleb Feuerstake,R,L,Fastball,Ball,,,0,-1.392033731,0.981205043
6,1,1,0,'1-0,2025-09-07,Guelph Gryphons,Brock Badgers,,Marco Da Gama,Caleb Feuerstake,R,L,Curveball,Swinging Strike,,,0,0.717957099,0.092528644
6,1,1,1,'1-1,2025-09-07,Guelph Gryphons,Brock Badgers,,Marco Da Gama,Caleb Feuerstake,R,L,Fastball,Groundout,Ground Ball,Opposite Field,0,0.524379959,0.26107072
6,2,0,0,'0-0,2025-09-07,Guelph Gryphons,Brock Badgers,,Noah Chang,Caleb Feuerstake,R,L,Curveball,Called Strike,,,0,-0.385432601,0.184460686
6,2,0,1,'0-1,2025-09-07,Guelph Gryphons,Brock Badgers,,Noah Chang,Caleb Feuerstake,R,L,Curveball,Foul,,,0,0.369518246,0.398968782
6,2,0,2,'0-2,2025-09-07,Guelph Gryphons,Brock Badgers,,Noah Chang,Caleb Feuerstake,R,L,Fastball,Strikeout Swinging,,,0,-0.153140033,0.490900823
7,0,0,0,'0-0,2025-09-07,Brock Badgers,Guelph Gryphons,,Brady Campbell,Rhys Montgomery,R,L,Fastball,Called Strike,,,0,0.814745669,0.713069922
7,0,0,1,'0-1,2025-09-07,Brock Badgers,Guelph Gryphons,,Brady Campbell,Rhys Montgomery,R,L,Fastball,Ball,,,0,1.724558229,0.26107072
7,0,1,1,'1-1,2025-09-07,Brock Badgers,Guelph Gryphons,,Brady Campbell,Rhys Montgomery,R,L,Fastball,Ball,,,0,-1.19845659,0.23808771
7,0,2,1,'2-1,2025-09-07,Brock Badgers,Guelph Gryphons,,Brady Campbell,Rhys Montgomery,R,L,Fastball,Called Strike,,,0,-0.675798312,0.498561826
7,0,2,2,'2-2,2025-09-07,Brock Badgers,Guelph Gryphons,,Brady Campbell,Rhys Montgomery,R,L,Fastball,Flyout,Fly Ball,Opposite Field,0,0.563095387,0.79734096
7,1,0,0,'0-0,2025-09-07,Brock Badgers,Guelph Gryphons,,Gavin Taylor,Rhys Montgomery,R,L,Breaking Ball,Called Strike,,,0,0.737314813,0.146155668
7,1,0,1,'0-1,2025-09-07,Brock Badgers,Guelph Gryphons,,Gavin Taylor,Rhys Montgomery,R,L,Breaking Ball,Ball,,,0,-0.617725169,-0.321165541
7,1,1,1,'1-1,2025-09-07,Brock Badgers,Guelph Gryphons,,Gavin Taylor,Rhys Montgomery,R,L,Fastball,Swinging Strike,,,0,0.330802818,0.835645977
7,1,1,2,'1-2,2025-09-07,Brock Badgers,Guelph Gryphons,,Gavin Taylor,Rhys Montgomery,R,L,Fastball,Foul,,,0,0.601810815,0.958222032
7,1,1,2,'1-2,2025-09-07,Brock Badgers,Guelph Gryphons,,Gavin Taylor,Rhys Montgomery,R,L,Fastball,Error,Ground Ball,Pull,0,0.466306817,0.835645977
7,1,0,0,'0-0,2025-09-07,Brock Badgers,Guelph Gryphons,,Adam Geddes,Rhys Montgomery,L,L,Fastball,Called Strike,,,100,-0.462863457,0.636459888
7,1,0,1,'0-1,2025-09-07,Brock Badgers,Guelph Gryphons,1.7,Adam Geddes,Rhys Montgomery,L,L,Fastball,Ball,,,100,-1.237172019,0.130833661
7,1,1,1,'1-1,2025-09-07,Brock Badgers,Guelph Gryphons,1.46,Adam Geddes,Rhys Montgomery,L,L,Fastball,Ball,,,100,-0.985521736,-0.083674435
7,1,2,1,'2-1,2025-09-07,Brock Badgers,Guelph Gryphons,1.58,Adam Geddes,Rhys Montgomery,L,L,Breaking Ball,Ball,,,100,-1.508180015,-0.359470558
7,1,3,1,'3-1,2025-09-07,Brock Badgers,Guelph Gryphons,,Adam Geddes,Rhys Montgomery,L,L,Fastball,Walk,,,100,-0.520936599,-0.121979452
7,1,0,0,'0-0,2025-09-07,Brock Badgers,Guelph Gryphons,,Caleb Feuerstake,Rhys Montgomery,L,L,Fastball,Ball,,,110,-0.695156026,-0.114318449
7,1,1,0,'1-0,2025-09-07,Brock Badgers,Guelph Gryphons,,Caleb Feuerstake,Rhys Montgomery,L,L,Fastball,Called Strike,,,110,-0.385432601,0.697747916
7,1,1,1,'1-1,2025-09-07,Brock Badgers,Guelph Gryphons,,Caleb Feuerstake,Rhys Montgomery,L,L,Fastball,Single,Fly Ball,Pull,110,-0.598367455,0.651781895
7,1,0,0,'0-0,2025-09-07,Brock Badgers,Guelph Gryphons,,Tobey Drennan,Rhys Montgomery,R,L,Fastball,Sacrifice Fly,Fly Ball,Opposite Field,11,0.214656534,0.406629785
7,2,0,0,'0-0,2025-09-07,Brock Badgers,Guelph Gryphons,,Jaden Leeder,Rhys Montgomery,R,L,Fastball,Ball,,,1,1.453550232,0.383646775
7,2,1,0,'1-0,2025-09-07,Brock Badgers,Guelph Gryphons,,Jaden Leeder,Rhys Montgomery,R,L,Fastball,Groundout,Ground Ball,Straightaway,1,0.485664531,0.398968782
7,0,0,0,'0-0,2025-09-07,Guelph Gryphons,Brock Badgers,,Evan Ogston,Caleb Feuerstake,R,L,Curveball,Called Strike,,,0,-0.288644031,0.184460686
7,0,0,1,'0-1,2025-09-07,Guelph Gryphons,Brock Badgers,,Evan Ogston,Caleb Feuerstake,R,L,Fastball,Double,Fly Ball,Straightaway,0,0.29208739,0.590493868
7,0,0,0,'0-0,2025-09-07,Guelph Gryphons,Brock Badgers,,Ethan Westfall,Caleb Feuerstake,R,L,Fastball,Called Strike,,,10,0.717957099,0.713069922
7,0,0,1,'0-1,2025-09-07,Guelph Gryphons,Brock Badgers,,Ethan Westfall,Caleb Feuerstake,R,L,Fastball,Foul,,,10,-1.237172019,0.759035943
7,0,0,2,'0-2,2025-09-07,Guelph Gryphons,Brock Badgers,,Ethan Westfall,Caleb Feuerstake,R,L,Curveball,Ball,,,10,1.49226566,-0.344148552
7,0,1,2,'1-2,2025-09-07,Guelph Gryphons,Brock Badgers,,Ethan Westfall,Caleb Feuerstake,R,L,Fastball,Single,Ground Ball,Straightaway,10,-0.327359459,0.398968782
7,0,0,0,'0-0,2025-09-07,Guelph Gryphons,Brock Badgers,,Jack Gillis,Caleb Feuerstake,L,L,Fastball,Ball,,,101,-0.211213175,-0.236894503
7,0,1,0,'1-0,2025-09-07,Guelph Gryphons,Brock Badgers,,Jack Gillis,Caleb Feuerstake,L,L,Curveball,Ball,,,11,0.272729676,-0.367131562
7,0,2,0,'2-0,2025-09-07,Guelph Gryphons,Brock Badgers,,Jack Gillis,Caleb Feuerstake,L,L,Fastball,Foul,,,11,0.253371962,0.827984974
7,0,2,1,'2-1,2025-09-07,Guelph Gryphons,Brock Badgers,,Jack Gillis,Caleb Feuerstake,L,L,Curveball,Groundout,Ground Ball,Pull,11,-0.482221171,0.245748713
7,1,0,0,'0-0,2025-09-07,Guelph Gryphons,Brock Badgers,,,,,,,Intentional Walk,,,11,,
7,1,0,0,'0-0,2025-09-07,Guelph Gryphons,Brock Badgers,,Brendan Cooper,Caleb Feuerstake,R,L,Curveball,Ball,,,111,0.272729676,1.103781098
7,1,1,0,'1-0,2025-09-07,Guelph Gryphons,Brock Badgers,,Brendan Cooper,Caleb Feuerstake,R,L,Curveball,Ball,,,111,-0.733871454,-0.298182531
7,1,2,0,'2-0,2025-09-07,Guelph Gryphons,Brock Badgers,,Brendan Cooper,Caleb Feuerstake,R,L,Curveball,Ball,,,111,1.647127373,0.866289991
7,1,3,0,'3-0,2025-09-07,Guelph Gryphons,Brock Badgers,,Brendan Cooper,Caleb Feuerstake,R,L,Fastball,Called Strike,,,111,-0.385432601,0.322358747
7,1,3,1,'3-1,2025-09-07,Guelph Gryphons,Brock Badgers,,Brendan Cooper,Caleb Feuerstake,R,L,Fastball,Single,Line Drive,Opposite Field,111,0.350160532,0.483239819
1,0,0,0,'0-0,2025-09-20,Western Mustangs,Brock Badgers,,Ryan Nuernberger,Charlie Hughes,L,R,Fastball,Called Strike,,,0,0.137225678,0.291714734
1,0,0,1,'0-1,2025-09-20,Western Mustangs,Brock Badgers,,Ryan Nuernberger,Charlie Hughes,L,R,Fastball,Ball,,,0,1.530981088,0.184460686
1,0,1,1,'1-1,2025-09-20,Western Mustangs,Brock Badgers,,Ryan Nuernberger,Charlie Hughes,L,R,Fastball,Flyout,Fly Ball,Opposite Field,0,-0.482221171,0.958222032
1,1,0,0,'0-0,2025-09-20,Western Mustangs,Brock Badgers,,Parker McLean,Charlie Hughes,L,R,Fastball,Single,Ground Ball,Straightaway,0,-0.095066891,0.398968782
1,1,0,0,'0-0,2025-09-20,Western Mustangs,Brock Badgers,1.21,Ewan Ferguson,Charlie Hughes,R,R,Curveball,Ball,,,100,0.969607381,0.429612795
1,1,1,0,'1-0,2025-09-20,Western Mustangs,Brock Badgers,,Ewan Ferguson,Charlie Hughes,R,R,Fastball,Groundout,Ground Ball,Pull,100,0.446949103,0.743713936
1,2,0,0,'0-0,2025-09-20,Western Mustangs,Brock Badgers,,Colin Mayhew,Charlie Hughes,R,R,Curveball,Ball,,,10,-0.71451374,1.088459091
1,2,1,0,'1-0,2025-09-20,Western Mustangs,Brock Badgers,,Colin Mayhew,Charlie Hughes,R,R,Curveball,Foul,,,10,0.175941106,0.222765703
1,2,1,1,'1-1,2025-09-20,Western Mustangs,Brock Badgers,,Colin Mayhew,Charlie Hughes,R,R,Fastball,Foul,,,10,0.640526243,0.391307778
1,2,1,2,'1-2,2025-09-20,Western Mustangs,Brock Badgers,,Colin Mayhew,Charlie Hughes,R,R,Fastball,Ball,,,10,0.892176525,0.222765703
1,2,2,2,'2-2,2025-09-20,Western Mustangs,Brock Badgers,,Colin Mayhew,Charlie Hughes,R,R,Fastball,Ball,,,10,1.995566225,0.253409716
1,2,3,2,'3-2,2025-09-20,Western Mustangs,Brock Badgers,,Colin Mayhew,Charlie Hughes,R,R,Fastball,Groundout,Ground Ball,Straightaway,10,0.350160532,0.429612795
1,0,0,0,'0-0,2025-09-20,Brock Badgers,Western Mustangs,,Nolan Phelan,Justin Stonkus,R,R,Fastball,Ball,,,0,1.647127373,0.873950995
1,0,1,0,'1-0,2025-09-20,Brock Badgers,Western Mustangs,,Nolan Phelan,Justin Stonkus,R,R,Fastball,Flyout,Fly Ball,Straightaway,0,0.311445104,0.743713936
1,1,0,0,'0-0,2025-09-20,Brock Badgers,Western Mustangs,,Reid Lunney,Justin Stonkus,L,R,Fastball,Ball,,,0,-0.559652027,-0.167945473
1,1,1,0,'1-0,2025-09-20,Brock Badgers,Western Mustangs,,Reid Lunney,Justin Stonkus,L,R,Fastball,Single,Ground Ball,Straightaway,0,0.698599385,0.50622283
1,1,0,0,'0-0,2025-09-20,Brock Badgers,Western Mustangs,1.14,Jaden Leeder,Justin Stonkus,R,R,Breaking Ball,Swinging Strike,,,100,0.698599385,-0.259877514
1,1,0,1,'0-1,2025-09-20,Brock Badgers,Western Mustangs,,Jaden Leeder,Justin Stonkus,R,R,Fastball,Called Strike,,,100,0.717957099,0.28405373
1,1,0,2,'0-2,2025-09-20,Brock Badgers,Western Mustangs,,Jaden Leeder,Justin Stonkus,R,R,,Pickoff,,,100,,
1,2,0,2,'0-2,2025-09-20,Brock Badgers,Western Mustangs,,Jaden Leeder,Justin Stonkus,R,R,Breaking Ball,Groundout,Ground Ball,Pull,0,0.427591388,0.268731723
2,0,0,0,'0-0,2025-09-20,Western Mustangs,Brock Badgers,,Trent Sillett,Charlie Hughes,R,R,Fastball,Called Strike,,,0,0.543737673,0.429612795
2,0,0,1,'0-1,2025-09-20,Western Mustangs,Brock Badgers,,Trent Sillett,Charlie Hughes,R,R,Curveball,Ball,,,0,0.892176525,-0.374792565
2,0,1,1,'1-1,2025-09-20,Western Mustangs,Brock Badgers,,Trent Sillett,Charlie Hughes,R,R,Changeup,Ball,,,0,-1.256529733,1.218696149
2,0,2,1,'2-1,2025-09-20,Western Mustangs,Brock Badgers,,Trent Sillett,Charlie Hughes,R,R,Fastball,Foul,,,0,0.214656534,0.544527847
2,0,2,2,'2-2,2025-09-20,Western Mustangs,Brock Badgers,,Trent Sillett,Charlie Hughes,R,R,Curveball,Popout,Pop Up,Opposite Field,0,0.505022245,0.115511655
2,1,0,0,'0-0,2025-09-20,Western Mustangs,Brock Badgers,,Justin Hawke,Charlie Hughes,L,R,Fastball,Called Strike,,,0,-0.579009741,0.360663764
2,1,0,1,'0-1,2025-09-20,Western Mustangs,Brock Badgers,,Justin Hawke,Charlie Hughes,L,R,Fastball,Foul,,,0,0.311445104,0.398968782
2,1,0,2,'0-2,2025-09-20,Western Mustangs,Brock Badgers,,Justin Hawke,Charlie Hughes,L,R,Fastball,Single,Ground Ball,Straightaway,0,0.446949103,0.322358747
2,1,0,0,'0-0,2025-09-20,Western Mustangs,Brock Badgers,,Blake Conners,Charlie Hughes,R,R,Fastball,Ball,,,100,-1.508180015,0.958222032
2,1,1,0,'1-0,2025-09-20,Western Mustangs,Brock Badgers,,Blake Conners,Charlie Hughes,R,R,Fastball,Groundout,Ground Ball,Straightaway,100,-0.230570889,0.544527847
2,2,0,0,'0-0,2025-09-20,Western Mustangs,Brock Badgers,,Alex Brown,Charlie Hughes,L,R,Fastball,Ball,,,100,-1.411391445,0.942900026
2,2,1,0,'1-0,2025-09-20,Western Mustangs,Brock Badgers,,Alex Brown,Charlie Hughes,L,R,Fastball,Foul,,,100,0.38887596,0.513883833
2,2,1,1,'1-1,2025-09-20,Western Mustangs,Brock Badgers,,Alex Brown,Charlie Hughes,L,R,Fastball,Foul,,,100,-0.540294313,0.912256012
2,2,1,2,'1-2,2025-09-20,Western Mustangs,Brock Badgers,,Alex Brown,Charlie Hughes,L,R,Fastball,Strikeout Swinging,,,100,0.137225678,1.203374142
2,0,0,0,'0-0,2025-09-20,Brock Badgers,Western Mustangs,,Cole Carpenter,Justin Stonkus,R,R,Breaking Ball,Called Strike,,,0,0.29208739,0.398968782
2,0,0,1,'0-1,2025-09-20,Brock Badgers,Western Mustangs,,Cole Carpenter,Justin Stonkus,R,R,Breaking Ball,Swinging Strike,,,0,0.969607381,-0.25221651
2,0,0,2,'0-2,2025-09-20,Brock Badgers,Western Mustangs,,Cole Carpenter,Justin Stonkus,R,R,Fastball,Foul,,,0,0.485664531,0.942900026
2,0,0,2,'0-2,2025-09-20,Brock Badgers,Western Mustangs,,Cole Carpenter,Justin Stonkus,R,R,Breaking Ball,Error,Ground Ball,Pull,0,0.466306817,0.107850651
2,0,0,0,'0-0,2025-09-20,Brock Badgers,Western Mustangs,,Flynn Matheson,Justin Stonkus,R,R,Breaking Ball,Foul,,,100,0.00172168,0.146155668
2,0,0,1,'0-1,2025-09-20,Brock Badgers,Western Mustangs,,Flynn Matheson,Justin Stonkus,R,R,Breaking Ball,Swinging Strike,,,100,-0.637082884,0.153816672
2,0,0,2,'0-2,2025-09-20,Brock Badgers,Western Mustangs,,Flynn Matheson,Justin Stonkus,R,R,Fastball,Ball,,,100,1.685842801,0.169138679
2,0,1,2,'1-2,2025-09-20,Brock Badgers,Western Mustangs,,Flynn Matheson,Justin Stonkus,R,R,Breaking Ball,Ball,,,100,1.047038238,-0.397775576
2,0,2,2,'2-2,2025-09-20,Brock Badgers,Western Mustangs,,Flynn Matheson,Justin Stonkus,R,R,Breaking Ball,Groundout,Ground Ball,Pull,100,0.524379959,0.276392727
2,1,0,0,'0-0,2025-09-20,Brock Badgers,Western Mustangs,,Brady Campbell,Justin Stonkus,R,R,Breaking Ball,Ball,,,10,1.337403948,-0.374792565
2,1,1,0,'1-0,2025-09-20,Brock Badgers,Western Mustangs,,Brady Campbell,Justin Stonkus,R,R,Fastball,Ball,,,10,-1.082310306,0.467917813
2,1,2,0,'2-0,2025-09-20,Brock Badgers,Western Mustangs,,Brady Campbell,Justin Stonkus,R,R,Fastball,Ball,,,10,1.647127373,0.03890162
2,1,3,0,'3-0,2025-09-20,Brock Badgers,Western Mustangs,,Brady Campbell,Justin Stonkus,R,R,Fastball,Called Strike,,,10,-0.366074887,-0.076013431
2,1,3,1,'3-1,2025-09-20,Brock Badgers,Western Mustangs,,Brady Campbell,Justin Stonkus,R,R,Fastball,Foul,,,10,0.408233674,0.375985771
2,1,3,2,'3-2,2025-09-20,Brock Badgers,Western Mustangs,,Brady Campbell,Justin Stonkus,R,R,Breaking Ball,Walk,,,10,0.563095387,1.103781098
2,1,0,0,'0-0,2025-09-20,Brock Badgers,Western Mustangs,,Liam Riley,Justin Stonkus,R,R,Fastball,Called Strike,,,110,-0.71451374,0.345341758
2,1,0,1,'0-1,2025-09-20,Brock Badgers,Western Mustangs,,Liam Riley,Justin Stonkus,R,R,Breaking Ball,Ball,,,110,0.717957099,-0.20625049
2,1,1,1,'1-1,2025-09-20,Brock Badgers,Western Mustangs,,Liam Riley,Justin Stonkus,R,R,Fastball,Called Strike,,,110,0.698599385,0.52920584
2,1,1,2,'1-2,2025-09-20,Brock Badgers,Western Mustangs,,Liam Riley,Justin Stonkus,R,R,Breaking Ball,Strikeout Swinging,,,110,0.427591388,-0.351809555
2,2,0,0,'0-0,2025-09-20,Brock Badgers,Western Mustangs,,Brayden Sowrey,Justin Stonkus,R,R,Breaking Ball,Called Strike,,,110,0.427591388,0.613476878
2,2,0,1,'0-1,2025-09-20,Brock Badgers,Western Mustangs,,Brayden Sowrey,Justin Stonkus,R,R,Breaking Ball,Called Strike,,,110,0.38887596,0.268731723
2,2,0,2,'0-2,2025-09-20,Brock Badgers,Western Mustangs,,Brayden Sowrey,Justin Stonkus,R,R,Breaking Ball,Ball,,,110,0.059794822,-0.351809555
2,2,1,2,'1-2,2025-09-20,Brock Badgers,Western Mustangs,,Brayden Sowrey,Justin Stonkus,R,R,Breaking Ball,Ball,,,10,0.892176525,-0.321165541
2,2,2,2,'2-2,2025-09-20,Brock Badgers,Western Mustangs,,Brayden Sowrey,Justin Stonkus,R,R,Fastball,Strikeout Swinging,,,10,0.679241671,0.222765703
3,0,0,0,'0-0,2025-09-20,Western Mustangs,Brock Badgers,,Adam Awrey,Charlie Hughes,L,R,Fastball,Ball,,,0,-0.617725169,1.080798087
3,0,1,0,'1-0,2025-09-20,Western Mustangs,Brock Badgers,,Adam Awrey,Charlie Hughes,L,R,Fastball,Foul,,,0,-0.366074887,0.866289991
3,0,1,1,'1-1,2025-09-20,Western Mustangs,Brock Badgers,,Adam Awrey,Charlie Hughes,L,R,Fastball,Foul,,,0,0.350160532,0.628798885
3,0,1,2,'1-2,2025-09-20,Western Mustangs,Brock Badgers,,Adam Awrey,Charlie Hughes,L,R,Curveball,Strikeout Looking,,,0,-0.520936599,0.23808771
3,1,0,0,'0-0,2025-09-20,Western Mustangs,Brock Badgers,,Ryan Nuernberger,Charlie Hughes,L,R,Fastball,Ball,,,0,-1.159741162,1.088459091
3,1,1,0,'1-0,2025-09-20,Western Mustangs,Brock Badgers,,Ryan Nuernberger,Charlie Hughes,L,R,Changeup,Foul,,,0,0.19529882,0.77435795
3,1,1,1,'1-1,2025-09-20,Western Mustangs,Brock Badgers,,Ryan Nuernberger,Charlie Hughes,L,R,Fastball,Ball,,,0,0.38887596,1.203374142
3,1,2,1,'2-1,2025-09-20,Western Mustangs,Brock Badgers,,Ryan Nuernberger,Charlie Hughes,L,R,Fastball,Groundout,Ground Ball,Pull,0,-0.501578885,0.667103902
3,2,0,0,'0-0,2025-09-20,Western Mustangs,Brock Badgers,,Parker McLean,Charlie Hughes,L,R,Curveball,Foul,,,0,-0.114424605,0.766696947
3,2,0,1,'0-1,2025-09-20,Western Mustangs,Brock Badgers,,Parker McLean,Charlie Hughes,L,R,Curveball,Lineout,Line Drive,Straightaway,0,-0.443505743,0.30703674
3,0,0,0,'0-0,2025-09-20,Brock Badgers,Western Mustangs,,Adam Geddes,Justin Stonkus,L,R,Fastball,Called Strike,,,0,0.756672527,0.406629785
3,0,0,1,'0-1,2025-09-20,Brock Badgers,Western Mustangs,,Adam Geddes,Justin Stonkus,L,R,Fastball,Foul,,,0,-0.249928603,0.613476878
3,0,0,2,'0-2,2025-09-20,Brock Badgers,Western Mustangs,,Adam Geddes,Justin Stonkus,L,R,Breaking Ball,Strikeout Swinging,,,0,0.717957099,-0.351809555
3,1,0,0,'0-0,2025-09-20,Brock Badgers,Western Mustangs,,Nolan Phelan,Justin Stonkus,R,R,Breaking Ball,Groundout,Ground Ball,Pull,0,0.834103383,0.444934802
3,2,0,0,'0-0,2025-09-20,Brock Badgers,Western Mustangs,,Reid Lunney,Justin Stonkus,L,R,Breaking Ball,Called Strike,,,0,-0.520936599,0.054223627
3,2,0,1,'0-1,2025-09-20,Brock Badgers,Western Mustangs,,Reid Lunney,Justin Stonkus,L,R,Offspeed,Foul,,,0,-0.850017738,-0.114318449
3,2,0,2,'0-2,2025-09-20,Brock Badgers,Western Mustangs,,Reid Lunney,Justin Stonkus,L,R,Offspeed,Foul,,,0,-0.598367455,-0.25221651
3,2,0,2,'0-2,2025-09-20,Brock Badgers,Western Mustangs,,Reid Lunney,Justin Stonkus,L,R,Offspeed,Foul,,,0,-0.598367455,0.230426706
3,2,0,2,'0-2,2025-09-20,Brock Badgers,Western Mustangs,,Reid Lunney,Justin Stonkus,L,R,Breaking Ball,Ball,,,0,0.872818811,-0.459063603
3,2,1,2,'1-2,2025-09-20,Brock Badgers,Western Mustangs,,Reid Lunney,Justin Stonkus,L,R,Breaking Ball,Foul,,,0,0.29208739,-0.076013431
3,2,1,2,'1-2,2025-09-20,Brock Badgers,Western Mustangs,,Reid Lunney,Justin Stonkus,L,R,Fastball,Flyout,Fly Ball,Opposite Field,0,0.350160532,0.345341758
4,0,0,0,'0-0,2025-09-20,Western Mustangs,Brock Badgers,,Ewan Ferguson,Charlie Hughes,R,R,Curveball,Called Strike,,,0,0.563095387,0.766696947
4,0,0,1,'0-1,2025-09-20,Western Mustangs,Brock Badgers,,Ewan Ferguson,Charlie Hughes,R,R,Curveball,Ball,,,0,0.892176525,-0.305843534
4,0,1,1,'1-1,2025-09-20,Western Mustangs,Brock Badgers,,Ewan Ferguson,Charlie Hughes,R,R,Fastball,Foul,,,0,-0.211213175,0.498561826
4,0,1,2,'1-2,2025-09-20,Western Mustangs,Brock Badgers,,Ewan Ferguson,Charlie Hughes,R,R,Fastball,Ball,,,0,0.330802818,-0.428419589
4,0,2,2,'2-2,2025-09-20,Western Mustangs,Brock Badgers,,Ewan Ferguson,Charlie Hughes,R,R,Fastball,Ball,,,0,1.240615378,1.149747118
4,0,3,2,'3-2,2025-09-20,Western Mustangs,Brock Badgers,,Ewan Ferguson,Charlie Hughes,R,R,Fastball,Walk,,,0,-0.346717173,1.134425111
4,0,0,0,'0-0,2025-09-20,Western Mustangs,Brock Badgers,,Colin Mayhew,Charlie Hughes,R,R,Curveball,Called Strike,,,100,-0.288644031,0.30703674
4,0,0,1,'0-1,2025-09-20,Western Mustangs,Brock Badgers,,Colin Mayhew,Charlie Hughes,R,R,Curveball,Ball,,,100,-1.19845659,0.766696947
4,0,1,1,'1-1,2025-09-20,Western Mustangs,Brock Badgers,,Colin Mayhew,Charlie Hughes,R,R,Fastball,Error,Ground Ball,Opposite Field,100,0.427591388,0.866289991
4,0,0,0,'0-0,2025-09-20,Western Mustangs,Brock Badgers,,Trent Sillett,Charlie Hughes,R,R,Fastball,Sacrifice Bunt,Ground Ball,Pull,110,-0.211213175,0.613476878
4,1,0,0,'0-0,2025-09-20,Western Mustangs,Brock Badgers,,Justin Hawke,Charlie Hughes,L,R,Fastball,Error,Ground Ball,Opposite Field,11,0.369518246,0.667103902
4,1,0,0,'0-0,2025-09-20,Western Mustangs,Brock Badgers,,Blake Conners,Charlie Hughes,R,R,Fastball,Called Strike,,,111,0.485664531,0.598154871
4,1,0,1,'0-1,2025-09-20,Western Mustangs,Brock Badgers,,Blake Conners,Charlie Hughes,R,R,Curveball,Groundout,Ground Ball,Straightaway,111,0.485664531,0.299375737
4,2,0,0,'0-0,2025-09-20,Western Mustangs,Brock Badgers,,Alex Brown,Charlie Hughes,L,R,Fastball,Swinging Strike,,,111,-0.017636034,1.126764108
4,2,0,1,'0-1,2025-09-20,Western Mustangs,Brock Badgers,,Alex Brown,Charlie Hughes,L,R,Fastball,Ball,,,111,-0.791944596,0.383646775
4,2,1,1,'1-1,2025-09-20,Western Mustangs,Brock Badgers,,Alex Brown,Charlie Hughes,L,R,Fastball,Ball,,,111,-0.404790315,1.06547608
4,2,2,1,'2-1,2025-09-20,Western Mustangs,Brock Badgers,,Alex Brown,Charlie Hughes,L,R,Fastball,Groundout,Ground Ball,Pull,111,0.330802818,0.598154871
4,0,0,0,'0-0,2025-09-20,Brock Badgers,Western Mustangs,,Jaden Leeder,Justin Stonkus,R,R,Breaking Ball,Flyout,Fly Ball,Straightaway,0,0.350160532,0.398968782
4,1,0,0,'0-0,2025-09-20,Brock Badgers,Western Mustangs,,Cole Carpenter,Justin Stonkus,R,R,Breaking Ball,Ball,,,0,-0.71451374,-0.259877514
4,1,1,0,'1-0,2025-09-20,Brock Badgers,Western Mustangs,,Cole Carpenter,Justin Stonkus,R,R,Fastball,Foul,,,0,0.582453101,0.138494665
4,1,1,1,'1-1,2025-09-20,Brock Badgers,Western Mustangs,,Cole Carpenter,Justin Stonkus,R,R,Fastball,Ball,,,0,1.511623374,0.207443696
4,1,2,1,'2-1,2025-09-20,Brock Badgers,Western Mustangs,,Cole Carpenter,Justin Stonkus,R,R,Breaking Ball,Ball,,,0,0.911534239,-0.382453569
4,1,3,1,'3-1,2025-09-20,Brock Badgers,Western Mustangs,,Cole Carpenter,Justin Stonkus,R,R,Breaking Ball,Walk,,,0,0.29208739,-0.328826545
4,1,0,0,'0-0,2025-09-20,Brock Badgers,Western Mustangs,0.85,Flynn Matheson,Justin Stonkus,R,R,Fastball,Called Strike,,,100,0.698599385,0.55218885
4,1,0,1,'0-1,2025-09-20,Brock Badgers,Western Mustangs,0.88,Flynn Matheson,Justin Stonkus,R,R,Fastball,Flyout,Fly Ball,Opposite Field,100,0.505022245,0.26107072
4,2,0,0,'0-0,2025-09-20,Brock Badgers,Western Mustangs,,Brady Campbell,Justin Stonkus,R,R,Breaking Ball,Ball,,,100,0.756672527,-0.190928483
4,2,1,0,'1-0,2025-09-20,Brock Badgers,Western Mustangs,,Brady Campbell,Justin Stonkus,R,R,Fastball,Called Strike,,,100,0.582453101,0.184460686
4,2,1,1,'1-1,2025-09-20,Brock Badgers,Western Mustangs,,Brady Campbell,Justin Stonkus,R,R,Breaking Ball,Groundout,Ground Ball,Pull,100,0.19529882,-0.152623466
5,0,0,0,'0-0,2025-09-20,Western Mustangs,Brock Badgers,,Adam Awrey,Charlie Hughes,L,R,Fastball,Foul,,,0,-0.559652027,0.896934005
5,0,0,1,'0-1,2025-09-20,Western Mustangs,Brock Badgers,,Adam Awrey,Charlie Hughes,L,R,Curveball,Called Strike,,,0,-0.075709176,0.146155668
5,0,0,2,'0-2,2025-09-20,Western Mustangs,Brock Badgers,,Adam Awrey,Charlie Hughes,L,R,Curveball,Ball,,,0,0.621168529,-0.351809555
5,0,1,2,'1-2,2025-09-20,Western Mustangs,Brock Badgers,,Adam Awrey,Charlie Hughes,L,R,Fastball,Foul,,,0,0.214656534,1.103781098
5,0,1,2,'1-2,2025-09-20,Western Mustangs,Brock Badgers,,Adam Awrey,Charlie Hughes,L,R,Fastball,Strikeout Looking,,,0,-0.443505743,0.184460686
5,1,0,0,'0-0,2025-09-20,Western Mustangs,Brock Badgers,,Ryan Nuernberger,Charlie Hughes,L,R,Fastball,Ball,,,0,-1.353318303,0.835645977
5,1,1,0,'1-0,2025-09-20,Western Mustangs,Brock Badgers,,Ryan Nuernberger,Charlie Hughes,L,R,Fastball,Ball,,,0,-0.211213175,1.180391132
5,1,2,0,'2-0,2025-09-20,Western Mustangs,Brock Badgers,,Ryan Nuernberger,Charlie Hughes,L,R,Curveball,Called Strike,,,0,0.679241671,0.398968782
5,1,2,1,'2-1,2025-09-20,Western Mustangs,Brock Badgers,,Ryan Nuernberger,Charlie Hughes,L,R,Curveball,Called Strike,,,0,-0.133782319,0.222765703
5,1,2,2,'2-2,2025-09-20,Western Mustangs,Brock Badgers,,Ryan Nuernberger,Charlie Hughes,L,R,Changeup,Foul,,,0,-0.346717173,0.467917813
5,1,2,2,'2-2,2025-09-20,Western Mustangs,Brock Badgers,,Ryan Nuernberger,Charlie Hughes,L,R,Fastball,Strikeout Swinging,,,0,-0.404790315,0.23808771
5,2,0,0,'0-0,2025-09-20,Western Mustangs,Brock Badgers,,Parker McLean,Charlie Hughes,L,R,Fastball,Foul,,,0,0.09851025,0.843306981
5,2,0,1,'0-1,2025-09-20,Western Mustangs,Brock Badgers,,Parker McLean,Charlie Hughes,L,R,Fastball,Flyout,Fly Ball,Straightaway,0,-0.230570889,0.881611998
5,0,0,0,'0-0,2025-09-20,Brock Badgers,Western Mustangs,,Liam Riley,Justin Stonkus,R,R,Fastball,Foul,,,0,0.679241671,0.682425909
5,0,0,1,'0-1,2025-09-20,Brock Badgers,Western Mustangs,,Liam Riley,Justin Stonkus,R,R,Fastball,Double,Ground Ball,Pull,0,0.253371962,0.605815874
5,0,0,0,'0-0,2025-09-20,Brock Badgers,Western Mustangs,,Brayden Sowrey,Justin Stonkus,R,R,Fastball,Popout,Pop Up,Straightaway,10,0.446949103,0.544527847
5,1,0,0,'0-0,2025-09-20,Brock Badgers,Western Mustangs,,Adam Geddes,Justin Stonkus,L,R,Fastball,Ball,,,10,-1.237172019,0.375985771
5,1,1,0,'1-0,2025-09-20,Brock Badgers,Western Mustangs,,Adam Geddes,Justin Stonkus,L,R,,Caught Stealing,,,0,,
5,2,1,0,'1-0,2025-09-20,Brock Badgers,Western Mustangs,,Adam Geddes,Justin Stonkus,L,R,Breaking Ball,Ball,,,0,1.763273657,-0.167945473
5,2,2,0,'2-0,2025-09-20,Brock Badgers,Western Mustangs,,Adam Geddes,Justin Stonkus,L,R,Breaking Ball,Ball,,,0,0.601810815,-0.290521528
5,2,3,0,'3-0,2025-09-20,Brock Badgers,Western Mustangs,,Adam Geddes,Justin Stonkus,L,R,Fastball,Called Strike,,,0,-0.075709176,0.52920584
5,2,3,1,'3-1,2025-09-20,Brock Badgers,Western Mustangs,,Adam Geddes,Justin Stonkus,L,R,Fastball,Groundout,Ground Ball,Straightaway,0,-0.385432601,0.207443696
6,0,0,0,'0-0,2025-09-20,Western Mustangs,Brock Badgers,,Ewan Ferguson,Charlie Hughes,R,R,Fastball,Ball,,,0,-1.392033731,0.628798885
6,0,1,0,'1-0,2025-09-20,Western Mustangs,Brock Badgers,,Ewan Ferguson,Charlie Hughes,R,R,Curveball,Called Strike,,,0,-0.81130231,0.467917813
6,0,1,1,'1-1,2025-09-20,Western Mustangs,Brock Badgers,,Ewan Ferguson,Charlie Hughes,R,R,Curveball,Single,Line Drive,Pull,0,-0.191855461,0.590493868
6,0,0,0,'0-0,2025-09-20,Western Mustangs,Brock Badgers,,Colin Mayhew,Charlie Hughes,R,R,Fastball,Ball,,,100,-0.637082884,1.080798087
6,0,1,0,'1-0,2025-09-20,Western Mustangs,Brock Badgers,,Colin Mayhew,Charlie Hughes,R,R,Fastball,Ball,,,100,-0.869375452,1.26466217
6,0,2,0,'2-0,2025-09-20,Western Mustangs,Brock Badgers,,Colin Mayhew,Charlie Hughes,R,R,Fastball,Foul,,,10,0.408233674,0.475578816
6,0,2,1,'2-1,2025-09-20,Western Mustangs,Brock Badgers,,Colin Mayhew,Charlie Hughes,R,R,Fastball,Sacrifice Bunt,Ground Ball,Opposite Field,10,-0.462863457,0.858628988
6,1,0,0,'0-0,2025-09-20,Western Mustangs,Brock Badgers,,Trent Sillett,Charlie Hughes,R,R,Curveball,Foul,,,1,0.446949103,0.276392727
6,1,0,1,'0-1,2025-09-20,Western Mustangs,Brock Badgers,,Trent Sillett,Charlie Hughes,R,R,Fastball,Ball,,,1,-0.520936599,1.142086115
6,1,1,1,'1-1,2025-09-20,Western Mustangs,Brock Badgers,,Trent Sillett,Charlie Hughes,R,R,Fastball,Swinging Strike,,,1,0.214656534,1.103781098
6,1,1,2,'1-2,2025-09-20,Western Mustangs,Brock Badgers,,Trent Sillett,Charlie Hughes,R,R,Fastball,Foul,,,1,0.814745669,1.088459091
6,1,1,2,'1-2,2025-09-20,Western Mustangs,Brock Badgers,,Trent Sillett,Charlie Hughes,R,R,Curveball,Double,Line Drive,Opposite Field,1,0.543737673,0.345341758
6,1,0,0,'0-0,2025-09-20,Western Mustangs,Brock Badgers,,Justin Hawke,Charlie Hughes,L,R,Fastball,Triple,Line Drive,Opposite Field,10,-0.308001745,0.720730926
6,1,0,0,'0-0,2025-09-20,Western Mustangs,Brock Badgers,,Blake Conners,Charlie Hughes,R,R,Fastball,Sacrifice Bunt,Ground Ball,Straightaway,1,0.175941106,0.827984974
6,2,0,0,'0-0,2025-09-20,Western Mustangs,Brock Badgers,,Alex Brown,Charlie Hughes,L,R,Fastball,Ball,,,100,1.240615378,0.736052933
6,2,1,0,'1-0,2025-09-20,Western Mustangs,Brock Badgers,,Alex Brown,Charlie Hughes,L,R,Fastball,Foul,,,100,-0.288644031,0.467917813
6,2,1,1,'1-1,2025-09-20,Western Mustangs,Brock Badgers,,Alex Brown,Charlie Hughes,L,R,Fastball,Ball,,,100,0.988965095,-0.367131562
6,2,2,1,'2-1,2025-09-20,Western Mustangs,Brock Badgers,,Alex Brown,Charlie Hughes,L,R,Fastball,Ball,,,100,-0.71451374,1.172730128
6,2,3,1,'3-1,2025-09-20,Western Mustangs,Brock Badgers,,Alex Brown,Charlie Hughes,L,R,Fastball,Popout,Pop Up,Pull,0,-0.404790315,0.827984974
6,0,0,0,'0-0,2025-09-20,Brock Badgers,Western Mustangs,,Nolan Phelan,Justin Stonkus,R,R,Breaking Ball,Called Strike,,,0,0.137225678,0.176799682
6,0,0,1,'0-1,2025-09-20,Brock Badgers,Western Mustangs,,Nolan Phelan,Justin Stonkus,R,R,Fastball,Single,Ground Ball,Straightaway,0,0.408233674,0.766696947
6,0,0,0,'0-0,2025-09-20,Brock Badgers,Western Mustangs,1.04,Reid Lunney,Justin Stonkus,L,R,Breaking Ball,Ball,,,100,0.446949103,-0.351809555
6,0,1,0,'1-0,2025-09-20,Brock Badgers,Western Mustangs,,Reid Lunney,Justin Stonkus,L,R,Fastball,Called Strike,,,100,-0.404790315,-0.114318449
6,0,1,1,'1-1,2025-09-20,Brock Badgers,Western Mustangs,,Reid Lunney,Justin Stonkus,L,R,Fastball,Foul,,,100,-0.153140033,0.835645977
6,0,1,2,'1-2,2025-09-20,Brock Badgers,Western Mustangs,,Reid Lunney,Justin Stonkus,L,R,Changeup,Double Play,Ground Ball,Straightaway,100,-0.733871454,0.123172658
6,2,0,0,'0-0,2025-09-20,Brock Badgers,Western Mustangs,,Jaden Leeder,Justin Stonkus,R,R,Breaking Ball,Ball,,,0,-1.333960589,0.881611998
6,2,1,0,'1-0,2025-09-20,Brock Badgers,Western Mustangs,,Jaden Leeder,Justin Stonkus,R,R,Breaking Ball,Ball,,,0,-0.211213175,1.111442101
6,2,2,0,'2-0,2025-09-20,Brock Badgers,Western Mustangs,,Jaden Leeder,Justin Stonkus,R,R,Breaking Ball,Ball,,,0,1.434192518,0.161477675
6,2,3,0,'3-0,2025-09-20,Brock Badgers,Western Mustangs,,Jaden Leeder,Justin Stonkus,R,R,Fastball,Called Strike,,,0,-0.482221171,0.75137494
6,2,3,1,'3-1,2025-09-20,Brock Badgers,Western Mustangs,,Jaden Leeder,Justin Stonkus,R,R,Breaking Ball,Walk,,,0,1.240615378,0.253409716
6,2,0,0,'0-0,2025-09-20,Brock Badgers,Western Mustangs,,Cole Carpenter,Justin Stonkus,R,R,Breaking Ball,Called Strike,,,100,0.698599385,0.75137494
6,2,0,1,'0-1,2025-09-20,Brock Badgers,Western Mustangs,,Cole Carpenter,Justin Stonkus,R,R,Breaking Ball,Foul,,,100,-0.153140033,0.299375737
6,2,0,2,'0-2,2025-09-20,Brock Badgers,Western Mustangs,,Cole Carpenter,Justin Stonkus,R,R,Breaking Ball,Foul,,,100,1.356761662,0.498561826
6,2,0,2,'0-2,2025-09-20,Brock Badgers,Western Mustangs,,Cole Carpenter,Justin Stonkus,R,R,Breaking Ball,Ball,,,100,1.801989085,-0.022386407
6,2,1,2,'1-2,2025-09-20,Brock Badgers,Western Mustangs,,Cole Carpenter,Justin Stonkus,R,R,Breaking Ball,Ball,,,100,0.814745669,-0.336487548
6,2,2,2,'2-2,2025-09-20,Brock Badgers,Western Mustangs,,Cole Carpenter,Justin Stonkus,R,R,Breaking Ball,Groundout,Ground Ball,Straightaway,100,-0.114424605,0.636459888
7,0,0,0,'0-0,2025-09-20,Western Mustangs,Brock Badgers,,Adam Awrey,Charlie Hughes,L,R,Fastball,Ball,,,0,-0.327359459,1.103781098
7,0,1,0,'1-0,2025-09-20,Western Mustangs,Brock Badgers,,Adam Awrey,Charlie Hughes,L,R,Fastball,Swinging Strike,,,0,-0.598367455,0.28405373
7,0,1,1,'1-1,2025-09-20,Western Mustangs,Brock Badgers,,Adam Awrey,Charlie Hughes,L,R,Fastball,Foul,,,0,-0.230570889,0.667103902
7,0,1,2,'1-2,2025-09-20,Western Mustangs,Brock Badgers,,Adam Awrey,Charlie Hughes,L,R,Fastball,Foul,,,0,-0.637082884,1.111442101
7,0,1,2,'1-2,2025-09-20,Western Mustangs,Brock Badgers,,Adam Awrey,Charlie Hughes,L,R,Curveball,Ball,,,0,0.137225678,-0.428419589
7,0,2,2,'2-2,2025-09-20,Western Mustangs,Brock Badgers,,Adam Awrey,Charlie Hughes,L,R,Fastball,Ball,,,0,1.550338802,0.291714734
7,0,3,2,'3-2,2025-09-20,Western Mustangs,Brock Badgers,,Adam Awrey,Charlie Hughes,L,R,Fastball,Walk,,,0,0.311445104,1.234018156
7,0,0,0,'0-0,2025-09-20,Western Mustangs,Brock Badgers,,Ryan Nuernberger,Charlie Hughes,L,R,Fastball,Ball,,,100,1.685842801,0.046562624
7,0,1,0,'1-0,2025-09-20,Western Mustangs,Brock Badgers,,Ryan Nuernberger,Charlie Hughes,L,R,Fastball,Ball,,,100,-0.501578885,1.165069125
7,0,2,0,'2-0,2025-09-20,Western Mustangs,Brock Badgers,,Ryan Nuernberger,Charlie Hughes,L,R,Fastball,Called Strike,,,100,0.621168529,0.199782692
7,0,2,1,'2-1,2025-09-20,Western Mustangs,Brock Badgers,,Ryan Nuernberger,Charlie Hughes,L,R,Fastball,Foul,,,100,-0.482221171,0.353002761
7,0,2,2,'2-2,2025-09-20,Western Mustangs,Brock Badgers,,Ryan Nuernberger,Charlie Hughes,L,R,Curveball,Ball,,,100,-1.508180015,0.690086912
7,0,3,2,'3-2,2025-09-20,Western Mustangs,Brock Badgers,,Ryan Nuernberger,Charlie Hughes,L,R,Fastball,Foul,,,100,0.659883957,0.667103902
7,0,3,2,'3-2,2025-09-20,Western Mustangs,Brock Badgers,,Ryan Nuernberger,Charlie Hughes,L,R,Fastball,Groundout,Ground Ball,Straightaway,100,0.601810815,0.582832864
7,1,0,0,'0-0,2025-09-20,Western Mustangs,Brock Badgers,,Parker McLean,Charlie Hughes,L,R,Fastball,Groundout,Ground Ball,Straightaway,10,-0.230570889,0.199782692
7,2,0,0,'0-0,2025-09-20,Western Mustangs,Brock Badgers,,Ewan Ferguson,Charlie Hughes,L,R,Curveball,Called Strike,,,10,0.640526243,-0.152623466
7,2,0,1,'0-1,2025-09-20,Western Mustangs,Brock Badgers,,Ewan Ferguson,Charlie Hughes,L,R,Fastball,Flyout,Fly Ball,Pull,10,-0.346717173,0.521544837
7,0,0,0,'0-0,2025-09-20,Brock Badgers,Western Mustangs,,Flynn Matheson,Justin Stonkus,R,R,Breaking Ball,Swinging Strike,,,0,-0.133782319,0.498561826
7,0,0,1,'0-1,2025-09-20,Brock Badgers,Western Mustangs,,Flynn Matheson,Justin Stonkus,R,R,Breaking Ball,Swinging Strike,,,0,0.563095387,0.199782692
7,0,0,2,'0-2,2025-09-20,Brock Badgers,Western Mustangs,,Flynn Matheson,Justin Stonkus,R,R,Breaking Ball,Ball,,,0,0.814745669,-0.382453569
7,0,1,2,'1-2,2025-09-20,Brock Badgers,Western Mustangs,,Flynn Matheson,Justin Stonkus,R,R,Breaking Ball,Groundout,Ground Ball,Straightaway,0,0.659883957,0.100189648
7,1,0,0,'0-0,2025-09-20,Brock Badgers,Western Mustangs,,Brady Campbell,Justin Stonkus,R,R,Breaking Ball,Ball,,,0,0.795387955,-0.213911493
7,1,1,0,'1-0,2025-09-20,Brock Badgers,Western Mustangs,,Brady Campbell,Justin Stonkus,R,R,Fastball,Foul,,,0,0.659883957,0.636459888
7,1,1,1,'1-1,2025-09-20,Brock Badgers,Western Mustangs,,Brady Campbell,Justin Stonkus,R,R,Fastball,Ball,,,0,1.414834804,0.850967984
7,1,2,1,'2-1,2025-09-20,Brock Badgers,Western Mustangs,,Brady Campbell,Justin Stonkus,R,R,Fastball,Called Strike,,,0,0.427591388,-0.083674435
7,1,2,2,'2-2,2025-09-20,Brock Badgers,Western Mustangs,,Brady Campbell,Justin Stonkus,R,R,Breaking Ball,Ball,,,0,0.853461097,-0.351809555
7,1,3,2,'3-2,2025-09-20,Brock Badgers,Western Mustangs,,Brady Campbell,Justin Stonkus,R,R,Breaking Ball,Walk,,,0,1.879419941,0.000596603
7,1,0,0,'0-0,2025-09-20,Brock Badgers,Western Mustangs,,Liam Riley,Justin Stonkus,R,R,Fastball,Called Strike,,,100,0.601810815,0.490900823
7,1,0,1,'0-1,2025-09-20,Brock Badgers,Western Mustangs,,Liam Riley,Justin Stonkus,R,R,Breaking Ball,Foul,,,100,-0.559652027,0.28405373
7,1,0,2,'0-2,2025-09-20,Brock Badgers,Western Mustangs,,Liam Riley,Justin Stonkus,R,R,Fastball,Strikeout Swinging,,,100,-0.617725169,0.912256012
7,2,0,0,'0-0,2025-09-20,Brock Badgers,Western Mustangs,,Tobey Drennan,Justin Stonkus,R,R,Breaking Ball,Ball,,,100,0.892176525,-0.236894503
7,2,1,0,'1-0,2025-09-20,Brock Badgers,Western Mustangs,,Tobey Drennan,Justin Stonkus,R,R,Fastball,Flyout,Fly Ball,Opposite Field,100,0.214656534,0.130833661
1,0,0,0,'0-0,2025-09-20,Western Mustangs,Brock Badgers,,Ryan Nuernberger,Drew McArthur,L,R,Fastball,Foul,,,0,-0.617725169,0.682425909
1,0,0,1,'0-1,2025-09-20,Western Mustangs,Brock Badgers,,Ryan Nuernberger,Drew McArthur,L,R,Curveball,Called Strike,,,0,0.814745669,-0.160284469
1,0,0,2,'0-2,2025-09-20,Western Mustangs,Brock Badgers,,Ryan Nuernberger,Drew McArthur,L,R,Curveball,Lineout,Line Drive,Pull,0,0.234014248,0.398968782
1,1,0,0,'0-0,2025-09-20,Western Mustangs,Brock Badgers,,Parker McLean,Drew McArthur,L,R,Cutter,Ball,,,0,-1.372676017,0.475578816
1,1,1,0,'1-0,2025-09-20,Western Mustangs,Brock Badgers,,Parker McLean,Drew McArthur,L,R,Fastball,Single,Ground Ball,Pull,0,0.427591388,0.513883833
1,1,0,0,'0-0,2025-09-20,Western Mustangs,Brock Badgers,1.48,Ewan Ferguson,Drew McArthur,R,R,Curveball,Ball,,,100,-0.017636034,1.096120094
1,1,1,0,'1-0,2025-09-20,Western Mustangs,Brock Badgers,1.3,Ewan Ferguson,Drew McArthur,R,R,Cutter,Ball,,,100,0.621168529,1.096120094
1,1,2,0,'2-0,2025-09-20,Western Mustangs,Brock Badgers,,Ewan Ferguson,Drew McArthur,R,R,Cutter,Called Strike,,,10,0.563095387,0.30703674
1,1,2,1,'2-1,2025-09-20,Western Mustangs,Brock Badgers,,Ewan Ferguson,Drew McArthur,R,R,Curveball,Called Strike,,,10,0.408233674,0.276392727
1,1,2,2,'2-2,2025-09-20,Western Mustangs,Brock Badgers,,Ewan Ferguson,Drew McArthur,R,R,Curveball,Hit By Pitch,,,1,-1.430749159,0.866289991
1,1,0,0,'0-0,2025-09-20,Western Mustangs,Brock Badgers,,Colin Mayhew,Drew McArthur,R,R,Fastball,Lineout,Line Drive,Straightaway,101,0.524379959,0.659442898
1,2,0,0,'0-0,2025-09-20,Western Mustangs,Brock Badgers,,Trent Sillett,Drew McArthur,R,R,Curveball,Ball,,,101,2.111712509,0.590493868
1,2,1,0,'1-0,2025-09-20,Western Mustangs,Brock Badgers,,Trent Sillett,Drew McArthur,R,R,Fastball,Foul,,,101,0.156583392,0.789679957
1,2,1,1,'1-1,2025-09-20,Western Mustangs,Brock Badgers,,Trent Sillett,Drew McArthur,R,R,Curveball,Ball,,,101,-0.598367455,1.088459091
1,2,2,1,'2-1,2025-09-20,Western Mustangs,Brock Badgers,,Trent Sillett,Drew McArthur,R,R,Fastball,Foul,,,101,0.234014248,0.636459888
1,2,2,2,'2-2,2025-09-20,Western Mustangs,Brock Badgers,,Trent Sillett,Drew McArthur,R,R,Fastball,Foul,,,101,0.446949103,0.299375737
1,2,2,2,'2-2,2025-09-20,Western Mustangs,Brock Badgers,,Trent Sillett,Drew McArthur,R,R,Curveball,Foul,,,101,0.446949103,0.460256809
1,2,2,2,'2-2,2025-09-20,Western Mustangs,Brock Badgers,,Trent Sillett,Drew McArthur,R,R,Cutter,Ball,,,101,1.511623374,0.276392727
1,2,3,2,'3-2,2025-09-20,Western Mustangs,Brock Badgers,,Trent Sillett,Drew McArthur,R,R,Fastball,Foul,,,101,0.38887596,0.866289991
1,2,3,2,'3-2,2025-09-20,Western Mustangs,Brock Badgers,,Trent Sillett,Drew McArthur,R,R,Fastball,Walk,,,101,0.756672527,-0.351809555
1,2,0,0,'0-0,2025-09-20,Western Mustangs,Brock Badgers,,Justin Hawke,Drew McArthur,L,R,Cutter,Ball,,,111,-0.520936599,-0.198589486
1,2,1,0,'1-0,2025-09-20,Western Mustangs,Brock Badgers,,Justin Hawke,Drew McArthur,L,R,Fastball,Groundout,Ground Ball,Pull,111,-0.424148029,0.590493868
1,0,0,0,'0-0,2025-09-20,Brock Badgers,Western Mustangs,,Gavin Taylor,Lucas Shannon,R,R,Fastball,Ball,,,0,0.214656534,0.912256012
1,0,1,0,'1-0,2025-09-20,Brock Badgers,Western Mustangs,,Gavin Taylor,Lucas Shannon,R,R,Fastball,Ball,,,0,-0.114424605,-0.321165541
1,0,2,0,'2-0,2025-09-20,Brock Badgers,Western Mustangs,,Gavin Taylor,Lucas Shannon,R,R,Fastball,Groundout,Ground Ball,Pull,0,0.485664531,0.498561826
1,1,0,0,'0-0,2025-09-20,Brock Badgers,Western Mustangs,,Reid Lunney,Lucas Shannon,L,R,Fastball,Groundout,Ground Ball,Pull,0,-0.211213175,0.337680754
1,2,0,0,'0-0,2025-09-20,Brock Badgers,Western Mustangs,,Jaden Leeder,Lucas Shannon,R,R,Fastball,Swinging Strike,,,0,0.330802818,0.705408919
1,2,0,1,'0-1,2025-09-20,Brock Badgers,Western Mustangs,,Jaden Leeder,Lucas Shannon,R,R,Fastball,Ball,,,0,1.472907946,-0.0070644
1,2,1,1,'1-1,2025-09-20,Brock Badgers,Western Mustangs,,Jaden Leeder,Lucas Shannon,R,R,Breaking Ball,Single,Line Drive,Pull,0,-0.366074887,-0.167945473
1,2,0,0,'0-0,2025-09-20,Brock Badgers,Western Mustangs,1.28,Cole Carpenter,Lucas Shannon,R,R,Fastball,Groundout,Ground Ball,Straightaway,100,-0.153140033,0.161477675
2,0,0,0,'0-0,2025-09-20,Western Mustangs,Brock Badgers,,Blake Conners,Drew McArthur,R,R,Fastball,Foul,,,0,0.253371962,0.582832864
2,0,0,1,'0-1,2025-09-20,Western Mustangs,Brock Badgers,,Blake Conners,Drew McArthur,R,R,Curveball,Ball,,,0,0.09851025,-0.290521528
2,0,1,1,'1-1,2025-09-20,Western Mustangs,Brock Badgers,,Blake Conners,Drew McArthur,R,R,Fastball,Error,Ground Ball,Opposite Field,0,0.524379959,0.613476878
2,0,0,0,'0-0,2025-09-20,Western Mustangs,Brock Badgers,1.33,Alex Brown,Drew McArthur,L,R,Fastball,Ball,,,100,-0.927448594,1.180391132
2,0,1,0,'1-0,2025-09-20,Western Mustangs,Brock Badgers,,Alex Brown,Drew McArthur,L,R,Fastball,Ball,,,100,-1.217814305,0.77435795
2,0,2,0,'2-0,2025-09-20,Western Mustangs,Brock Badgers,,Alex Brown,Drew McArthur,L,R,Fastball,Flyout,Fly Ball,Pull,100,-0.579009741,0.207443696
2,1,0,0,'0-0,2025-09-20,Western Mustangs,Brock Badgers,,Adam Awrey,Drew McArthur,L,R,Fastball,Called Strike,,,100,0.369518246,0.77435795
2,1,0,1,'0-1,2025-09-20,Western Mustangs,Brock Badgers,,Adam Awrey,Drew McArthur,L,R,Cutter,Ball,,,100,-0.385432601,1.080798087
2,1,1,1,'1-1,2025-09-20,Western Mustangs,Brock Badgers,,Adam Awrey,Drew McArthur,L,R,Fastball,Foul,,,10,-0.404790315,0.697747916
2,1,1,2,'1-2,2025-09-20,Western Mustangs,Brock Badgers,,Adam Awrey,Drew McArthur,L,R,Curveball,Ball,,,10,0.427591388,1.157408122
2,1,2,2,'2-2,2025-09-20,Western Mustangs,Brock Badgers,,Adam Awrey,Drew McArthur,L,R,Cutter,Ball,,,10,0.911534239,-0.259877514
2,1,3,2,'3-2,2025-09-20,Western Mustangs,Brock Badgers,,Adam Awrey,Drew McArthur,L,R,Fastball,Walk,,,10,1.318046234,0.337680754
2,1,0,0,'0-0,2025-09-20,Western Mustangs,Brock Badgers,,Ryan Nuernberger,Drew McArthur,L,R,Cutter,Called Strike,,,110,0.427591388,0.483239819
2,1,0,1,'0-1,2025-09-20,Western Mustangs,Brock Badgers,,Ryan Nuernberger,Drew McArthur,L,R,Cutter,Foul,,,110,0.640526243,1.126764108
2,1,0,2,'0-2,2025-09-20,Western Mustangs,Brock Badgers,,Ryan Nuernberger,Drew McArthur,L,R,Fastball,Strikeout Looking,,,110,-0.501578885,0.207443696
2,2,0,0,'0-0,2025-09-20,Western Mustangs,Brock Badgers,,Parker McLean,Drew McArthur,L,R,Curveball,Ball,,,110,-0.153140033,1.111442101
2,2,1,0,'1-0,2025-09-20,Western Mustangs,Brock Badgers,,Parker McLean,Drew McArthur,L,R,Fastball,Single,Ground Ball,Straightaway,110,-0.269286317,0.406629785
2,2,0,0,'0-0,2025-09-20,Western Mustangs,Brock Badgers,,Ewan Ferguson,Jack Tiessen,R,R,Fastball,Foul,,,110,-0.366074887,0.919917015
2,2,0,1,'0-1,2025-09-20,Western Mustangs,Brock Badgers,,Ewan Ferguson,Jack Tiessen,R,R,Curveball,Swinging Strike,,,110,-0.249928603,0.345341758
2,2,0,2,'0-2,2025-09-20,Western Mustangs,Brock Badgers,,Ewan Ferguson,Jack Tiessen,R,R,Fastball,Foul,,,110,-0.095066891,0.889273001
2,2,0,2,'0-2,2025-09-20,Western Mustangs,Brock Badgers,,Ewan Ferguson,Jack Tiessen,R,R,Curveball,Ball,,,110,1.801989085,0.26107072
2,2,1,2,'1-2,2025-09-20,Western Mustangs,Brock Badgers,,Ewan Ferguson,Jack Tiessen,R,R,Fastball,Lineout,Line Drive,Opposite Field,110,0.563095387,0.314697744
2,0,0,0,'0-0,2025-09-20,Brock Badgers,Western Mustangs,,Nolan Phelan,Lucas Shannon,R,R,Breaking Ball,Ball,,,0,-0.153140033,-0.344148552
2,0,1,0,'1-0,2025-09-20,Brock Badgers,Western Mustangs,,Nolan Phelan,Lucas Shannon,R,R,Fastball,Double,Line Drive,Pull,0,-0.153140033,0.345341758
2,0,0,0,'0-0,2025-09-20,Brock Badgers,Western Mustangs,,Flynn Matheson,Lucas Shannon,R,R,Fastball,Ball,,,10,-1.256529733,0.421951792
2,0,1,0,'1-0,2025-09-20,Brock Badgers,Western Mustangs,,Flynn Matheson,Lucas Shannon,R,R,Breaking Ball,Foul,,,10,0.234014248,-0.160284469
2,0,1,1,'1-1,2025-09-20,Brock Badgers,Western Mustangs,,Flynn Matheson,Lucas Shannon,R,R,Breaking Ball,Called Strike,,,10,-0.230570889,0.092528644
2,0,1,2,'1-2,2025-09-20,Brock Badgers,Western Mustangs,,Flynn Matheson,Lucas Shannon,R,R,Breaking Ball,Foul,,,10,-0.153140033,-0.137301459
2,0,1,2,'1-2,2025-09-20,Brock Badgers,Western Mustangs,,Flynn Matheson,Lucas Shannon,R,R,Breaking Ball,Strikeout Swinging,,,10,-0.462863457,-0.083674435
2,1,0,0,'0-0,2025-09-20,Brock Badgers,Western Mustangs,,Tobey Drennan,Lucas Shannon,R,R,Fastball,Called Strike,,,10,0.427591388,0.705408919
2,1,0,1,'0-1,2025-09-20,Brock Badgers,Western Mustangs,,Tobey Drennan,Lucas Shannon,R,R,Breaking Ball,Ball,,,10,-0.191855461,-0.344148552
2,1,1,1,'1-1,2025-09-20,Brock Badgers,Western Mustangs,,Tobey Drennan,Lucas Shannon,R,R,Breaking Ball,Called Strike,,,1,0.19529882,0.345341758
2,1,1,2,'1-2,2025-09-20,Brock Badgers,Western Mustangs,,Tobey Drennan,Lucas Shannon,R,R,Fastball,Ball,,,1,1.29868852,0.77435795
2,1,2,2,'2-2,2025-09-20,Brock Badgers,Western Mustangs,,Tobey Drennan,Lucas Shannon,R,R,Breaking Ball,Flyout,Fly Ball,Pull,1,-0.346717173,0.199782692
2,2,0,0,'0-0,2025-09-20,Brock Badgers,Western Mustangs,,Brady Campbell,Lucas Shannon,R,R,Breaking Ball,Called Strike,,,1,0.524379959,0.353002761
2,2,0,1,'0-1,2025-09-20,Brock Badgers,Western Mustangs,,Brady Campbell,Lucas Shannon,R,R,Breaking Ball,Swinging Strike,,,1,1.085753666,-0.190928483
2,2,0,2,'0-2,2025-09-20,Brock Badgers,Western Mustangs,,Brady Campbell,Lucas Shannon,R,R,Fastball,Ball,,,1,1.724558229,1.234018156
2,2,1,2,'1-2,2025-09-20,Brock Badgers,Western Mustangs,,Brady Campbell,Lucas Shannon,R,R,Breaking Ball,Ball,,,1,0.214656534,-0.328826545
2,2,2,2,'2-2,2025-09-20,Brock Badgers,Western Mustangs,,Brady Campbell,Lucas Shannon,R,R,Fastball,Single,Ground Ball,Pull,1,-0.366074887,0.368324768
2,2,0,0,'0-0,2025-09-20,Brock Badgers,Western Mustangs,,Adam Geddes,Lucas Shannon,L,R,Fastball,Ball,,,100,-0.71451374,0.743713936
2,2,1,0,'1-0,2025-09-20,Brock Badgers,Western Mustangs,,Adam Geddes,Lucas Shannon,L,R,Fastball,Foul,,,10,-0.501578885,0.291714734
2,2,1,1,'1-1,2025-09-20,Brock Badgers,Western Mustangs,,Adam Geddes,Lucas Shannon,L,R,Fastball,Foul,,,10,-0.579009741,0.498561826
2,2,1,2,'1-2,2025-09-20,Brock Badgers,Western Mustangs,,Adam Geddes,Lucas Shannon,L,R,Offspeed,Ball,,,10,-1.275887447,0.26107072
2,2,2,2,'2-2,2025-09-20,Brock Badgers,Western Mustangs,,Adam Geddes,Lucas Shannon,L,R,Offspeed,Strikeout Swinging,,,10,-0.443505743,-0.267538517
3,0,0,0,'0-0,2025-09-20,Western Mustangs,Brock Badgers,,Colin Mayhew,Jack Tiessen,R,R,Changeup,Called Strike,,,0,0.621168529,0.644120892
3,0,0,1,'0-1,2025-09-20,Western Mustangs,Brock Badgers,,Colin Mayhew,Jack Tiessen,R,R,Fastball,Groundout,Ground Ball,Opposite Field,0,0.446949103,0.444934802
3,1,0,0,'0-0,2025-09-20,Western Mustangs,Brock Badgers,,Trent Sillett,Jack Tiessen,R,R,Curveball,Ball,,,0,2.014923939,0.950561029
3,1,1,0,'1-0,2025-09-20,Western Mustangs,Brock Badgers,,Trent Sillett,Jack Tiessen,R,R,Fastball,Ball,,,0,0.543737673,-0.137301459
3,1,2,0,'2-0,2025-09-20,Western Mustangs,Brock Badgers,,Trent Sillett,Jack Tiessen,R,R,Fastball,Called Strike,,,0,0.253371962,0.690086912
3,1,2,1,'2-1,2025-09-20,Western Mustangs,Brock Badgers,,Trent Sillett,Jack Tiessen,R,R,Fastball,Hit By Pitch,,,0,-1.333960589,0.820323971
3,1,0,0,'0-0,2025-09-20,Western Mustangs,Brock Badgers,,Justin Hawke,Jack Tiessen,L,R,Fastball,Ball,,,100,-0.385432601,1.111442101
3,1,1,0,'1-0,2025-09-20,Western Mustangs,Brock Badgers,1.34,Justin Hawke,Jack Tiessen,L,R,Changeup,Called Strike,,,100,-0.540294313,0.146155668
3,1,1,1,'1-1,2025-09-20,Western Mustangs,Brock Badgers,,Justin Hawke,Jack Tiessen,L,R,Changeup,Swinging Strike,,,100,-1.392033731,0.322358747
3,1,1,2,'1-2,2025-09-20,Western Mustangs,Brock Badgers,1.3,Justin Hawke,Jack Tiessen,L,R,Fastball,Groundout,Ground Ball,Straightaway,100,-0.017636034,0.276392727
3,2,0,0,'0-0,2025-09-20,Western Mustangs,Brock Badgers,,Blake Conners,Jack Tiessen,R,R,Fastball,Foul,,,100,0.582453101,0.192121689
3,2,0,1,'0-1,2025-09-20,Western Mustangs,Brock Badgers,,Blake Conners,Jack Tiessen,R,R,Curveball,Ball,,,100,1.647127373,-0.175606476
3,2,1,1,'1-1,2025-09-20,Western Mustangs,Brock Badgers,,Blake Conners,Jack Tiessen,R,R,Fastball,Single,Line Drive,Pull,100,0.311445104,0.812662967
3,2,0,0,'0-0,2025-09-20,Western Mustangs,Brock Badgers,,Koby Sernick,Jack Tiessen,R,R,Fastball,Ball,,,110,0.717957099,-0.244555507
3,2,1,0,'1-0,2025-09-20,Western Mustangs,Brock Badgers,,Koby Sernick,Jack Tiessen,R,R,Fastball,Groundout,Ground Ball,Opposite Field,110,0.408233674,0.414290789
3,0,0,0,'0-0,2025-09-20,Brock Badgers,Western Mustangs,,Gavin Taylor,Lucas Shannon,R,R,Breaking Ball,Single,Ground Ball,Pull,0,0.272729676,0.667103902
3,0,0,0,'0-0,2025-09-20,Brock Badgers,Western Mustangs,,Reid Lunney,Lucas Shannon,L,R,Fastball,Called Strike,,,100,-0.424148029,0.383646775
3,0,0,1,'0-1,2025-09-20,Brock Badgers,Western Mustangs,0.9,Reid Lunney,Lucas Shannon,L,R,Offspeed,Foul,,,100,-0.424148029,-0.336487548
3,0,0,2,'0-2,2025-09-20,Brock Badgers,Western Mustangs,,Reid Lunney,Lucas Shannon,L,R,Offspeed,Foul,,,100,-1.043594878,-0.144962462
3,0,0,2,'0-2,2025-09-20,Brock Badgers,Western Mustangs,,Reid Lunney,Lucas Shannon,L,R,Offspeed,Foul,,,100,-0.366074887,-0.167945473
3,0,0,2,'0-2,2025-09-20,Brock Badgers,Western Mustangs,,Reid Lunney,Lucas Shannon,L,R,Offspeed,Foul,,,100,0.311445104,0.107850651
3,0,0,2,'0-2,2025-09-20,Brock Badgers,Western Mustangs,,Reid Lunney,Lucas Shannon,L,R,Offspeed,Flyout,Fly Ball,Straightaway,100,-0.424148029,0.444934802
3,1,0,0,'0-0,2025-09-20,Brock Badgers,Western Mustangs,,Jaden Leeder,Lucas Shannon,R,R,Fastball,Foul,,,100,-0.075709176,0.820323971
3,1,0,1,'0-1,2025-09-20,Brock Badgers,Western Mustangs,1.06,Jaden Leeder,Lucas Shannon,R,R,Fastball,Flyout,Fly Ball,Pull,100,-0.133782319,0.667103902
3,2,0,0,'0-0,2025-09-20,Brock Badgers,Western Mustangs,,Cole Carpenter,Lucas Shannon,R,R,Breaking Ball,Ball,,,100,0.427591388,-0.190928483
3,2,1,0,'1-0,2025-09-20,Brock Badgers,Western Mustangs,,Cole Carpenter,Lucas Shannon,R,R,Breaking Ball,Hit By Pitch,,,100,-1.546895443,0.230426706
3,2,0,0,'0-0,2025-09-20,Brock Badgers,Western Mustangs,,Nolan Phelan,Lucas Shannon,R,R,Fastball,Foul,,,110,-0.249928603,0.728391929
3,2,0,1,'0-1,2025-09-20,Brock Badgers,Western Mustangs,,Nolan Phelan,Lucas Shannon,R,R,Fastball,Flyout,Fly Ball,Straightaway,110,-0.211213175,0.345341758
4,0,0,0,'0-0,2025-09-20,Western Mustangs,Brock Badgers,,Adam Awrey,Jack Tiessen,L,R,Fastball,Single,Ground Ball,Straightaway,0,-0.462863457,0.268731723
4,0,0,0,'0-0,2025-09-20,Western Mustangs,Brock Badgers,,Ryan Nuernberger,Jack Tiessen,L,R,Fastball,Foul,,,100,-0.153140033,0.375985771
4,0,0,1,'0-1,2025-09-20,Western Mustangs,Brock Badgers,,Ryan Nuernberger,Jack Tiessen,L,R,Fastball,Error,Ground Ball,Straightaway,100,-0.327359459,0.421951792
4,0,0,0,'0-0,2025-09-20,Western Mustangs,Brock Badgers,,Parker McLean,Jack Tiessen,L,R,Fastball,Called Strike,,,101,0.19529882,0.644120892
4,0,0,1,'0-1,2025-09-20,Western Mustangs,Brock Badgers,,Parker McLean,Jack Tiessen,L,R,Changeup,Ball,,,11,-1.488822301,0.26107072
4,0,1,1,'1-1,2025-09-20,Western Mustangs,Brock Badgers,,Parker McLean,Jack Tiessen,L,R,Fastball,Ball,,,11,1.49226566,0.192121689
4,0,2,1,'2-1,2025-09-20,Western Mustangs,Brock Badgers,,Parker McLean,Jack Tiessen,L,R,Curveball,Triple,Fly Ball,Pull,11,-0.346717173,0.368324768
4,0,0,0,'0-0,2025-09-20,Western Mustangs,Brock Badgers,,Ewan Ferguson,Jack Tiessen,R,R,Fastball,Ball,,,1,-1.314602875,0.789679957
4,0,1,0,'1-0,2025-09-20,Western Mustangs,Brock Badgers,,Ewan Ferguson,Jack Tiessen,R,R,Curveball,Ball,,,1,-1.333960589,0.046562624
4,0,2,0,'2-0,2025-09-20,Western Mustangs,Brock Badgers,,Ewan Ferguson,Jack Tiessen,R,R,Fastball,Ball,,,1,1.608411945,0.674764905
4,0,3,0,'3-0,2025-09-20,Western Mustangs,Brock Badgers,,Ewan Ferguson,Jack Tiessen,R,R,Fastball,Walk,,,1,2.131070224,0.054223627
4,0,0,0,'0-0,2025-09-20,Western Mustangs,Brock Badgers,,Colin Mayhew,Jack Tiessen,R,R,Curveball,Ball,,,101,-0.308001745,-0.298182531
4,0,1,0,'1-0,2025-09-20,Western Mustangs,Brock Badgers,,Colin Mayhew,Jack Tiessen,R,R,Fastball,Single,Ground Ball,Straightaway,101,0.350160532,0.567510857
4,0,0,0,'0-0,2025-09-20,Western Mustangs,Brock Badgers,,Trent Sillett,Jack Tiessen,R,R,Fastball,Ball,,,100,-0.133782319,1.111442101
4,0,1,0,'1-0,2025-09-20,Western Mustangs,Brock Badgers,,Trent Sillett,Jack Tiessen,R,R,Fastball,Double Play,Ground Ball,Pull,100,0.446949103,0.490900823
4,2,0,0,'0-0,2025-09-20,Western Mustangs,Brock Badgers,,Justin Hawke,Jack Tiessen,L,R,Fastball,Flyout,Fly Ball,Straightaway,0,-0.269286317,0.866289991
4,0,0,0,'0-0,2025-09-20,Brock Badgers,Western Mustangs,,Flynn Matheson,Lucas Shannon,R,R,Breaking Ball,Error,Fly Ball,Opposite Field,0,0.09851025,0.253409716
4,0,0,0,'0-0,2025-09-20,Brock Badgers,Western Mustangs,,Tobey Drennan,Lucas Shannon,R,R,Fastball,Ball,,,10,0.524379959,-0.25221651
4,0,1,0,'1-0,2025-09-20,Brock Badgers,Western Mustangs,,Tobey Drennan,Lucas Shannon,R,R,Breaking Ball,Single,Ground Ball,Pull,10,0.485664531,0.330019751
4,0,0,0,'0-0,2025-09-20,Brock Badgers,Western Mustangs,,Brady Campbell,Lucas Shannon,R,R,Fastball,Double,Line Drive,Straightaway,100,0.272729676,0.299375737
4,0,0,0,'0-0,2025-09-20,Brock Badgers,Western Mustangs,,Adam Geddes,Lucas Shannon,L,R,Breaking Ball,Called Strike,,,101,-0.637082884,-0.121979452
4,0,0,1,'0-1,2025-09-20,Brock Badgers,Western Mustangs,,Adam Geddes,Lucas Shannon,L,R,Breaking Ball,Foul,,,101,-0.733871454,-0.2292335
4,0,0,2,'0-2,2025-09-20,Brock Badgers,Western Mustangs,,Adam Geddes,Lucas Shannon,L,R,Fastball,Ball,,,101,-0.791944596,1.249340163
4,0,1,2,'1-2,2025-09-20,Brock Badgers,Western Mustangs,,Adam Geddes,Lucas Shannon,L,R,Offspeed,Ball,,,101,0.582453101,-0.129640455
4,0,2,2,'2-2,2025-09-20,Brock Badgers,Western Mustangs,,Adam Geddes,Lucas Shannon,L,R,Breaking Ball,Ball,,,101,0.601810815,-0.351809555
4,0,3,2,'3-2,2025-09-20,Brock Badgers,Western Mustangs,,Adam Geddes,Lucas Shannon,L,R,Breaking Ball,Groundout,Ground Ball,Pull,101,-0.443505743,0.123172658
4,1,0,0,'0-0,2025-09-20,Brock Badgers,Western Mustangs,,Gavin Taylor,Lucas Shannon,R,R,Fastball,Ball,,,11,0.427591388,1.088459091
4,1,1,0,'1-0,2025-09-20,Brock Badgers,Western Mustangs,,Gavin Taylor,Lucas Shannon,R,R,Fastball,Sacrifice Fly,Fly Ball,Straightaway,11,-0.133782319,0.398968782
4,2,0,0,'0-0,2025-09-20,Brock Badgers,Western Mustangs,,Reid Lunney,Lucas Shannon,L,R,Fastball,Called Strike,,,10,-0.269286317,0.153816672
4,2,0,1,'0-1,2025-09-20,Brock Badgers,Western Mustangs,,Reid Lunney,Lucas Shannon,L,R,Offspeed,Ball,,,10,-1.333960589,-0.221572497
4,2,1,1,'1-1,2025-09-20,Brock Badgers,Western Mustangs,,Reid Lunney,Lucas Shannon,L,R,Breaking Ball,Ball,,,10,-0.966164022,-0.298182531
4,2,2,1,'2-1,2025-09-20,Brock Badgers,Western Mustangs,,Reid Lunney,Lucas Shannon,L,R,Fastball,Lineout,Line Drive,Opposite Field,10,-0.617725169,0.276392727
5,0,0,0,'0-0,2025-09-20,Western Mustangs,Brock Badgers,,Blake Conners,Rowan Gelder,R,L,Fastball,Ball,,,0,-0.985521736,-0.259877514
5,0,1,0,'1-0,2025-09-20,Western Mustangs,Brock Badgers,,Blake Conners,Rowan Gelder,R,L,Fastball,Foul,,,0,0.485664531,0.827984974
5,0,1,1,'1-1,2025-09-20,Western Mustangs,Brock Badgers,,Blake Conners,Rowan Gelder,R,L,Curveball,Ball,,,0,0.485664531,1.111442101
5,0,2,1,'2-1,2025-09-20,Western Mustangs,Brock Badgers,,Blake Conners,Rowan Gelder,R,L,Fastball,Ball,,,0,-0.269286317,1.103781098
5,0,3,1,'3-1,2025-09-20,Western Mustangs,Brock Badgers,,Blake Conners,Rowan Gelder,R,L,Fastball,Walk,,,0,1.511623374,0.736052933
5,0,0,0,'0-0,2025-09-20,Western Mustangs,Brock Badgers,1.35,Koby Sernick,Rowan Gelder,R,L,Fastball,Ball,,,100,0.272729676,1.157408122
5,0,1,0,'1-0,2025-09-20,Western Mustangs,Brock Badgers,1.35,Koby Sernick,Rowan Gelder,R,L,Fastball,Ball,,,100,-1.19845659,0.28405373
5,0,2,0,'2-0,2025-09-20,Western Mustangs,Brock Badgers,,Koby Sernick,Rowan Gelder,R,L,Fastball,Foul,,,10,-0.308001745,-0.137301459
5,0,2,1,'2-1,2025-09-20,Western Mustangs,Brock Badgers,,Koby Sernick,Rowan Gelder,R,L,Fastball,Swinging Strike,,,10,-0.443505743,0.245748713
5,0,2,2,'2-2,2025-09-20,Western Mustangs,Brock Badgers,,Koby Sernick,Rowan Gelder,R,L,Fastball,Ball,,,10,0.330802818,-0.305843534
5,0,3,2,'3-2,2025-09-20,Western Mustangs,Brock Badgers,,Koby Sernick,Rowan Gelder,R,L,Curveball,Foul,,,1,-0.424148029,0.475578816
5,0,3,2,'3-2,2025-09-20,Western Mustangs,Brock Badgers,,Koby Sernick,Rowan Gelder,R,L,Fastball,Foul,,,1,-0.095066891,0.766696947
5,0,3,2,'3-2,2025-09-20,Western Mustangs,Brock Badgers,,Koby Sernick,Rowan Gelder,R,L,Fastball,Foul,,,1,-0.598367455,0.720730926
5,0,3,2,'3-2,2025-09-20,Western Mustangs,Brock Badgers,,Koby Sernick,Rowan Gelder,R,L,Fastball,Walk,,,1,-0.540294313,-0.47438561
5,0,0,0,'0-0,2025-09-20,Western Mustangs,Brock Badgers,,Adam Awrey,Rowan Gelder,L,L,Fastball,Called Strike,,,101,-0.753229168,0.559849854
5,0,0,1,'0-1,2025-09-20,Western Mustangs,Brock Badgers,,Adam Awrey,Rowan Gelder,L,L,Curveball,Ball,,,101,-1.430749159,0.031240617
5,0,1,1,'1-1,2025-09-20,Western Mustangs,Brock Badgers,,Adam Awrey,Rowan Gelder,L,L,Curveball,Ball,,,101,-0.559652027,1.073137084
5,0,2,1,'2-1,2025-09-20,Western Mustangs,Brock Badgers,,Adam Awrey,Rowan Gelder,L,L,Fastball,Ball,,,101,-0.366074887,-0.367131562
5,0,3,1,'3-1,2025-09-20,Western Mustangs,Brock Badgers,,Adam Awrey,Rowan Gelder,L,L,Fastball,Walk,,,101,-1.19845659,0.835645977
5,0,0,0,'0-0,2025-09-20,Western Mustangs,Brock Badgers,,Ryan Nuernberger,Daniel Lucas,L,R,Curveball,Foul,,,111,-0.675798312,0.621137881
5,0,0,1,'0-1,2025-09-20,Western Mustangs,Brock Badgers,,Ryan Nuernberger,Daniel Lucas,L,R,Fastball,Foul,,,111,-1.217814305,0.245748713
5,0,0,2,'0-2,2025-09-20,Western Mustangs,Brock Badgers,,Ryan Nuernberger,Daniel Lucas,L,R,Changeup,Ball,,,111,-0.850017738,1.257001166
5,0,1,2,'1-2,2025-09-20,Western Mustangs,Brock Badgers,,Ryan Nuernberger,Daniel Lucas,L,R,Fastball,Ball,,,111,0.756672527,-0.313504538
5,0,2,2,'2-2,2025-09-20,Western Mustangs,Brock Badgers,,Ryan Nuernberger,Daniel Lucas,L,R,Fastball,Ball,,,111,1.569696516,0.031240617
5,0,3,2,'3-2,2025-09-20,Western Mustangs,Brock Badgers,,Ryan Nuernberger,Daniel Lucas,L,R,Fastball,Foul,,,111,-0.211213175,0.674764905
5,0,3,2,'3-2,2025-09-20,Western Mustangs,Brock Badgers,,Ryan Nuernberger,Daniel Lucas,L,R,Curveball,Walk,,,111,-1.353318303,0.743713936
5,0,0,0,'0-0,2025-09-20,Western Mustangs,Brock Badgers,,Parker McLean,Daniel Lucas,L,R,Fastball,Ball,,,111,1.356761662,-0.321165541
5,0,1,0,'1-0,2025-09-20,Western Mustangs,Brock Badgers,,Parker McLean,Daniel Lucas,L,R,Curveball,Single,Line Drive,Pull,111,-0.288644031,0.75137494
5,0,0,0,'0-0,2025-09-20,Western Mustangs,Brock Badgers,,Ewan Ferguson,Daniel Lucas,R,R,Fastball,Ball,,,11,0.930891953,-0.25221651
5,0,1,0,'1-0,2025-09-20,Western Mustangs,Brock Badgers,,Ewan Ferguson,Daniel Lucas,R,R,Fastball,Single,Ground Ball,Straightaway,1,0.369518246,0.23808771
5,0,0,0,'0-0,2025-09-20,Western Mustangs,Brock Badgers,,Colin Mayhew,Daniel Lucas,R,R,Fastball,Swinging Strike,,,100,-0.482221171,0.644120892
5,0,0,1,'0-1,2025-09-20,Western Mustangs,Brock Badgers,,Colin Mayhew,Daniel Lucas,R,R,Fastball,Single,Ground Ball,Straightaway,10,-0.443505743,0.161477675
5,0,0,0,'0-0,2025-09-20,Western Mustangs,Brock Badgers,,Trent Sillett,Daniel Lucas,R,R,Fastball,Ball,,,101,1.376119376,0.766696947
5,0,1,0,'1-0,2025-09-20,Western Mustangs,Brock Badgers,,Trent Sillett,Daniel Lucas,R,R,Fastball,Called Strike,,,101,0.175941106,-0.068352428
5,0,1,1,'1-1,2025-09-20,Western Mustangs,Brock Badgers,,Trent Sillett,Daniel Lucas,R,R,Curveball,Foul,,,11,0.369518246,0.605815874
5,0,1,2,'1-2,2025-09-20,Western Mustangs,Brock Badgers,,Trent Sillett,Daniel Lucas,R,R,Curveball,Single,Line Drive,Opposite Field,11,1.20189995,0.299375737
5,0,0,0,'0-0,2025-09-20,Western Mustangs,Brock Badgers,,Justin Hawke,Wilson Michel,L,R,Fastball,Ball,,,101,-1.314602875,-0.436080593
5,0,1,0,'1-0,2025-09-20,Western Mustangs,Brock Badgers,,Justin Hawke,Wilson Michel,L,R,Fastball,Popout,Pop Up,Opposite Field,101,-0.617725169,0.590493868
5,1,0,0,'0-0,2025-09-20,Western Mustangs,Brock Badgers,,Blake Conners,Wilson Michel,L,R,Slider,Ball,,,101,0.563095387,-0.336487548
5,1,1,0,'1-0,2025-09-20,Western Mustangs,Brock Badgers,,Blake Conners,Wilson Michel,L,R,Fastball,Ball,,,101,-0.249928603,-0.336487548
5,1,2,0,'2-0,2025-09-20,Western Mustangs,Brock Badgers,,Blake Conners,Wilson Michel,L,R,Fastball,Hit By Pitch,,,101,-1.508180015,0.697747916
5,1,0,0,'0-0,2025-09-20,Western Mustangs,Brock Badgers,,Koby Sernick,Haydon Cupolo,R,R,Slider,Called Strike,,,111,0.621168529,0.398968782
5,1,0,1,'0-1,2025-09-20,Western Mustangs,Brock Badgers,,Koby Sernick,Haydon Cupolo,R,R,Slider,Swinging Strike,,,111,1.589054231,-0.045369418
5,1,0,2,'0-2,2025-09-20,Western Mustangs,Brock Badgers,,Koby Sernick,Haydon Cupolo,R,R,Slider,Ball,,,111,-1.392033731,0.827984974
5,1,1,2,'1-2,2025-09-20,Western Mustangs,Brock Badgers,,Koby Sernick,Haydon Cupolo,R,R,Fastball,Flyout,Fly Ball,Straightaway,111,0.19529882,0.713069922
5,2,0,0,'0-0,2025-09-20,Western Mustangs,Brock Badgers,,Adam Awrey,Haydon Cupolo,L,R,Fastball,Ball,,,111,0.776030241,-0.382453569
5,2,1,0,'1-0,2025-09-20,Western Mustangs,Brock Badgers,,Adam Awrey,Haydon Cupolo,L,R,Slider,Ball,,,111,1.530981088,0.26107072
5,2,2,0,'2-0,2025-09-20,Western Mustangs,Brock Badgers,,Adam Awrey,Haydon Cupolo,L,R,Fastball,Error,Fly Ball,Opposite Field,111,-0.327359459,0.674764905
5,2,0,0,'0-0,2025-09-20,Western Mustangs,Brock Badgers,,Ryan Nuernberger,Haydon Cupolo,L,R,Fastball,Foul,,,10,-0.559652027,0.30703674
5,2,0,1,'0-1,2025-09-20,Western Mustangs,Brock Badgers,,Ryan Nuernberger,Haydon Cupolo,L,R,Slider,Foul,,,10,-0.559652027,0.291714734
5,2,0,2,'0-2,2025-09-20,Western Mustangs,Brock Badgers,,Ryan Nuernberger,Haydon Cupolo,L,R,Slider,Ball,,,10,-1.392033731,-0.2292335
5,2,1,2,'1-2,2025-09-20,Western Mustangs,Brock Badgers,,Ryan Nuernberger,Haydon Cupolo,L,R,Fastball,Foul,,,10,-0.366074887,0.812662967
5,2,1,2,'1-2,2025-09-20,Western Mustangs,Brock Badgers,,Ryan Nuernberger,Haydon Cupolo,L,R,Fastball,Foul,,,10,-0.656440598,0.391307778
5,2,1,2,'1-2,2025-09-20,Western Mustangs,Brock Badgers,,Ryan Nuernberger,Haydon Cupolo,L,R,Slider,Foul,,,10,-0.598367455,0.827984974
5,2,1,2,'1-2,2025-09-20,Western Mustangs,Brock Badgers,,Ryan Nuernberger,Haydon Cupolo,L,R,Slider,Foul,,,10,-1.353318303,0.835645977
5,2,1,2,'1-2,2025-09-20,Western Mustangs,Brock Badgers,,Ryan Nuernberger,Haydon Cupolo,L,R,Fastball,Ball,,,10,-0.482221171,1.126764108
5,2,2,2,'2-2,2025-09-20,Western Mustangs,Brock Badgers,,Ryan Nuernberger,Haydon Cupolo,L,R,Slider,Foul,,,10,-0.675798312,0.759035943
5,2,2,2,'2-2,2025-09-20,Western Mustangs,Brock Badgers,,Ryan Nuernberger,Haydon Cupolo,L,R,Fastball,Groundout,Ground Ball,Straightaway,10,-0.404790315,0.682425909
5,0,0,0,'0-0,2025-09-20,Brock Badgers,Western Mustangs,,Jaden Leeder,Lucas Shannon,R,R,Breaking Ball,Ball,,,0,0.272729676,1.088459091
5,0,1,0,'1-0,2025-09-20,Brock Badgers,Western Mustangs,,Jaden Leeder,Lucas Shannon,R,R,Fastball,Foul,,,0,-0.327359459,0.55218885
5,0,1,1,'1-1,2025-09-20,Brock Badgers,Western Mustangs,,Jaden Leeder,Lucas Shannon,R,R,Breaking Ball,Swinging Strike,,,0,0.272729676,-0.336487548
5,0,1,2,'1-2,2025-09-20,Brock Badgers,Western Mustangs,,Jaden Leeder,Lucas Shannon,R,R,Fastball,Ball,,,0,1.376119376,0.843306981
5,0,2,2,'2-2,2025-09-20,Brock Badgers,Western Mustangs,,Jaden Leeder,Lucas Shannon,R,R,Breaking Ball,Single,Line Drive,Pull,0,-0.308001745,0.199782692
5,0,0,0,'0-0,2025-09-20,Brock Badgers,Western Mustangs,1.28,Cole Carpenter,Lucas Shannon,R,R,Fastball,Ball,,,100,-1.353318303,0.873950995
5,0,1,0,'1-0,2025-09-20,Brock Badgers,Western Mustangs,,Cole Carpenter,Lucas Shannon,R,R,Breaking Ball,Single,Line Drive,Pull,100,0.059794822,0.268731723
5,0,0,0,'0-0,2025-09-20,Brock Badgers,Western Mustangs,,Nolan Phelan,Lucas Shannon,R,R,Breaking Ball,Ball,,,110,-0.966164022,-0.328826545
5,0,1,0,'1-0,2025-09-20,Brock Badgers,Western Mustangs,,Nolan Phelan,Lucas Shannon,R,R,Fastball,Groundout,Ground Ball,Pull,110,0.369518246,0.26107072
5,1,0,0,'0-0,2025-09-20,Brock Badgers,Western Mustangs,,Flynn Matheson,Lucas Shannon,R,R,Fastball,Foul,,,110,0.427591388,0.169138679
5,1,0,1,'0-1,2025-09-20,Brock Badgers,Western Mustangs,,Flynn Matheson,Lucas Shannon,R,R,Breaking Ball,Foul,,,110,0.311445104,0.337680754
5,1,0,2,'0-2,2025-09-20,Brock Badgers,Western Mustangs,,Flynn Matheson,Lucas Shannon,R,R,Fastball,Ball,,,110,0.38887596,1.249340163
5,1,1,2,'1-2,2025-09-20,Brock Badgers,Western Mustangs,,Flynn Matheson,Lucas Shannon,R,R,Breaking Ball,Double Play,Ground Ball,Pull,110,0.582453101,0.291714734
1,0,0,0,'0-0,2025-09-21,Brock Badgers,Waterloo Warriors,,Reid Lunney,Aidan Armitage,L,R,Fastball,Ball,,,0,-1.450106873,0.812662967
1,0,1,0,'1-0,2025-09-21,Brock Badgers,Waterloo Warriors,,Reid Lunney,Aidan Armitage,L,R,Fastball,Called Strike,,,0,-0.71451374,0.398968782
1,0,1,1,'1-1,2025-09-21,Brock Badgers,Waterloo Warriors,,Reid Lunney,Aidan Armitage,L,R,Fastball,Ball,,,0,0.524379959,-0.244555507
1,0,2,1,'2-1,2025-09-21,Brock Badgers,Waterloo Warriors,,Reid Lunney,Aidan Armitage,L,R,Fastball,Foul,,,0,0.272729676,0.299375737
1,0,2,2,'2-2,2025-09-21,Brock Badgers,Waterloo Warriors,,Reid Lunney,Aidan Armitage,L,R,Fastball,Ball,,,0,-0.656440598,1.134425111
1,0,3,2,'3-2,2025-09-21,Brock Badgers,Waterloo Warriors,,Reid Lunney,Aidan Armitage,L,R,Breaking Ball,Strikeout Swinging,,,0,0.408233674,1.103781098
1,1,0,0,'0-0,2025-09-21,Brock Badgers,Waterloo Warriors,,Nolan Phelan,Aidan Armitage,R,R,Fastball,Foul,,,0,0.156583392,0.444934802
1,1,0,1,'0-1,2025-09-21,Brock Badgers,Waterloo Warriors,,Nolan Phelan,Aidan Armitage,R,R,Breaking Ball,Ball,,,0,-0.869375452,1.203374142
1,1,1,1,'1-1,2025-09-21,Brock Badgers,Waterloo Warriors,,Nolan Phelan,Aidan Armitage,R,R,Breaking Ball,Popout,Pop Up,Opposite Field,0,0.427591388,0.521544837
1,2,0,0,'0-0,2025-09-21,Brock Badgers,Waterloo Warriors,,Cole Carpenter,Aidan Armitage,R,R,Breaking Ball,Single,Line Drive,Pull,0,-0.095066891,0.728391929
1,2,0,0,'0-0,2025-09-21,Brock Badgers,Waterloo Warriors,1.12,Jaden Leeder,Aidan Armitage,R,R,Breaking Ball,Called Strike,,,100,-0.695156026,0.659442898
1,2,0,1,'0-1,2025-09-21,Brock Badgers,Waterloo Warriors,,Jaden Leeder,Aidan Armitage,R,R,Breaking Ball,Foul,,,100,0.524379959,0.651781895
1,2,0,2,'0-2,2025-09-21,Brock Badgers,Waterloo Warriors,,Jaden Leeder,Aidan Armitage,R,R,Breaking Ball,Ball,,,100,-0.559652027,1.073137084
1,2,1,2,'1-2,2025-09-21,Brock Badgers,Waterloo Warriors,,Jaden Leeder,Aidan Armitage,R,R,Breaking Ball,Ball,,,100,0.776030241,1.111442101
1,2,2,2,'2-2,2025-09-21,Brock Badgers,Waterloo Warriors,,Jaden Leeder,Aidan Armitage,R,R,Breaking Ball,Ball,,,100,-0.656440598,1.06547608
1,2,3,2,'3-2,2025-09-21,Brock Badgers,Waterloo Warriors,,Jaden Leeder,Aidan Armitage,R,R,Breaking Ball,Strikeout Looking,,,100,-1.159741162,0.636459888
1,0,0,0,'0-0,2025-09-21,Waterloo Warriors,Brock Badgers,,Adam Leatherland,Ryan Facchini,L,R,Cutter,Called Strike,,,0,-0.598367455,0.421951792
1,0,0,1,'0-1,2025-09-21,Waterloo Warriors,Brock Badgers,,Adam Leatherland,Ryan Facchini,L,R,Cutter,Groundout,Ground Ball,Pull,0,-0.443505743,0.330019751
1,1,0,0,'0-0,2025-09-21,Waterloo Warriors,Brock Badgers,,Carter Kipp,Ryan Facchini,R,R,Fastball,Foul,,,0,-0.733871454,0.766696947
1,1,0,1,'0-1,2025-09-21,Waterloo Warriors,Brock Badgers,,Carter Kipp,Ryan Facchini,R,R,Cutter,Single,Ground Ball,Opposite Field,0,-0.71451374,0.605815874
1,1,0,0,'0-0,2025-09-21,Waterloo Warriors,Brock Badgers,,Arthur Kowara,Ryan Facchini,R,R,Cutter,Called Strike,,,100,-0.211213175,0.176799682
1,1,0,1,'0-1,2025-09-21,Waterloo Warriors,Brock Badgers,,Arthur Kowara,Ryan Facchini,R,R,Slider,Ball,,,100,-0.327359459,-0.328826545
1,1,1,1,'1-1,2025-09-21,Waterloo Warriors,Brock Badgers,,Arthur Kowara,Ryan Facchini,R,R,Fastball,Swinging Strike,,,100,-0.249928603,0.245748713
1,1,1,2,'1-2,2025-09-21,Waterloo Warriors,Brock Badgers,,Arthur Kowara,Ryan Facchini,R,R,Fastball,Single,Ground Ball,Straightaway,100,0.698599385,1.088459091
1,1,0,0,'0-0,2025-09-21,Waterloo Warriors,Brock Badgers,,Sam Shephard,Ryan Facchini,R,R,Cutter,Called Strike,,,110,-0.637082884,0.299375737
1,1,0,1,'0-1,2025-09-21,Waterloo Warriors,Brock Badgers,,Sam Shephard,Ryan Facchini,R,R,Cutter,Ball,,,110,-0.617725169,0.138494665
1,1,1,1,'1-1,2025-09-21,Waterloo Warriors,Brock Badgers,,Sam Shephard,Ryan Facchini,R,R,Fastball,Ball,,,110,0.582453101,-0.129640455
1,1,2,1,'2-1,2025-09-21,Waterloo Warriors,Brock Badgers,,Sam Shephard,Ryan Facchini,R,R,Fastball,Ball,,,110,-1.314602875,0.268731723
1,1,3,1,'3-1,2025-09-21,Waterloo Warriors,Brock Badgers,,Sam Shephard,Ryan Facchini,R,R,Cutter,Groundout,Ground Ball,Pull,110,-0.579009741,0.628798885
1,2,0,0,'0-0,2025-09-21,Waterloo Warriors,Brock Badgers,,Rhys Jenkyn,Ryan Facchini,L,R,Cutter,Swinging Strike,,,11,-0.598367455,-0.106657445
1,2,0,1,'0-1,2025-09-21,Waterloo Warriors,Brock Badgers,,Rhys Jenkyn,Ryan Facchini,L,R,Fastball,Ball,,,11,0.234014248,-0.244555507
1,2,1,1,'1-1,2025-09-21,Waterloo Warriors,Brock Badgers,,Rhys Jenkyn,Ryan Facchini,L,R,Cutter,Ball,,,11,0.776030241,-0.267538517
1,2,2,1,'2-1,2025-09-21,Waterloo Warriors,Brock Badgers,,Rhys Jenkyn,Ryan Facchini,L,R,Fastball,Swinging Strike,,,11,-0.520936599,0.26107072
1,2,2,2,'2-2,2025-09-21,Waterloo Warriors,Brock Badgers,,Rhys Jenkyn,Ryan Facchini,L,R,Cutter,Foul,,,11,-0.327359459,0.130833661
1,2,2,2,'2-2,2025-09-21,Waterloo Warriors,Brock Badgers,,Rhys Jenkyn,Ryan Facchini,L,R,Changeup,Foul,,,11,-0.404790315,0.169138679
1,2,2,2,'2-2,2025-09-21,Waterloo Warriors,Brock Badgers,,Rhys Jenkyn,Ryan Facchini,L,R,Fastball,Ball,,,11,1.627769659,-0.060691424
1,2,3,2,'3-2,2025-09-21,Waterloo Warriors,Brock Badgers,,Rhys Jenkyn,Ryan Facchini,L,R,Slider,Strikeout Swinging,,,11,-0.133782319,-0.374792565
2,0,0,0,'0-0,2025-09-21,Brock Badgers,Waterloo Warriors,,Brady Campbell,Aidan Armitage,R,R,Breaking Ball,Groundout,Ground Ball,Straightaway,0,0.272729676,0.598154871
2,1,0,0,'0-0,2025-09-21,Brock Badgers,Waterloo Warriors,,Flynn Matheson,Aidan Armitage,R,R,Fastball,Called Strike,,,0,-0.71451374,0.789679957
2,1,0,1,'0-1,2025-09-21,Brock Badgers,Waterloo Warriors,,Flynn Matheson,Aidan Armitage,R,R,Fastball,Foul,,,0,-0.114424605,0.820323971
2,1,0,2,'0-2,2025-09-21,Brock Badgers,Waterloo Warriors,,Flynn Matheson,Aidan Armitage,R,R,Breaking Ball,Ball,,,0,1.472907946,-0.367131562
2,1,1,2,'1-2,2025-09-21,Brock Badgers,Waterloo Warriors,,Flynn Matheson,Aidan Armitage,R,R,Breaking Ball,Ball,,,0,1.685842801,0.161477675
2,1,2,2,'2-2,2025-09-21,Brock Badgers,Waterloo Warriors,,Flynn Matheson,Aidan Armitage,R,R,Breaking Ball,Ball,,,0,1.647127373,-0.022386407
2,1,3,2,'3-2,2025-09-21,Brock Badgers,Waterloo Warriors,,Flynn Matheson,Aidan Armitage,R,R,Breaking Ball,Walk,,,0,1.259973092,-0.236894503
2,1,0,0,'0-0,2025-09-21,Brock Badgers,Waterloo Warriors,1.15,Liam Riley,Aidan Armitage,R,R,Fastball,Ball,,,100,0.543737673,1.096120094
2,1,1,0,'1-0,2025-09-21,Brock Badgers,Waterloo Warriors,1.14,Liam Riley,Aidan Armitage,R,R,Fastball,Ball,,,100,1.356761662,0.169138679
2,1,2,0,'2-0,2025-09-21,Brock Badgers,Waterloo Warriors,1.12,Liam Riley,Aidan Armitage,R,R,Fastball,Ball,,,100,-1.372676017,0.866289991
2,1,3,0,'3-0,2025-09-21,Brock Badgers,Waterloo Warriors,,Liam Riley,Aidan Armitage,R,R,Breaking Ball,Called Strike,,,100,0.427591388,0.383646775
2,1,3,1,'3-1,2025-09-21,Brock Badgers,Waterloo Warriors,,Liam Riley,Aidan Armitage,R,R,Fastball,Foul,,,100,-0.385432601,0.621137881
2,1,3,2,'3-2,2025-09-21,Brock Badgers,Waterloo Warriors,,Liam Riley,Aidan Armitage,R,R,Fastball,Groundout,Ground Ball,Pull,100,0.29208739,0.276392727
2,2,0,0,'0-0,2025-09-21,Brock Badgers,Waterloo Warriors,,Adam Geddes,Aidan Armitage,L,R,Fastball,Flyout,Fly Ball,Straightaway,100,-0.443505743,0.483239819
2,0,0,0,'0-0,2025-09-21,Waterloo Warriors,Brock Badgers,,Nico Valvo,Ryan Facchini,R,R,Cutter,Called Strike,,,0,-0.637082884,0.736052933
2,0,0,1,'0-1,2025-09-21,Waterloo Warriors,Brock Badgers,,Nico Valvo,Ryan Facchini,R,R,Cutter,Ball,,,0,1.124469094,0.713069922
2,0,1,1,'1-1,2025-09-21,Waterloo Warriors,Brock Badgers,,Nico Valvo,Ryan Facchini,R,R,Cutter,Foul,,,0,-0.095066891,0.314697744
2,0,1,2,'1-2,2025-09-21,Waterloo Warriors,Brock Badgers,,Nico Valvo,Ryan Facchini,R,R,Fastball,Foul,,,0,-0.288644031,0.567510857
2,0,1,2,'1-2,2025-09-21,Waterloo Warriors,Brock Badgers,,Nico Valvo,Ryan Facchini,R,R,Slider,Ball,,,0,0.19529882,-0.359470558
2,0,2,2,'2-2,2025-09-21,Waterloo Warriors,Brock Badgers,,Nico Valvo,Ryan Facchini,R,R,Cutter,Ball,,,0,-0.133782319,-0.298182531
2,0,3,2,'3-2,2025-09-21,Waterloo Warriors,Brock Badgers,,Nico Valvo,Ryan Facchini,R,R,Cutter,Double,Pop Up,Straightaway,0,-0.211213175,0.475578816
2,0,0,0,'0-0,2025-09-21,Waterloo Warriors,Brock Badgers,,Junichi Yuki,Ryan Facchini,R,R,Cutter,Sacrifice Bunt,Ground Ball,Straightaway,10,-0.308001745,0.690086912
2,1,0,0,'0-0,2025-09-21,Waterloo Warriors,Brock Badgers,,Adam Rusch,Ryan Facchini,R,R,Cutter,Single,Ground Ball,Straightaway,1,-0.211213175,0.398968782
2,1,0,0,'0-0,2025-09-21,Waterloo Warriors,Brock Badgers,,Sam Grant,Ryan Facchini,R,R,Fastball,Ball,,,100,1.182542236,-0.190928483
2,1,1,0,'1-0,2025-09-21,Waterloo Warriors,Brock Badgers,1.19,Sam Grant,Ryan Facchini,R,R,Cutter,Ball,,,100,-1.256529733,0.75137494
2,1,2,0,'2-0,2025-09-21,Waterloo Warriors,Brock Badgers,,Sam Grant,Ryan Facchini,R,R,Fastball,Flyout,Fly Ball,Opposite Field,100,-0.443505743,0.582832864
2,2,0,0,'0-0,2025-09-21,Waterloo Warriors,Brock Badgers,,Adam Leatherland,Ryan Facchini,L,R,Fastball,Single,Line Drive,Opposite Field,100,-0.366074887,0.536866843
2,2,0,0,'0-0,2025-09-21,Waterloo Warriors,Brock Badgers,,Carter Kipp,Ryan Facchini,R,R,Cutter,Called Strike,,,110,0.601810815,0.28405373
2,2,0,1,'0-1,2025-09-21,Waterloo Warriors,Brock Badgers,,Carter Kipp,Ryan Facchini,R,R,Fastball,Foul,,,110,-0.424148029,0.215104699
2,2,0,2,'0-2,2025-09-21,Waterloo Warriors,Brock Badgers,,Carter Kipp,Ryan Facchini,R,R,Fastball,Single,Ground Ball,Pull,110,-0.385432601,0.345341758
2,2,0,0,'0-0,2025-09-21,Waterloo Warriors,Brock Badgers,,,,R,R,,Additional Out,,,0,,
3,0,0,0,'0-0,2025-09-21,Brock Badgers,Waterloo Warriors,,Brayden Sowrey,Aidan Armitage,R,R,Fastball,Called Strike,,,0,0.369518246,0.559849854
3,0,0,1,'0-1,2025-09-21,Brock Badgers,Waterloo Warriors,,Brayden Sowrey,Aidan Armitage,R,R,Fastball,Groundout,Ground Ball,Opposite Field,0,0.679241671,0.253409716
3,1,0,0,'0-0,2025-09-21,Brock Badgers,Waterloo Warriors,,Reid Lunney,Aidan Armitage,R,R,Fastball,Ball,,,0,-0.308001745,0.115511655
3,1,1,0,'1-0,2025-09-21,Brock Badgers,Waterloo Warriors,,Reid Lunney,Aidan Armitage,R,R,Breaking Ball,Groundout,Ground Ball,Pull,0,-0.288644031,0.330019751
3,2,0,0,'0-0,2025-09-21,Brock Badgers,Waterloo Warriors,,Nolan Phelan,Aidan Armitage,R,R,Fastball,Swinging Strike,,,0,0.466306817,0.820323971
3,2,0,1,'0-1,2025-09-21,Brock Badgers,Waterloo Warriors,,Nolan Phelan,Aidan Armitage,R,R,Breaking Ball,Called Strike,,,0,-0.482221171,0.184460686
3,2,0,2,'0-2,2025-09-21,Brock Badgers,Waterloo Warriors,,Nolan Phelan,Aidan Armitage,R,R,Breaking Ball,Single,Ground Ball,Straightaway,0,1.376119376,0.28405373
3,2,0,0,'0-0,2025-09-21,Brock Badgers,Waterloo Warriors,,Cole Carpenter,Aidan Armitage,R,R,Fastball,Ball,,,100,0.853461097,1.126764108
3,2,1,0,'1-0,2025-09-21,Brock Badgers,Waterloo Warriors,,Cole Carpenter,Aidan Armitage,R,R,Breaking Ball,Called Strike,,,100,1.356761662,0.069545634
3,2,1,1,'1-1,2025-09-21,Brock Badgers,Waterloo Warriors,,Cole Carpenter,Aidan Armitage,R,R,Fastball,Called Strike,,,10,0.853461097,0.598154871
3,2,1,2,'1-2,2025-09-21,Brock Badgers,Waterloo Warriors,,Cole Carpenter,Aidan Armitage,R,R,Breaking Ball,Single,Pop Up,Opposite Field,10,0.737314813,-0.114318449
3,2,0,0,'0-0,,,,,,,,,,Additional Out,,,10,,
3,0,0,0,'0-0,2025-09-21,Waterloo Warriors,Brock Badgers,,Arthur Kowara,Ryan Facchini,R,R,Cutter,Foul,,,0,0.330802818,0.55218885
3,0,0,1,'0-1,2025-09-21,Waterloo Warriors,Brock Badgers,,Arthur Kowara,Ryan Facchini,R,R,Fastball,Called Strike,,,0,0.679241671,0.268731723
3,0,0,2,'0-2,2025-09-21,Waterloo Warriors,Brock Badgers,,Arthur Kowara,Ryan Facchini,R,R,Cutter,Foul,,,0,0.311445104,0.337680754
3,0,0,2,'0-2,2025-09-21,Waterloo Warriors,Brock Badgers,,Arthur Kowara,Ryan Facchini,R,R,Cutter,Foul,,,0,-0.327359459,0.651781895
3,0,0,2,'0-2,2025-09-21,Waterloo Warriors,Brock Badgers,,Arthur Kowara,Ryan Facchini,R,R,Fastball,Ball,,,0,1.20189995,-0.382453569
3,0,1,2,'1-2,2025-09-21,Waterloo Warriors,Brock Badgers,,Arthur Kowara,Ryan Facchini,R,R,Fastball,Flyout,Fly Ball,Opposite Field,0,0.485664531,1.096120094
3,1,0,0,'0-0,2025-09-21,Waterloo Warriors,Brock Badgers,,Sam Shephard,Ryan Facchini,R,R,Fastball,Foul,,,0,-0.191855461,0.192121689
3,1,0,1,'0-1,2025-09-21,Waterloo Warriors,Brock Badgers,,Sam Shephard,Ryan Facchini,R,R,Slider,Called Strike,,,0,-0.675798312,0.667103902
3,1,0,2,'0-2,2025-09-21,Waterloo Warriors,Brock Badgers,,Sam Shephard,Ryan Facchini,R,R,Fastball,Foul,,,0,0.137225678,0.919917015
3,1,0,2,'0-2,2025-09-21,Waterloo Warriors,Brock Badgers,,Sam Shephard,Ryan Facchini,R,R,Fastball,Strikeout Looking,,,0,-0.501578885,0.30703674
3,2,0,0,'0-0,2025-09-21,Waterloo Warriors,Brock Badgers,,Rhys Jenkyn,Ryan Facchini,L,R,Fastball,Ball,,,0,-0.579009741,1.096120094
3,2,1,0,'1-0,2025-09-21,Waterloo Warriors,Brock Badgers,,Rhys Jenkyn,Ryan Facchini,L,R,Cutter,Called Strike,,,0,-0.81130231,0.330019751
3,2,1,1,'1-1,2025-09-21,Waterloo Warriors,Brock Badgers,,Rhys Jenkyn,Ryan Facchini,L,R,Cutter,Ball,,,0,1.414834804,0.843306981
3,2,2,1,'2-1,2025-09-21,Waterloo Warriors,Brock Badgers,,Rhys Jenkyn,Ryan Facchini,L,R,Cutter,Ball,,,0,0.640526243,-0.221572497
3,2,3,1,'3-1,2025-09-21,Waterloo Warriors,Brock Badgers,,Rhys Jenkyn,Ryan Facchini,L,R,Cutter,Foul,,,0,-0.637082884,0.437273799
3,2,3,2,'3-2,2025-09-21,Waterloo Warriors,Brock Badgers,,Rhys Jenkyn,Ryan Facchini,L,R,Cutter,Flyout,Fly Ball,Straightaway,0,-0.656440598,0.50622283
4,0,0,0,'0-0,2025-09-21,Brock Badgers,Waterloo Warriors,,Jaden Leeder,Aidan Armitage,R,R,Breaking Ball,Called Strike,,,0,0.659883957,0.835645977
4,0,0,1,'0-1,2025-09-21,Brock Badgers,Waterloo Warriors,,Jaden Leeder,Aidan Armitage,R,R,Breaking Ball,Double,Line Drive,Opposite Field,0,0.659883957,0.345341758
4,0,0,0,'0-0,2025-09-21,Brock Badgers,Waterloo Warriors,,Brady Campbell,Aidan Armitage,R,R,Breaking Ball,Ball,,,10,0.330802818,-0.236894503
4,0,1,0,'1-0,2025-09-21,Brock Badgers,Waterloo Warriors,,Brady Campbell,Aidan Armitage,R,R,,Additional Out,,,10,,
4,1,0,0,'0-0,2025-09-21,Brock Badgers,Waterloo Warriors,,Brady Campbell,Aidan Armitage,R,R,Breaking Ball,Called Strike,,,0,-1.159741162,0.690086912
4,1,0,1,'0-1,2025-09-21,Brock Badgers,Waterloo Warriors,,Brady Campbell,Aidan Armitage,R,R,Breaking Ball,Groundout,Ground Ball,Straightaway,0,0.29208739,0.437273799
4,2,0,0,'0-0,2025-09-21,Brock Badgers,Waterloo Warriors,,Flynn Matheson,Aidan Armitage,R,R,Breaking Ball,Called Strike,,,0,0.756672527,0.353002761
4,2,0,1,'0-1,2025-09-21,Brock Badgers,Waterloo Warriors,,Flynn Matheson,Aidan Armitage,R,R,Fastball,Foul,,,0,0.776030241,0.50622283
4,2,0,2,'0-2,2025-09-21,Brock Badgers,Waterloo Warriors,,Flynn Matheson,Aidan Armitage,R,R,Breaking Ball,Ball,,,0,1.376119376,-0.321165541
4,2,1,2,'1-2,2025-09-21,Brock Badgers,Waterloo Warriors,,Flynn Matheson,Aidan Armitage,R,R,Fastball,Strikeout Swinging,,,0,0.737314813,0.682425909
4,0,0,0,'0-0,2025-09-21,Waterloo Warriors,Brock Badgers,,Nico Valvo,Ryan Facchini,R,R,Fastball,Foul,,,0,-0.695156026,0.314697744
4,0,0,1,'0-1,2025-09-21,Waterloo Warriors,Brock Badgers,,Nico Valvo,Ryan Facchini,R,R,Fastball,Ball,,,0,-0.772586882,1.203374142
4,0,1,1,'1-1,2025-09-21,Waterloo Warriors,Brock Badgers,,Nico Valvo,Ryan Facchini,R,R,Cutter,Called Strike,,,0,-0.617725169,0.215104699
4,0,1,2,'1-2,2025-09-21,Waterloo Warriors,Brock Badgers,,Nico Valvo,Ryan Facchini,R,R,Fastball,Groundout,Ground Ball,Straightaway,0,0.214656534,0.843306981
4,1,0,0,'0-0,2025-09-21,Waterloo Warriors,Brock Badgers,,Junichi Yuki,Ryan Facchini,R,R,Cutter,Called Strike,,,0,0.543737673,0.858628988
4,1,0,1,'0-1,2025-09-21,Waterloo Warriors,Brock Badgers,,Junichi Yuki,Ryan Facchini,R,R,Fastball,Ball,,,0,-0.675798312,-0.137301459
4,1,1,1,'1-1,2025-09-21,Waterloo Warriors,Brock Badgers,,Junichi Yuki,Ryan Facchini,R,R,Fastball,Called Strike,,,0,-0.482221171,0.30703674
4,1,1,2,'1-2,2025-09-21,Waterloo Warriors,Brock Badgers,,Junichi Yuki,Ryan Facchini,R,R,Fastball,Ball,,,0,-1.314602875,0.667103902
4,1,2,2,'2-2,2025-09-21,Waterloo Warriors,Brock Badgers,,Junichi Yuki,Ryan Facchini,R,R,Slider,Strikeout Swinging,,,0,0.621168529,0.483239819
4,2,0,0,'0-0,2025-09-21,Waterloo Warriors,Brock Badgers,,Adam Rusch,Ryan Facchini,R,R,Slider,Foul,,,0,0.582453101,0.368324768
4,2,0,1,'0-1,2025-09-21,Waterloo Warriors,Brock Badgers,,Adam Rusch,Ryan Facchini,R,R,Slider,Popout,Pop Up,Pull,0,0.776030241,0.475578816
5,0,0,0,'0-0,2025-09-21,Brock Badgers,Waterloo Warriors,,Liam Riley,Aidan Armitage,R,R,Fastball,Ball,,,0,-1.275887447,0.805001964
5,0,1,0,'1-0,2025-09-21,Brock Badgers,Waterloo Warriors,,Liam Riley,Aidan Armitage,R,R,Breaking Ball,Ball,,,0,1.627769659,-0.160284469
5,0,2,0,'2-0,2025-09-21,Brock Badgers,Waterloo Warriors,,Liam Riley,Aidan Armitage,R,R,Breaking Ball,Swinging Strike,,,0,1.414834804,0.245748713
5,0,2,1,'2-1,2025-09-21,Brock Badgers,Waterloo Warriors,,Liam Riley,Aidan Armitage,R,R,Breaking Ball,Ball,,,0,1.782631371,-0.236894503
5,0,3,1,'3-1,2025-09-21,Brock Badgers,Waterloo Warriors,,Liam Riley,Aidan Armitage,R,R,Fastball,Called Strike,,,0,0.582453101,0.498561826
5,0,3,2,'3-2,2025-09-21,Brock Badgers,Waterloo Warriors,,Liam Riley,Aidan Armitage,R,R,Fastball,Flyout,Fly Ball,Pull,0,-0.540294313,0.406629785
5,1,0,0,'0-0,2025-09-21,Brock Badgers,Waterloo Warriors,,Adam Geddes,Aidan Armitage,L,R,Breaking Ball,Ball,,,0,0.621168529,-0.236894503
5,1,1,0,'1-0,2025-09-21,Brock Badgers,Waterloo Warriors,,Adam Geddes,Aidan Armitage,L,R,Breaking Ball,Ball,,,0,1.453550232,-0.275199521
5,1,2,0,'2-0,2025-09-21,Brock Badgers,Waterloo Warriors,,Adam Geddes,Aidan Armitage,L,R,Breaking Ball,Ball,,,0,1.782631371,0.215104699
5,1,3,0,'3-0,2025-09-21,Brock Badgers,Waterloo Warriors,,Adam Geddes,Aidan Armitage,L,R,Fastball,Walk,,,0,-1.333960589,0.697747916
5,1,0,0,'0-0,2025-09-21,Brock Badgers,Waterloo Warriors,,Brayden Sowrey,Aidan Armitage,R,R,Breaking Ball,Called Strike,,,100,0.311445104,0.521544837
5,1,0,1,'0-1,2025-09-21,Brock Badgers,Waterloo Warriors,,Brayden Sowrey,Aidan Armitage,R,R,Breaking Ball,Ball,,,10,0.156583392,0.919917015
5,1,1,1,'1-1,2025-09-21,Brock Badgers,Waterloo Warriors,,Brayden Sowrey,Aidan Armitage,R,R,Breaking Ball,Foul,,,10,-0.443505743,0.55218885
5,1,1,2,'1-2,2025-09-21,Brock Badgers,Waterloo Warriors,,Brayden Sowrey,Aidan Armitage,R,R,Fastball,Ball,,,10,-0.927448594,1.234018156
5,1,2,2,'2-2,2025-09-21,Brock Badgers,Waterloo Warriors,,Brayden Sowrey,Aidan Armitage,R,R,Breaking Ball,Strikeout Swinging,,,10,0.214656534,-0.190928483
5,2,0,0,'0-0,2025-09-21,Brock Badgers,Waterloo Warriors,,Reid Lunney,Aidan Armitage,L,R,Fastball,Called Strike,,,10,0.776030241,0.605815874
5,2,0,1,'0-1,2025-09-21,Brock Badgers,Waterloo Warriors,,Reid Lunney,Aidan Armitage,L,R,Offspeed,Ball,,,10,-1.392033731,0.23808771
5,2,1,1,'1-1,2025-09-21,Brock Badgers,Waterloo Warriors,,Reid Lunney,Aidan Armitage,L,R,Breaking Ball,Ball,,,10,-1.217814305,0.743713936
5,2,2,1,'2-1,2025-09-21,Brock Badgers,Waterloo Warriors,,Reid Lunney,Aidan Armitage,L,R,Breaking Ball,Ball,,,10,-1.585610871,0.789679957
5,2,3,1,'3-1,2025-09-21,Brock Badgers,Waterloo Warriors,,Reid Lunney,Aidan Armitage,L,R,Fastball,Foul,,,10,-0.579009741,0.536866843
5,2,3,2,'3-2,2025-09-21,Brock Badgers,Waterloo Warriors,,Reid Lunney,Aidan Armitage,L,R,Fastball,Walk,,,10,-1.585610871,1.01951006
5,2,0,0,'0-0,2025-09-21,Brock Badgers,Waterloo Warriors,,Nolan Phelan,Aidan Armitage,R,R,Breaking Ball,Hit By Pitch,,,110,-1.546895443,0.498561826
5,2,0,0,'0-0,2025-09-21,Brock Badgers,Waterloo Warriors,,Cole Carpenter,Aidan Armitage,R,R,Breaking Ball,Hit By Pitch,,,111,-1.643684013,0.904595008
5,2,0,0,'0-0,2025-09-21,Brock Badgers,Waterloo Warriors,,Jaden Leeder,Aidan Armitage,R,R,Fastball,Swinging Strike,,,111,-0.288644031,0.981205043
5,2,0,1,'0-1,2025-09-21,Brock Badgers,Waterloo Warriors,,Jaden Leeder,Aidan Armitage,R,R,Breaking Ball,Ball,,,111,1.589054231,-0.336487548
5,2,1,1,'1-1,2025-09-21,Brock Badgers,Waterloo Warriors,,Jaden Leeder,Aidan Armitage,R,R,Fastball,Foul,,,111,0.563095387,0.414290789
5,2,1,2,'1-2,2025-09-21,Brock Badgers,Waterloo Warriors,,Jaden Leeder,Aidan Armitage,R,R,Fastball,Foul,,,111,-0.230570889,1.096120094
5,2,1,2,'1-2,2025-09-21,Brock Badgers,Waterloo Warriors,,Jaden Leeder,Aidan Armitage,R,R,Breaking Ball,Strikeout Swinging,,,111,-0.598367455,0.498561826
5,0,0,0,'0-0,2025-09-21,Waterloo Warriors,Brock Badgers,,Sam Grant,Ryan Facchini,R,R,Slider,Groundout,Ground Ball,Pull,0,0.253371962,0.513883833
5,1,0,0,'0-0,2025-09-21,Waterloo Warriors,Brock Badgers,,Adam Leatherland,Ryan Facchini,L,R,Cutter,Called Strike,,,0,-0.075709176,0.858628988
5,1,0,1,'0-1,2025-09-21,Waterloo Warriors,Brock Badgers,,Adam Leatherland,Ryan Facchini,L,R,Fastball,Called Strike,,,0,-0.327359459,0.345341758
5,1,0,2,'0-2,2025-09-21,Waterloo Warriors,Brock Badgers,,Adam Leatherland,Ryan Facchini,L,R,Changeup,Strikeout Swinging,,,0,-1.295245161,-0.198589486
5,2,0,0,'0-0,2025-09-21,Waterloo Warriors,Brock Badgers,,Carter Kipp,Ryan Facchini,R,R,Fastball,Foul,,,0,0.350160532,1.073137084
5,2,0,1,'0-1,2025-09-21,Waterloo Warriors,Brock Badgers,,Carter Kipp,Ryan Facchini,R,R,Cutter,Groundout,Ground Ball,Pull,0,-0.269286317,0.245748713
6,0,0,0,'0-0,2025-09-21,Brock Badgers,Waterloo Warriors,,Brady Campbell,Aidan Armitage,R,R,Breaking Ball,Ball,,,0,0.543737673,-0.198589486
6,0,1,0,'1-0,2025-09-21,Brock Badgers,Waterloo Warriors,,Brady Campbell,Aidan Armitage,R,R,Fastball,Called Strike,,,0,0.117867964,0.30703674
6,0,1,1,'1-1,2025-09-21,Brock Badgers,Waterloo Warriors,,Brady Campbell,Aidan Armitage,R,R,Breaking Ball,Lineout,Line Drive,Straightaway,0,-0.656440598,0.513883833
6,1,0,0,'0-0,2025-09-21,Brock Badgers,Waterloo Warriors,,Flynn Matheson,Aidan Armitage,R,R,Fastball,Swinging Strike,,,0,0.485664531,0.299375737
6,1,0,1,'0-1,2025-09-21,Brock Badgers,Waterloo Warriors,,Flynn Matheson,Aidan Armitage,R,R,Fastball,Ball,,,0,1.860062227,0.169138679
6,1,1,1,'1-1,2025-09-21,Brock Badgers,Waterloo Warriors,,Flynn Matheson,Aidan Armitage,R,R,Fastball,Double,Ground Ball,Pull,0,-0.559652027,0.276392727
6,1,0,0,'0-0,2025-09-21,Brock Badgers,Waterloo Warriors,,Liam Riley,Aidan Armitage,R,R,Breaking Ball,Lineout,Line Drive,Pull,10,-0.346717173,0.460256809
6,2,0,0,'0-0,2025-09-21,Brock Badgers,Waterloo Warriors,,Adam Geddes,Aidan Armitage,L,R,Fastball,Called Strike,,,10,-0.385432601,0.368324768
6,2,0,1,'0-1,2025-09-21,Brock Badgers,Waterloo Warriors,,Adam Geddes,Aidan Armitage,L,R,Offspeed,Ball,,,10,-1.237172019,-0.25221651
6,2,1,1,'1-1,2025-09-21,Brock Badgers,Waterloo Warriors,,Adam Geddes,Aidan Armitage,L,R,Breaking Ball,Called Strike,,,10,-0.617725169,0.130833661
6,2,1,2,'1-2,2025-09-21,Brock Badgers,Waterloo Warriors,,Adam Geddes,Aidan Armitage,L,R,Fastball,Groundout,Ground Ball,Pull,10,-0.327359459,0.942900026
6,0,0,0,'0-0,2025-09-21,Waterloo Warriors,Brock Badgers,,Arthur Kowara,Ryan Facchini,R,R,Fastball,Flyout,Fly Ball,Straightaway,0,-0.288644031,0.253409716
6,1,0,0,'0-0,2025-09-21,Waterloo Warriors,Brock Badgers,,Sam Shephard,Ryan Facchini,R,R,Cutter,Ball,,,0,-1.275887447,0.330019751
6,1,1,0,'1-0,2025-09-21,Waterloo Warriors,Brock Badgers,,Sam Shephard,Ryan Facchini,R,R,Cutter,Single,Ground Ball,Pull,0,-0.520936599,0.521544837
6,1,0,0,'0-0,2025-09-21,Waterloo Warriors,Brock Badgers,,Rhys Jenkyn,Ryan Facchini,L,R,Cutter,Ball,,,100,0.29208739,1.096120094
6,1,1,0,'1-0,2025-09-21,Waterloo Warriors,Brock Badgers,,Rhys Jenkyn,Ryan Facchini,L,R,Slider,Ball,,,100,0.834103383,-0.351809555
6,1,2,0,'2-0,2025-09-21,Waterloo Warriors,Brock Badgers,,Rhys Jenkyn,Ryan Facchini,L,R,Slider,Ball,,,100,0.19529882,-0.321165541
6,1,3,0,'3-0,2025-09-21,Waterloo Warriors,Brock Badgers,,Rhys Jenkyn,Ryan Facchini,L,R,Fastball,Walk,,,100,-1.295245161,-0.144962462
6,1,0,0,'0-0,2025-09-21,Waterloo Warriors,Brock Badgers,,Nico Valvo,Ryan Facchini,R,R,Cutter,Called Strike,,,110,0.253371962,0.881611998
6,1,0,1,'0-1,2025-09-21,Waterloo Warriors,Brock Badgers,,Nico Valvo,Ryan Facchini,R,R,Fastball,Ball,,,110,0.795387955,1.165069125
6,1,1,1,'1-1,2025-09-21,Waterloo Warriors,Brock Badgers,,Nico Valvo,Ryan Facchini,R,R,Slider,Ball,,,110,0.466306817,-0.374792565
6,1,2,1,'2-1,2025-09-21,Waterloo Warriors,Brock Badgers,,Nico Valvo,Ryan Facchini,R,R,Slider,Ball,,,110,-0.424148029,-0.275199521
6,1,3,1,'3-1,2025-09-21,Waterloo Warriors,Brock Badgers,,Nico Valvo,Ryan Facchini,R,R,Fastball,Error,Ground Ball,Straightaway,11,0.350160532,0.115511655
6,1,0,0,'0-0,2025-09-21,Waterloo Warriors,Brock Badgers,,Junichi Yuki,Ryan Facchini,R,R,Fastball,Ball,,,101,-0.695156026,1.218696149
6,1,1,0,'1-0,2025-09-21,Waterloo Warriors,Brock Badgers,,Junichi Yuki,Ryan Facchini,R,R,Fastball,Foul,,,101,-0.308001745,0.467917813
6,1,1,1,'1-1,2025-09-21,Waterloo Warriors,Brock Badgers,,Junichi Yuki,Ryan Facchini,R,R,Cutter,Called Strike,,,101,0.698599385,0.927578019
6,1,1,2,'1-2,2025-09-21,Waterloo Warriors,Brock Badgers,,Junichi Yuki,Ryan Facchini,R,R,Cutter,Foul,,,101,0.19529882,0.322358747
6,1,1,2,'1-2,2025-09-21,Waterloo Warriors,Brock Badgers,,Junichi Yuki,Ryan Facchini,R,R,Slider,Strikeout Swinging,,,101,0.466306817,-0.2292335
6,2,0,0,'0-0,2025-09-21,Waterloo Warriors,Brock Badgers,,Tobey Drennan,Joel Palmer,R,R,Fastball,Called Strike,,,0,0.659883957,0.705408919
6,2,0,1,'0-1,2025-09-21,Waterloo Warriors,Brock Badgers,,Tobey Drennan,Joel Palmer,R,R,Breaking Ball,Ball,,,0,1.472907946,-0.351809555
6,2,1,1,'1-1,2025-09-21,Waterloo Warriors,Brock Badgers,,Tobey Drennan,Joel Palmer,R,R,Fastball,Lineout,Line Drive,Straightaway,0,0.19529882,0.812662967
7,0,0,0,'0-0,2025-09-21,Brock Badgers,Waterloo Warriors,,Reid Lunney,Joel Palmer,L,R,Fastball,Called Strike,,,0,-0.230570889,0.299375737
7,0,0,1,'0-1,2025-09-21,Brock Badgers,Waterloo Warriors,,Reid Lunney,Joel Palmer,L,R,Offspeed,Single,Line Drive,Pull,0,-0.579009741,0.161477675
7,0,0,0,'0-0,2025-09-21,Brock Badgers,Waterloo Warriors,0.97,Nolan Phelan,Joel Palmer,R,R,Fastball,Foul,,,100,0.563095387,0.644120892
7,0,0,1,'0-1,2025-09-21,Brock Badgers,Waterloo Warriors,0.94,Nolan Phelan,Joel Palmer,R,R,Fastball,Groundout,Ground Ball,Straightaway,100,0.427591388,0.743713936
7,1,0,0,'0-0,2025-09-21,Brock Badgers,Waterloo Warriors,,Cole Carpenter,Joel Palmer,R,R,Fastball,Foul,,,100,0.427591388,0.406629785
7,1,0,1,'0-1,2025-09-21,Brock Badgers,Waterloo Warriors,,Cole Carpenter,Joel Palmer,R,R,Breaking Ball,Ball,,,100,2.092354795,-0.152623466
7,1,1,1,'1-1,2025-09-21,Brock Badgers,Waterloo Warriors,,Cole Carpenter,Joel Palmer,R,R,Fastball,Called Strike,,,10,0.717957099,0.215104699
7,1,1,2,'1-2,2025-09-21,Brock Badgers,Waterloo Warriors,,Cole Carpenter,Joel Palmer,R,R,Breaking Ball,Groundout,Ground Ball,Straightaway,10,0.369518246,0.28405373
1,0,0,0,'0-0,2025-09-21,Brock Badgers,Waterloo Warriors,,Reid Lunney,Luca Valvo,L,R,Fastball,Called Strike,,,0,0.369518246,0.77435795
1,0,0,1,'0-1,2025-09-21,Brock Badgers,Waterloo Warriors,,Reid Lunney,Luca Valvo,L,R,Breaking Ball,Foul,,,0,0.543737673,0.107850651
1,0,0,2,'0-2,2025-09-21,Brock Badgers,Waterloo Warriors,,Reid Lunney,Luca Valvo,L,R,Fastball,Foul,,,0,0.563095387,0.889273001
1,0,0,2,'0-2,2025-09-21,Brock Badgers,Waterloo Warriors,,Reid Lunney,Luca Valvo,L,R,Breaking Ball,Foul,,,0,-0.559652027,0.766696947
1,0,0,2,'0-2,2025-09-21,Brock Badgers,Waterloo Warriors,,Reid Lunney,Luca Valvo,L,R,Breaking Ball,Foul,,,0,-0.501578885,0.061884631
1,0,0,2,'0-2,2025-09-21,Brock Badgers,Waterloo Warriors,,Reid Lunney,Luca Valvo,L,R,Breaking Ball,Groundout,Ground Ball,Pull,0,-0.579009741,0.391307778
1,1,0,0,'0-0,2025-09-21,Brock Badgers,Waterloo Warriors,,Nolan Phelan,Luca Valvo,R,R,Breaking Ball,Called Strike,,,0,0.38887596,0.667103902
1,1,0,1,'0-1,2025-09-21,Brock Badgers,Waterloo Warriors,,Nolan Phelan,Luca Valvo,R,R,Breaking Ball,Swinging Strike,,,0,1.49226566,0.713069922
1,1,0,2,'0-2,2025-09-21,Brock Badgers,Waterloo Warriors,,Nolan Phelan,Luca Valvo,R,R,Breaking Ball,Popout,Pop Up,Straightaway,0,0.466306817,0.169138679
1,2,0,0,'0-0,2025-09-21,Brock Badgers,Waterloo Warriors,,Cole Carpenter,Luca Valvo,R,R,Breaking Ball,Groundout,Ground Ball,Straightaway,0,0.601810815,0.782018953
1,0,0,0,'0-0,2025-09-21,Waterloo Warriors,Brock Badgers,,Adam Leatherland,Dante Cifala,L,R,Slurve,Ball,,,0,-1.353318303,-0.20625049
1,0,1,0,'1-0,2025-09-21,Waterloo Warriors,Brock Badgers,,Adam Leatherland,Dante Cifala,L,R,Fastball,Swinging Strike,,,0,-0.308001745,0.904595008
1,0,1,1,'1-1,2025-09-21,Waterloo Warriors,Brock Badgers,,Adam Leatherland,Dante Cifala,L,R,Fastball,Called Strike,,,0,-0.230570889,0.345341758
1,0,1,2,'1-2,2025-09-21,Waterloo Warriors,Brock Badgers,,Adam Leatherland,Dante Cifala,L,R,Fastball,Strikeout Swinging,,,0,-0.424148029,1.088459091
1,1,0,0,'0-0,2025-09-21,Waterloo Warriors,Brock Badgers,,Carter Kipp,Dante Cifala,R,R,Fastball,Ball,,,0,0.659883957,1.06547608
1,1,1,0,'1-0,2025-09-21,Waterloo Warriors,Brock Badgers,,Carter Kipp,Dante Cifala,R,R,Slurve,Called Strike,,,0,0.446949103,0.23808771
1,1,1,1,'1-1,2025-09-21,Waterloo Warriors,Brock Badgers,,Carter Kipp,Dante Cifala,R,R,Slurve,Flyout,Fly Ball,Pull,0,-0.211213175,0.199782692
1,2,0,0,'0-0,2025-09-21,Waterloo Warriors,Brock Badgers,,Arthur Kowara,Dante Cifala,R,R,Slurve,Foul,,,0,0.369518246,0.322358747
1,2,0,1,'0-1,2025-09-21,Waterloo Warriors,Brock Badgers,,Arthur Kowara,Dante Cifala,R,R,Slurve,Ball,,,0,1.821346799,0.046562624
1,2,1,1,'1-1,2025-09-21,Waterloo Warriors,Brock Badgers,,Arthur Kowara,Dante Cifala,R,R,Slurve,Called Strike,,,0,-0.404790315,0.207443696
1,2,1,2,'1-2,2025-09-21,Waterloo Warriors,Brock Badgers,,Arthur Kowara,Dante Cifala,R,R,Fastball,Single,Line Drive,Opposite Field,0,1.511623374,0.192121689
1,2,0,0,'0-0,2025-09-21,Waterloo Warriors,Brock Badgers,,Sam Shephard,Dante Cifala,R,R,Fastball,Single,Ground Ball,Pull,100,0.214656534,0.881611998
1,2,0,0,'0-0,2025-09-21,Waterloo Warriors,Brock Badgers,,Max Todd,Dante Cifala,R,R,Fastball,Called Strike,,,110,0.582453101,0.130833661
1,2,0,1,'0-1,2025-09-21,Waterloo Warriors,Brock Badgers,,Max Todd,Dante Cifala,R,R,Slurve,Ball,,,110,0.814745669,-0.313504538
1,2,1,1,'1-1,2025-09-21,Waterloo Warriors,Brock Badgers,,Max Todd,Dante Cifala,R,R,Fastball,Ball,,,110,1.647127373,0.01591861
1,2,2,1,'2-1,2025-09-21,Waterloo Warriors,Brock Badgers,,Max Todd,Dante Cifala,R,R,Fastball,Ball,,,110,1.569696516,-0.25221651
1,2,3,1,'3-1,2025-09-21,Waterloo Warriors,Brock Badgers,,Max Todd,Dante Cifala,R,R,Fastball,Walk,,,110,0.505022245,1.111442101
1,2,0,0,'0-0,2025-09-21,Waterloo Warriors,Brock Badgers,,Nico Valvo,Dante Cifala,R,R,Fastball,Ball,,,111,0.059794822,1.088459091
1,2,1,0,'1-0,2025-09-21,Waterloo Warriors,Brock Badgers,,Nico Valvo,Dante Cifala,R,R,Fastball,Ball,,,111,-0.366074887,-0.2292335
1,2,2,0,'2-0,2025-09-21,Waterloo Warriors,Brock Badgers,,Nico Valvo,Dante Cifala,R,R,Fastball,Ball,,,111,1.589054231,0.690086912
1,2,3,0,'3-0,2025-09-21,Waterloo Warriors,Brock Badgers,,Nico Valvo,Dante Cifala,R,R,Fastball,Called Strike,,,111,-0.462863457,0.536866843
1,2,3,1,'3-1,2025-09-21,Waterloo Warriors,Brock Badgers,,Nico Valvo,Dante Cifala,R,R,Fastball,Single,Line Drive,Opposite Field,111,0.659883957,0.345341758
1,2,0,0,'0-0,2025-09-21,Waterloo Warriors,Brock Badgers,,Jai Pawa,Dante Cifala,R,R,Fastball,Foul,,,101,-1.295245161,0.230426706
1,2,0,1,'0-1,2025-09-21,Waterloo Warriors,Brock Badgers,,Jai Pawa,Dante Cifala,R,R,Fastball,Ball,,,101,0.679241671,1.195713139
1,2,1,1,'1-1,2025-09-21,Waterloo Warriors,Brock Badgers,,Jai Pawa,Dante Cifala,R,R,Fastball,Ball,,,101,-1.430749159,-0.083674435
1,2,2,1,'2-1,2025-09-21,Waterloo Warriors,Brock Badgers,,Jai Pawa,Dante Cifala,R,R,Fastball,Ball,,,101,0.175941106,1.234018156
1,2,3,1,'3-1,2025-09-21,Waterloo Warriors,Brock Badgers,,Jai Pawa,Dante Cifala,R,R,Fastball,Foul,,,101,0.272729676,1.06547608
1,2,3,2,'3-2,2025-09-21,Waterloo Warriors,Brock Badgers,,Jai Pawa,Dante Cifala,R,R,Fastball,Walk,,,101,1.918135369,0.728391929
1,2,0,0,'0-0,2025-09-21,Waterloo Warriors,Brock Badgers,,Max Greaves,Dante Cifala,R,R,Fastball,Hit By Pitch,,,111,-1.508180015,0.215104699
1,2,0,0,'0-0,2025-09-21,Waterloo Warriors,Brock Badgers,,Sam Grant,Dante Cifala,R,R,Fastball,Ball,,,111,-0.269286317,1.134425111
1,2,1,0,'1-0,2025-09-21,Waterloo Warriors,Brock Badgers,,Sam Grant,Dante Cifala,R,R,Fastball,Ball,,,111,1.647127373,0.222765703
1,2,2,0,'2-0,2025-09-21,Waterloo Warriors,Brock Badgers,,Sam Grant,Dante Cifala,R,R,Fastball,Foul,,,111,-0.579009741,0.713069922
1,2,2,1,'2-1,2025-09-21,Waterloo Warriors,Brock Badgers,,Sam Grant,Dante Cifala,R,R,Fastball,Foul,,,111,-0.462863457,0.850967984
1,2,2,2,'2-2,2025-09-21,Waterloo Warriors,Brock Badgers,,Sam Grant,Dante Cifala,R,R,Fastball,Groundout,Ground Ball,Pull,111,0.350160532,0.759035943
2,0,0,0,'0-0,2025-09-21,Brock Badgers,Waterloo Warriors,,Jaden Leeder,Luca Valvo,R,R,Fastball,Ball,,,0,0.369518246,0.873950995
2,0,1,0,'1-0,2025-09-21,Brock Badgers,Waterloo Warriors,,Jaden Leeder,Luca Valvo,R,R,Breaking Ball,Called Strike,,,0,0.214656534,0.383646775
2,0,1,1,'1-1,2025-09-21,Brock Badgers,Waterloo Warriors,,Jaden Leeder,Luca Valvo,R,R,Breaking Ball,Swinging Strike,,,0,-0.598367455,0.705408919
2,0,1,2,'1-2,2025-09-21,Brock Badgers,Waterloo Warriors,,Jaden Leeder,Luca Valvo,R,R,Breaking Ball,Ball,,,0,1.685842801,0.460256809
2,0,2,2,'2-2,2025-09-21,Brock Badgers,Waterloo Warriors,,Jaden Leeder,Luca Valvo,R,R,Breaking Ball,Strikeout Looking,,,0,0.427591388,0.75137494
2,1,0,0,'0-0,2025-09-21,Brock Badgers,Waterloo Warriors,,Brady Campbell,Luca Valvo,R,R,Breaking Ball,Called Strike,,,0,-0.172497747,0.55218885
2,1,0,1,'0-1,2025-09-21,Brock Badgers,Waterloo Warriors,,Brady Campbell,Luca Valvo,R,R,Fastball,Called Strike,,,0,0.446949103,0.498561826
2,1,0,2,'0-2,2025-09-21,Brock Badgers,Waterloo Warriors,,Brady Campbell,Luca Valvo,R,R,Breaking Ball,Lineout,Line Drive,Straightaway,0,0.524379959,0.23808771
2,2,0,0,'0-0,2025-09-21,Brock Badgers,Waterloo Warriors,,Flynn Matheson,Luca Valvo,R,R,Breaking Ball,Ball,,,0,1.821346799,0.138494665
2,2,1,0,'1-0,2025-09-21,Brock Badgers,Waterloo Warriors,,Flynn Matheson,Luca Valvo,R,R,Breaking Ball,Ball,,,0,0.853461097,0.79734096
2,2,2,0,'2-0,2025-09-21,Brock Badgers,Waterloo Warriors,,Flynn Matheson,Luca Valvo,R,R,Fastball,Foul,,,0,-0.559652027,0.184460686
2,2,2,1,'2-1,2025-09-21,Brock Badgers,Waterloo Warriors,,Flynn Matheson,Luca Valvo,R,R,Fastball,Ball,,,0,0.737314813,-0.351809555
2,2,3,1,'3-1,2025-09-21,Brock Badgers,Waterloo Warriors,,Flynn Matheson,Luca Valvo,R,R,Breaking Ball,Walk,,,0,0.234014248,1.111442101
2,2,0,0,'0-0,2025-09-21,Brock Badgers,Waterloo Warriors,,Liam Riley,Luca Valvo,R,R,Fastball,Foul,,,100,0.601810815,0.720730926
2,2,0,1,'0-1,2025-09-21,Brock Badgers,Waterloo Warriors,1,Liam Riley,Luca Valvo,R,R,Fastball,Ball,,,100,-0.830660024,-0.221572497
2,2,1,1,'1-1,2025-09-21,Brock Badgers,Waterloo Warriors,0.99,Liam Riley,Luca Valvo,R,R,Breaking Ball,Ball,,,100,1.472907946,0.176799682
2,2,2,1,'2-1,2025-09-21,Brock Badgers,Waterloo Warriors,0.9,Liam Riley,Luca Valvo,R,R,Fastball,Ball,,,100,0.021079394,-0.175606476
2,2,3,1,'3-1,2025-09-21,Brock Badgers,Waterloo Warriors,,Liam Riley,Luca Valvo,R,R,Fastball,Double,Fly Ball,Opposite Field,100,0.234014248,0.383646775
2,2,0,0,'0-0,2025-09-21,Brock Badgers,Waterloo Warriors,,Adam Geddes,Luca Valvo,L,R,Breaking Ball,Called Strike,,,10,-0.095066891,0.069545634
2,2,0,1,'0-1,2025-09-21,Brock Badgers,Waterloo Warriors,,Adam Geddes,Luca Valvo,L,R,Fastball,Called Strike,,,10,-0.71451374,0.368324768
2,2,0,2,'0-2,2025-09-21,Brock Badgers,Waterloo Warriors,,Adam Geddes,Luca Valvo,L,R,Breaking Ball,Ball,,,10,0.485664531,-0.091335438
2,2,1,2,'1-2,2025-09-21,Brock Badgers,Waterloo Warriors,,Adam Geddes,Luca Valvo,L,R,Fastball,Foul,,,10,-0.462863457,0.827984974
2,2,1,2,'1-2,2025-09-21,Brock Badgers,Waterloo Warriors,,Adam Geddes,Luca Valvo,L,R,Fastball,Strikeout Looking,,,10,0.543737673,0.621137881
2,0,0,0,'0-0,2025-09-21,Waterloo Warriors,Brock Badgers,,Adam Leatherland,RJ Moniz,L,L,Curveball,Single,Ground Ball,Pull,0,0.253371962,0.414290789
2,0,0,0,'0-0,2025-09-21,Waterloo Warriors,Brock Badgers,,Carter Kipp,RJ Moniz,R,L,Fastball,Ball,,,100,-1.508180015,-0.152623466
2,0,1,0,'1-0,2025-09-21,Waterloo Warriors,Brock Badgers,,Carter Kipp,RJ Moniz,R,L,Fastball,Flyout,Fly Ball,Straightaway,10,0.446949103,0.75137494
2,1,0,0,'0-0,2025-09-21,Waterloo Warriors,Brock Badgers,,Arthur Kowara,RJ Moniz,R,L,Fastball,Ball,,,10,0.737314813,1.157408122
2,1,1,0,'1-0,2025-09-21,Waterloo Warriors,Brock Badgers,,Arthur Kowara,RJ Moniz,R,L,Fastball,Ball,,,10,1.550338802,1.111442101
2,1,2,0,'2-0,2025-09-21,Waterloo Warriors,Brock Badgers,,Arthur Kowara,RJ Moniz,R,L,Curveball,Ball,,,1,-0.985521736,-0.298182531
2,1,3,0,'3-0,2025-09-21,Waterloo Warriors,Brock Badgers,,Arthur Kowara,RJ Moniz,R,L,Fastball,Foul,,,1,0.446949103,0.467917813
2,1,3,1,'3-1,2025-09-21,Waterloo Warriors,Brock Badgers,,Arthur Kowara,RJ Moniz,R,L,Fastball,Walk,,,1,-1.469464587,-0.25221651
2,1,0,0,'0-0,2025-09-21,Waterloo Warriors,Brock Badgers,,Sam Shephard,RJ Moniz,R,L,Fastball,Ball,,,101,1.066395952,1.080798087
2,1,1,0,'1-0,2025-09-21,Waterloo Warriors,Brock Badgers,,Sam Shephard,RJ Moniz,R,L,Fastball,Foul,,,101,0.834103383,0.222765703
2,1,1,1,'1-1,2025-09-21,Waterloo Warriors,Brock Badgers,,Sam Shephard,RJ Moniz,R,L,Curveball,Ball,,,101,-0.501578885,-0.351809555
2,1,2,1,'2-1,2025-09-21,Waterloo Warriors,Brock Badgers,,Sam Shephard,RJ Moniz,R,L,Fastball,Foul,,,11,-0.637082884,-0.313504538
2,1,2,2,'2-2,2025-09-21,Waterloo Warriors,Brock Badgers,,Sam Shephard,RJ Moniz,R,L,Fastball,Walk,,,11,1.763273657,0.084867641
2,1,0,0,'0-0,2025-09-21,Waterloo Warriors,Brock Badgers,,Max Todd,RJ Moniz,R,L,Fastball,Foul,,,111,0.679241671,1.088459091
2,1,0,1,'0-1,2025-09-21,Waterloo Warriors,Brock Badgers,,Max Todd,RJ Moniz,R,L,Fastball,Foul,,,111,0.29208739,1.172730128
2,1,0,2,'0-2,2025-09-21,Waterloo Warriors,Brock Badgers,,Max Todd,RJ Moniz,R,L,Fastball,Ball,,,111,1.29868852,1.172730128
2,1,1,2,'1-2,2025-09-21,Waterloo Warriors,Brock Badgers,,Max Todd,RJ Moniz,R,L,Curveball,Flyout,Fly Ball,Pull,111,-0.249928603,0.843306981
2,2,0,0,'0-0,2025-09-21,Waterloo Warriors,Brock Badgers,,Nico Valvo,RJ Moniz,R,L,Fastball,Ball,,,111,-1.275887447,-0.328826545
2,2,1,0,'1-0,2025-09-21,Waterloo Warriors,Brock Badgers,,Nico Valvo,RJ Moniz,R,L,Curveball,Swinging Strike,,,11,0.253371962,0.107850651
2,2,1,1,'1-1,2025-09-21,Waterloo Warriors,Brock Badgers,,Nico Valvo,RJ Moniz,R,L,Curveball,Ball,,,11,1.705200515,0.153816672
2,2,2,1,'2-1,2025-09-21,Waterloo Warriors,Brock Badgers,,Nico Valvo,RJ Moniz,R,L,Curveball,Called Strike,,,11,0.776030241,0.559849854
2,2,2,2,'2-2,2025-09-21,Waterloo Warriors,Brock Badgers,,Nico Valvo,RJ Moniz,R,L,Fastball,Ball,,,11,-0.366074887,-0.198589486
2,2,3,2,'3-2,2025-09-21,Waterloo Warriors,Brock Badgers,,Nico Valvo,RJ Moniz,R,L,Curveball,Walk,,,11,-1.10166802,-0.397775576
2,2,0,0,'0-0,2025-09-21,Waterloo Warriors,Brock Badgers,,Jai Pawa,Daniel Lucas,R,R,Fastball,Foul,,,111,-0.404790315,0.590493868
2,2,0,1,'0-1,2025-09-21,Waterloo Warriors,Brock Badgers,,Jai Pawa,Daniel Lucas,R,R,Curveball,Ball,,,111,1.259973092,-0.129640455
2,2,1,1,'1-1,2025-09-21,Waterloo Warriors,Brock Badgers,,Jai Pawa,Daniel Lucas,R,R,Fastball,Foul,,,111,-0.617725169,0.743713936
2,2,1,2,'1-2,2025-09-21,Waterloo Warriors,Brock Badgers,,Jai Pawa,Daniel Lucas,R,R,Fastball,Popout,Pop Up,Opposite Field,111,-0.598367455,0.850967984
3,0,0,0,'0-0,2025-09-21,Brock Badgers,Waterloo Warriors,,Nate Parsons,Luca Valvo,L,R,Fastball,Ball,,,0,-1.585610871,0.299375737
3,0,1,0,'1-0,2025-09-21,Brock Badgers,Waterloo Warriors,,Nate Parsons,Luca Valvo,L,R,Fastball,Called Strike,,,0,-0.637082884,0.28405373
3,0,1,1,'1-1,2025-09-21,Brock Badgers,Waterloo Warriors,,Nate Parsons,Luca Valvo,L,R,Breaking Ball,Groundout,Ground Ball,Opposite Field,0,-0.269286317,0.253409716
3,1,0,0,'0-0,2025-09-21,Brock Badgers,Waterloo Warriors,,Reid Lunney,Luca Valvo,L,R,Breaking Ball,Called Strike,,,0,-0.191855461,0.452595806
3,1,0,1,'0-1,2025-09-21,Brock Badgers,Waterloo Warriors,,Reid Lunney,Luca Valvo,L,R,Fastball,Groundout,Ground Ball,Straightaway,0,0.330802818,0.360663764
3,2,0,0,'0-0,2025-09-21,Brock Badgers,Waterloo Warriors,,Nolan Phelan,Luca Valvo,R,R,Breaking Ball,Ball,,,100,0.582453101,1.080798087
3,2,1,0,'1-0,2025-09-21,Brock Badgers,Waterloo Warriors,,Nolan Phelan,Luca Valvo,R,R,Fastball,Ball,,,100,0.659883957,1.157408122
3,2,2,0,'2-0,2025-09-21,Brock Badgers,Waterloo Warriors,,Nolan Phelan,Luca Valvo,R,R,Fastball,Foul,,,0,0.311445104,0.789679957
3,2,2,1,'2-1,2025-09-21,Brock Badgers,Waterloo Warriors,,Nolan Phelan,Luca Valvo,R,R,Breaking Ball,Foul,,,0,0.601810815,0.713069922
3,2,2,2,'2-2,2025-09-21,Brock Badgers,Waterloo Warriors,,Nolan Phelan,Luca Valvo,R,R,Fastball,Foul,,,0,0.543737673,0.30703674
3,2,2,2,'2-2,2025-09-21,Brock Badgers,Waterloo Warriors,,Nolan Phelan,Luca Valvo,R,R,Breaking Ball,Strikeout Swinging,,,0,1.763273657,0.28405373
3,0,0,0,'0-0,2025-09-21,Waterloo Warriors,Brock Badgers,,Max Greaves,Jack Cohen,R,R,Fastball,Ball,,,0,1.318046234,-0.328826545
3,0,1,0,'1-0,2025-09-21,Waterloo Warriors,Brock Badgers,,Max Greaves,Jack Cohen,R,R,Fastball,Ball,,,0,0.601810815,1.149747118
3,0,2,0,'2-0,2025-09-21,Waterloo Warriors,Brock Badgers,,Max Greaves,Jack Cohen,R,R,Fastball,Swinging Strike,,,0,-0.288644031,0.950561029
3,0,2,1,'2-1,2025-09-21,Waterloo Warriors,Brock Badgers,,Max Greaves,Jack Cohen,R,R,Fastball,Ball,,,0,1.801989085,1.011849056
3,0,3,1,'3-1,2025-09-21,Waterloo Warriors,Brock Badgers,,Max Greaves,Jack Cohen,R,R,Fastball,Swinging Strike,,,0,0.563095387,0.850967984
3,0,3,2,'3-2,2025-09-21,Waterloo Warriors,Brock Badgers,,Max Greaves,Jack Cohen,R,R,Fastball,Groundout,Ground Ball,Pull,0,0.021079394,0.253409716
3,1,0,0,'0-0,2025-09-21,Waterloo Warriors,Brock Badgers,,Sam Grant,Jack Cohen,R,R,Fastball,Ball,,,0,1.705200515,-0.106657445
3,1,1,0,'1-0,2025-09-21,Waterloo Warriors,Brock Badgers,,Sam Grant,Jack Cohen,R,R,Fastball,Foul,,,0,-0.462863457,0.421951792
3,1,1,1,'1-1,2025-09-21,Waterloo Warriors,Brock Badgers,,Sam Grant,Jack Cohen,R,R,Fastball,Called Strike,,,0,0.485664531,0.107850651
3,1,1,2,'1-2,2025-09-21,Waterloo Warriors,Brock Badgers,,Sam Grant,Jack Cohen,R,R,Fastball,Foul,,,0,0.369518246,0.912256012
3,1,1,2,'1-2,2025-09-21,Waterloo Warriors,Brock Badgers,,Sam Grant,Jack Cohen,R,R,Slider,Ball,,,0,1.724558229,0.046562624
3,1,2,2,'2-2,2025-09-21,Waterloo Warriors,Brock Badgers,,Sam Grant,Jack Cohen,R,R,Slider,Ball,,,0,1.589054231,-0.298182531
3,1,3,2,'3-2,2025-09-21,Waterloo Warriors,Brock Badgers,,Sam Grant,Jack Cohen,R,R,Fastball,Foul,,,0,0.214656534,0.896934005
3,1,3,2,'3-2,2025-09-21,Waterloo Warriors,Brock Badgers,,Sam Grant,Jack Cohen,R,R,Fastball,Walk,,,0,0.29208739,-0.20625049
3,1,0,0,'0-0,2025-09-21,Waterloo Warriors,Brock Badgers,1.37,Adam Leatherland,Jack Cohen,L,R,Fastball,Ball,,,100,1.627769659,0.153816672
3,1,1,0,'1-0,2025-09-21,Waterloo Warriors,Brock Badgers,1.34,Adam Leatherland,Jack Cohen,L,R,Fastball,Ball,,,100,0.834103383,-0.129640455
3,1,2,0,'2-0,2025-09-21,Waterloo Warriors,Brock Badgers,,Adam Leatherland,Jack Cohen,L,R,Fastball,Ball,,,100,1.182542236,-0.221572497
3,1,3,0,'3-0,2025-09-21,Waterloo Warriors,Brock Badgers,,Adam Leatherland,Jack Cohen,L,R,Fastball,Called Strike,,,100,-0.385432601,0.092528644
3,1,3,1,'3-1,2025-09-21,Waterloo Warriors,Brock Badgers,,Adam Leatherland,Jack Cohen,L,R,Fastball,Foul,,,100,-1.392033731,0.138494665
3,1,3,2,'3-2,2025-09-21,Waterloo Warriors,Brock Badgers,,Adam Leatherland,Jack Cohen,L,R,Fastball,Foul,,,100,0.601810815,0.613476878
3,1,3,2,'3-2,2025-09-21,Waterloo Warriors,Brock Badgers,,Adam Leatherland,Jack Cohen,L,R,Fastball,Foul,,,100,-1.314602875,0.628798885
3,1,3,2,'3-2,2025-09-21,Waterloo Warriors,Brock Badgers,,Adam Leatherland,Jack Cohen,L,R,Fastball,Walk,,,100,1.530981088,1.06547608
3,1,0,0,'0-0,2025-09-21,Waterloo Warriors,Brock Badgers,,Carter Kipp,Jack Cohen,R,R,Fastball,Called Strike,,,110,0.466306817,0.230426706
3,1,0,1,'0-1,2025-09-21,Waterloo Warriors,Brock Badgers,,Carter Kipp,Jack Cohen,R,R,Fastball,Ball,,,110,1.840704513,0.276392727
3,1,1,1,'1-1,2025-09-21,Waterloo Warriors,Brock Badgers,,Carter Kipp,Jack Cohen,R,R,Fastball,Groundout,Ground Ball,Straightaway,110,-0.385432601,0.192121689
3,2,0,0,'0-0,2025-09-21,Waterloo Warriors,Brock Badgers,,Arthur Kowara,Jack Cohen,R,R,Fastball,Foul,,,101,-0.772586882,0.176799682
3,2,0,1,'0-1,2025-09-21,Waterloo Warriors,Brock Badgers,,Arthur Kowara,Jack Cohen,R,R,Fastball,Foul,,,101,-0.095066891,0.077206637
3,2,0,2,'0-2,2025-09-21,Waterloo Warriors,Brock Badgers,,Arthur Kowara,Jack Cohen,R,R,Fastball,Flyout,Fly Ball,Straightaway,101,-0.327359459,-0.129640455
4,0,0,0,'0-0,2025-09-21,Brock Badgers,Waterloo Warriors,,Cole Carpenter,Luca Valvo,R,R,Breaking Ball,Ball,,,0,2.072997081,0.138494665
4,0,1,0,'1-0,2025-09-21,Brock Badgers,Waterloo Warriors,,Cole Carpenter,Luca Valvo,R,R,Fastball,Flyout,Fly Ball,Pull,0,-0.249928603,0.391307778
4,1,0,0,'0-0,2025-09-21,Brock Badgers,Waterloo Warriors,,Jaden Leeder,Luca Valvo,R,R,Fastball,Swinging Strike,,,0,-0.288644031,1.111442101
4,1,0,1,'0-1,2025-09-21,Brock Badgers,Waterloo Warriors,,Jaden Leeder,Luca Valvo,R,R,Fastball,Ball,,,0,-0.90809088,1.111442101
4,1,1,1,'1-1,2025-09-21,Brock Badgers,Waterloo Warriors,,Jaden Leeder,Luca Valvo,R,R,Breaking Ball,Called Strike,,,0,-0.211213175,0.544527847
4,1,1,2,'1-2,2025-09-21,Brock Badgers,Waterloo Warriors,,Jaden Leeder,Luca Valvo,R,R,Breaking Ball,Groundout,Ground Ball,Straightaway,0,-1.19845659,0.230426706
4,2,0,0,'0-0,2025-09-21,Brock Badgers,Waterloo Warriors,,Brady Campbell,Luca Valvo,R,R,Breaking Ball,Called Strike,,,0,0.427591388,0.942900026
4,2,0,1,'0-1,2025-09-21,Brock Badgers,Waterloo Warriors,,Brady Campbell,Luca Valvo,R,R,Fastball,Called Strike,,,0,0.679241671,0.621137881
4,2,0,2,'0-2,2025-09-21,Brock Badgers,Waterloo Warriors,,Brady Campbell,Luca Valvo,R,R,Breaking Ball,Ball,,,0,-0.559652027,1.103781098
4,2,1,2,'1-2,2025-09-21,Brock Badgers,Waterloo Warriors,,Brady Campbell,Luca Valvo,R,R,Breaking Ball,Groundout,Ground Ball,Pull,0,0.408233674,0.199782692
4,0,0,0,'0-0,2025-09-21,Waterloo Warriors,Brock Badgers,,Sam Shephard,Jack Cohen,R,R,Fastball,Called Strike,,,0,0.446949103,0.314697744
4,0,0,1,'0-1,2025-09-21,Waterloo Warriors,Brock Badgers,,Sam Shephard,Jack Cohen,R,R,Fastball,Ball,,,0,0.466306817,1.188052135
4,0,1,1,'1-1,2025-09-21,Waterloo Warriors,Brock Badgers,,Sam Shephard,Jack Cohen,R,R,Fastball,Ball,,,0,-1.488822301,0.322358747
4,0,2,1,'2-1,2025-09-21,Waterloo Warriors,Brock Badgers,,Sam Shephard,Jack Cohen,R,R,Fastball,Ball,,,0,1.976208511,0.713069922
4,0,3,1,'3-1,2025-09-21,Waterloo Warriors,Brock Badgers,,Sam Shephard,Jack Cohen,R,R,Fastball,Called Strike,,,0,1.279330806,0.314697744
4,0,3,2,'3-2,2025-09-21,Waterloo Warriors,Brock Badgers,,Sam Shephard,Jack Cohen,R,R,Fastball,Flyout,Fly Ball,Pull,0,-0.520936599,0.812662967
4,1,0,0,'0-0,2025-09-21,Waterloo Warriors,Brock Badgers,,Max Todd,Jack Cohen,R,R,Fastball,Ball,,,0,1.124469094,-0.489707617
4,1,1,0,'1-0,2025-09-21,Waterloo Warriors,Brock Badgers,,Max Todd,Jack Cohen,R,R,Fastball,Ball,,,0,-0.520936599,-0.2292335
4,1,2,0,'2-0,2025-09-21,Waterloo Warriors,Brock Badgers,,Max Todd,Jack Cohen,R,R,Fastball,Ball,,,0,1.49226566,-0.4514026
4,1,3,0,'3-0,2025-09-21,Waterloo Warriors,Brock Badgers,,Max Todd,Jack Cohen,R,R,Fastball,Walk,,,0,1.608411945,-0.290521528
4,1,0,0,'0-0,2025-09-21,Waterloo Warriors,Brock Badgers,,Nico Valvo,Jack Cohen,R,R,Fastball,Ball,,,100,0.776030241,1.119103104
4,1,1,0,'1-0,2025-09-21,Waterloo Warriors,Brock Badgers,,Nico Valvo,Jack Cohen,R,R,Fastball,Ball,,,100,0.601810815,1.218696149
4,1,2,0,'2-0,2025-09-21,Waterloo Warriors,Brock Badgers,1.39,Nico Valvo,Jack Cohen,R,R,Fastball,Ball,,,100,1.860062227,-0.114318449
4,1,3,0,'3-0,2025-09-21,Waterloo Warriors,Brock Badgers,,Nico Valvo,Jack Cohen,R,R,Fastball,Called Strike,,,100,0.253371962,0.483239819
4,1,3,1,'3-1,2025-09-21,Waterloo Warriors,Brock Badgers,,Nico Valvo,Jack Cohen,R,R,Fastball,Called Strike,,,100,0.253371962,0.827984974
4,1,3,2,'3-2,2025-09-21,Waterloo Warriors,Brock Badgers,,Nico Valvo,Jack Cohen,R,R,Fastball,Flyout,Fly Ball,Pull,100,-0.559652027,0.713069922
4,2,0,0,'0-0,2025-09-21,Waterloo Warriors,Brock Badgers,,Jai Pawa,Jack Cohen,R,R,Fastball,Called Strike,,,100,0.408233674,0.919917015
4,2,0,1,'0-1,2025-09-21,Waterloo Warriors,Brock Badgers,,Jai Pawa,Jack Cohen,R,R,Fastball,Foul,,,100,-0.327359459,0.414290789
4,2,0,2,'0-2,2025-09-21,Waterloo Warriors,Brock Badgers,,Jai Pawa,Jack Cohen,R,R,Fastball,Flyout,,,100,0.563095387,0.621137881
5,0,0,0,'0-0,2025-09-21,Brock Badgers,Waterloo Warriors,,Flynn Matheson,Luca Valvo,R,R,Fastball,Swinging Strike,,,0,-0.656440598,-0.244555507
5,0,0,1,'0-1,2025-09-21,Brock Badgers,Waterloo Warriors,,Flynn Matheson,Luca Valvo,R,R,Breaking Ball,Swinging Strike,,,0,0.505022245,0.414290789
5,0,0,2,'0-2,2025-09-21,Brock Badgers,Waterloo Warriors,,Flynn Matheson,Luca Valvo,R,R,Breaking Ball,Strikeout Swinging,,,0,0.853461097,0.245748713
5,1,0,0,'0-0,2025-09-21,Brock Badgers,Waterloo Warriors,,Liam Riley,Luca Valvo,R,R,Breaking Ball,Foul,,,0,0.369518246,1.096120094
5,1,0,1,'0-1,2025-09-21,Brock Badgers,Waterloo Warriors,,Liam Riley,Luca Valvo,R,R,Breaking Ball,Foul,,,0,-0.482221171,0.467917813
5,1,0,2,'0-2,2025-09-21,Brock Badgers,Waterloo Warriors,,Liam Riley,Luca Valvo,R,R,Breaking Ball,Flyout,Fly Ball,Opposite Field,0,-0.288644031,0.368324768
5,2,0,0,'0-0,2025-09-21,Brock Badgers,Waterloo Warriors,,Adam Geddes,Luca Valvo,L,R,Fastball,Called Strike,,,0,0.446949103,0.291714734
5,2,0,1,'0-1,2025-09-21,Brock Badgers,Waterloo Warriors,,Adam Geddes,Luca Valvo,L,R,Breaking Ball,Called Strike,,,0,-1.256529733,-0.014725404
5,2,0,2,'0-2,2025-09-21,Brock Badgers,Waterloo Warriors,,Adam Geddes,Luca Valvo,L,R,Breaking Ball,Strikeout Swinging,,,0,-0.559652027,0.199782692
5,0,0,0,'0-0,2025-09-21,Waterloo Warriors,Brock Badgers,,Max Greaves,Jack Cohen,R,R,Fastball,Ball,,,0,1.472907946,1.050154074
5,0,1,0,'1-0,2025-09-21,Waterloo Warriors,Brock Badgers,,Max Greaves,Jack Cohen,R,R,Fastball,Ball,,,0,1.918135369,1.28764518
5,0,2,0,'2-0,2025-09-21,Waterloo Warriors,Brock Badgers,,Max Greaves,Jack Cohen,R,R,Fastball,Hit By Pitch,,,0,-1.372676017,0.75137494
5,0,0,0,'0-0,2025-09-21,Waterloo Warriors,Brock Badgers,,Sam Grant,Jack Cohen,R,R,Fastball,Ball,,,100,0.582453101,0.123172658
5,0,1,0,'1-0,2025-09-21,Waterloo Warriors,Brock Badgers,,Sam Grant,Jack Cohen,R,R,Fastball,Ball,,,100,-1.256529733,1.325950197
5,0,2,0,'2-0,2025-09-21,Waterloo Warriors,Brock Badgers,,Sam Grant,Jack Cohen,R,R,Fastball,Foul,,,10,-0.172497747,-0.137301459
5,0,2,1,'2-1,2025-09-21,Waterloo Warriors,Brock Badgers,,Sam Grant,Jack Cohen,R,R,Fastball,Ball,,,10,0.524379959,1.073137084
5,0,3,1,'3-1,2025-09-21,Waterloo Warriors,Brock Badgers,,Sam Grant,Jack Cohen,R,R,Fastball,Groundout,Ground Ball,Pull,10,-0.288644031,0.582832864
5,1,0,0,'0-0,2025-09-21,Waterloo Warriors,Brock Badgers,,Adam Leatherland,Jack Cohen,L,R,Fastball,Foul,,,10,0.330802818,0.850967984
5,1,0,1,'0-1,2025-09-21,Waterloo Warriors,Brock Badgers,,Adam Leatherland,Jack Cohen,L,R,Fastball,Called Strike,,,10,0.640526243,0.368324768
5,1,0,2,'0-2,2025-09-21,Waterloo Warriors,Brock Badgers,,Adam Leatherland,Jack Cohen,L,R,Fastball,Foul,,,10,-1.217814305,0.161477675
5,1,0,2,'0-2,2025-09-21,Waterloo Warriors,Brock Badgers,,Adam Leatherland,Jack Cohen,L,R,Changeup,Ball,,,10,-0.90809088,-0.106657445
5,1,1,2,'1-2,2025-09-21,Waterloo Warriors,Brock Badgers,,Adam Leatherland,Jack Cohen,L,R,Fastball,Popout,Pop Up,Straightaway,10,0.175941106,0.123172658
5,2,0,0,'0-0,2025-09-21,Waterloo Warriors,Brock Badgers,,Carter Kipp,Jack Cohen,R,R,Fastball,Swinging Strike,,,10,-0.772586882,0.107850651
5,2,0,1,'0-1,2025-09-21,Waterloo Warriors,Brock Badgers,,Carter Kipp,Jack Cohen,R,R,Fastball,Single,Line Drive,Straightaway,10,-0.772586882,0.406629785
5,2,0,0,'0-0,2025-09-21,Waterloo Warriors,Brock Badgers,,Arthur Kowara,Jack Cohen,R,R,Breaking Ball,Swinging Strike,,,100,0.253371962,0.736052933
5,2,0,1,'0-1,2025-09-21,Waterloo Warriors,Brock Badgers,,Arthur Kowara,Jack Cohen,R,R,Fastball,Groundout,Ground Ball,Straightaway,100,-0.559652027,0.736052933
6,0,0,0,'0-0,2025-09-21,Brock Badgers,Waterloo Warriors,,Nate Parsons,Luca Valvo,L,R,Fastball,Ball,,,0,-0.482221171,-0.198589486
6,0,1,0,'1-0,2025-09-21,Brock Badgers,Waterloo Warriors,,Nate Parsons,Luca Valvo,L,R,Fastball,Swinging Strike,,,0,-0.617725169,0.705408919
6,0,1,1,'1-1,2025-09-21,Brock Badgers,Waterloo Warriors,,Nate Parsons,Luca Valvo,L,R,Breaking Ball,Single,Line Drive,Opposite Field,0,-0.327359459,-0.121979452
6,0,0,0,'0-0,2025-09-21,Brock Badgers,Waterloo Warriors,,Reid Lunney,Luca Valvo,L,R,Fastball,Ball,,,100,-0.830660024,1.096120094
6,0,1,0,'1-0,2025-09-21,Brock Badgers,Waterloo Warriors,,Reid Lunney,Luca Valvo,L,R,Fastball,Groundout,Ground Ball,Straightaway,100,-0.540294313,0.391307778
6,1,0,0,'0-0,2025-09-21,Brock Badgers,Waterloo Warriors,,Nolan Phelan,Luca Valvo,R,R,Breaking Ball,Foul,,,100,-0.133782319,0.536866843
6,1,0,1,'0-1,2025-09-21,Brock Badgers,Waterloo Warriors,,Nolan Phelan,Luca Valvo,R,R,Fastball,Ball,,,100,-0.153140033,1.341272204
6,1,1,1,'1-1,2025-09-21,Brock Badgers,Waterloo Warriors,,Nolan Phelan,Luca Valvo,R,R,Breaking Ball,Foul,,,100,0.640526243,1.111442101
6,1,1,2,'1-2,2025-09-21,Brock Badgers,Waterloo Warriors,,Nolan Phelan,Luca Valvo,R,R,Fastball,Strikeout Swinging,,,100,-0.249928603,0.889273001
6,2,0,0,'0-0,2025-09-21,Brock Badgers,Waterloo Warriors,,Cole Carpenter,Luca Valvo,R,R,Breaking Ball,Ball,,,100,0.776030241,1.096120094
6,2,1,0,'1-0,2025-09-21,Brock Badgers,Waterloo Warriors,,Cole Carpenter,Luca Valvo,R,R,Fastball,Ball,,,100,0.408233674,1.241679159
6,2,2,0,'2-0,2025-09-21,Brock Badgers,Waterloo Warriors,,Cole Carpenter,Luca Valvo,R,R,Fastball,Foul,,,100,0.272729676,0.460256809
6,2,2,1,'2-1,2025-09-21,Brock Badgers,Waterloo Warriors,,Cole Carpenter,Luca Valvo,R,R,Breaking Ball,Lineout,Line Drive,Straightaway,100,-0.559652027,0.559849854
6,0,0,0,'0-0,2025-09-21,Waterloo Warriors,Brock Badgers,,Sam Shephard,Brady Campbell,R,R,Fastball,Swinging Strike,,,0,0.814745669,0.398968782
6,0,0,1,'0-1,2025-09-21,Waterloo Warriors,Brock Badgers,,Sam Shephard,Brady Campbell,R,R,Fastball,Foul,,,0,0.505022245,0.353002761
6,0,0,2,'0-2,2025-09-21,Waterloo Warriors,Brock Badgers,,Sam Shephard,Brady Campbell,R,R,Curveball,Ball,,,0,-1.217814305,1.103781098
6,0,1,2,'1-2,2025-09-21,Waterloo Warriors,Brock Badgers,,Sam Shephard,Brady Campbell,R,R,Fastball,Flyout,Fly Ball,Pull,0,0.408233674,0.245748713
6,1,0,0,'0-0,2025-09-21,Waterloo Warriors,Brock Badgers,,Max Todd,Brady Campbell,R,R,Curveball,Called Strike,,,0,0.737314813,0.55218885
6,1,0,1,'0-1,2025-09-21,Waterloo Warriors,Brock Badgers,,Max Todd,Brady Campbell,R,R,Curveball,Ball,,,0,0.021079394,-0.336487548
6,1,1,1,'1-1,2025-09-21,Waterloo Warriors,Brock Badgers,,Max Todd,Brady Campbell,R,R,Fastball,Swinging Strike,,,0,0.756672527,0.276392727
6,1,1,2,'1-2,2025-09-21,Waterloo Warriors,Brock Badgers,,Max Todd,Brady Campbell,R,R,Fastball,Groundout,Ground Ball,Straightaway,0,0.582453101,0.75137494
6,2,0,0,'0-0,2025-09-21,Waterloo Warriors,Brock Badgers,,Nico Valvo,Brady Campbell,R,R,Curveball,Ball,,,0,-0.733871454,1.088459091
6,2,1,0,'1-0,2025-09-21,Waterloo Warriors,Brock Badgers,,Nico Valvo,Brady Campbell,R,R,Fastball,Lineout,Line Drive,Opposite Field,0,-0.385432601,0.207443696
7,0,0,0,'0-0,2025-09-21,Brock Badgers,Waterloo Warriors,,Jaden Leeder,Luca Valvo,R,R,Fastball,Swinging Strike,,,0,-0.327359459,0.123172658
7,0,0,1,'0-1,2025-09-21,Brock Badgers,Waterloo Warriors,,Jaden Leeder,Luca Valvo,R,R,Fastball,Single,Ground Ball,Straightaway,0,0.485664531,0.582832864
7,0,0,0,'0-0,2025-09-21,Brock Badgers,Waterloo Warriors,,Brady Campbell,Luca Valvo,R,R,Fastball,Error,Ground Ball,Straightaway,100,-0.308001745,0.667103902
7,0,0,0,'0-0,2025-09-21,Brock Badgers,Waterloo Warriors,,Haydon Cupolo,Luca Valvo,R,R,Fastball,Groundout,Ground Ball,Opposite Field,110,-0.559652027,0.161477675
7,1,0,0,'0-0,2025-09-21,Brock Badgers,Waterloo Warriors,,Liam Riley,Luca Valvo,R,R,Breaking Ball,Flyout,Fly Ball,Straightaway,11,0.311445104,0.406629785
7,2,0,0,'0-0,2025-09-21,Brock Badgers,Waterloo Warriors,,Adam Geddes,Luca Valvo,L,R,Breaking Ball,Called Strike,,,1,-0.520936599,0.437273799
7,2,0,1,'0-1,2025-09-21,Brock Badgers,Waterloo Warriors,,Adam Geddes,Luca Valvo,L,R,Breaking Ball,Groundout,Ground Ball,Straightaway,1,-0.598367455,0.743713936
1,0,0,0,'0-0,2025-09-27,McMaster Marauders,Brock Badgers,,Kayan Alazem,Charlie Hughes,R,R,Fastball,Called Strike,,,0,-0.35661435,0.451040564
1,0,0,1,'0-1,2025-09-27,McMaster Marauders,Brock Badgers,,Kayan Alazem,Charlie Hughes,R,R,Fastball,Swinging Strike,,,0,0.401101885,1.121810376
1,0,0,2,'0-2,2025-09-27,McMaster Marauders,Brock Badgers,,Kayan Alazem,Charlie Hughes,R,R,Fastball,Groundout,Ground Ball,Pull,0,0.50080139,0.222189687
1,1,0,0,'0-0,2025-09-27,McMaster Marauders,Brock Badgers,,John Dykyj,Charlie Hughes,R,R,Fastball,Ball,,,0,-0.316734548,1.169158834
1,1,1,0,'1-0,2025-09-27,McMaster Marauders,Brock Badgers,,John Dykyj,Charlie Hughes,R,R,Fastball,Lineout,Line Drive,Pull,0,-0.496193657,0.340560831
1,2,0,0,'0-0,2025-09-27,McMaster Marauders,Brock Badgers,,Nicolas Velocci,Charlie Hughes,R,R,Curveball,Called Strike,,,0,0.241582678,0.435257745
1,2,0,1,'0-1,2025-09-27,McMaster Marauders,Brock Badgers,,Nicolas Velocci,Charlie Hughes,R,R,Curveball,Swinging Strike,,,0,0.740080201,-0.164489381
1,2,0,2,'0-2,2025-09-27,McMaster Marauders,Brock Badgers,,Nicolas Velocci,Charlie Hughes,R,R,Fastball,Ball,,,0,1.37815703,0.892959499
1,2,1,2,'1-2,2025-09-27,McMaster Marauders,Brock Badgers,,Nicolas Velocci,Charlie Hughes,R,R,Curveball,Strikeout Swinging,,,0,0.779960003,0.135384182
1,0,0,0,'0-0,2025-09-27,Brock Badgers,McMaster Marauders,,Liam Riley,Seth Cabezas,R,R,Breaking Ball,Flyout,Fly Ball,Pull,0,0.30140238,0.798262585
1,1,0,0,'0-0,2025-09-27,Brock Badgers,McMaster Marauders,,Reid Lunney,Seth Cabezas,L,R,Fastball,Called Strike,,,0,-0.615833062,0.380017878
1,1,0,1,'0-1,2025-09-27,Brock Badgers,McMaster Marauders,,Reid Lunney,Seth Cabezas,L,R,Fastball,Called Strike,,,0,0.620440795,0.372126469
1,1,0,2,'0-2,2025-09-27,Brock Badgers,McMaster Marauders,,Reid Lunney,Seth Cabezas,L,R,Breaking Ball,Strikeout Swinging,,,0,0.740080201,-0.203946429
1,2,0,0,'0-0,2025-09-27,Brock Badgers,McMaster Marauders,,Cole Carpenter,Seth Cabezas,R,R,Fastball,Called Strike,,,0,0.660320597,0.230081097
1,2,0,1,'0-1,2025-09-27,Brock Badgers,McMaster Marauders,,Cole Carpenter,Seth Cabezas,R,R,Breaking Ball,Flyout,Fly Ball,Straightaway,0,0.261522579,0.293212373
2,0,0,0,'0-0,2025-09-27,McMaster Marauders,Brock Badgers,,Matt Underwood,Charlie Hughes,L,R,Fastball,Ball,,,0,0.640380696,0.135384182
2,0,1,0,'1-0,2025-09-27,McMaster Marauders,Brock Badgers,,Matt Underwood,Charlie Hughes,L,R,Fastball,Called Strike,,,0,-0.707556606,0.518906687
2,0,1,1,'1-1,2025-09-27,McMaster Marauders,Brock Badgers,,Matt Underwood,Charlie Hughes,L,R,Fastball,Called Strike,,,0,-0.444349914,0.80299743
2,0,1,2,'1-2,2025-09-27,McMaster Marauders,Brock Badgers,,Matt Underwood,Charlie Hughes,L,R,Curveball,Single,Line Drive,Opposite Field,0,-0.420422033,0.386331006
2,0,0,0,'0-0,2025-09-27,McMaster Marauders,Brock Badgers,,Quinten Shannon,Charlie Hughes,R,R,Fastball,Ball,,,100,-1.233969991,0.708300516
2,0,1,0,'1-0,2025-09-27,McMaster Marauders,Brock Badgers,,Quinten Shannon,Charlie Hughes,R,R,Curveball,Called Strike,,,100,0.560621092,0.831406505
2,0,1,1,'1-1,2025-09-27,McMaster Marauders,Brock Badgers,,Quinten Shannon,Charlie Hughes,R,R,Fastball,Single,Ground Ball,Opposite Field,100,-0.492205676,0.291634091
2,0,0,0,'0-0,2025-09-27,McMaster Marauders,Brock Badgers,,Jackson McQuade,Charlie Hughes,R,R,Fastball,Called Strike,,,110,0.2974144,0.149588719
2,0,0,1,'0-1,2025-09-27,McMaster Marauders,Brock Badgers,,Jackson McQuade,Charlie Hughes,R,R,Fastball,Foul,,,110,-0.276854746,0.556785452
2,0,0,2,'0-2,2025-09-27,McMaster Marauders,Brock Badgers,,Jackson McQuade,Charlie Hughes,R,R,Curveball,Ball,,,110,2.02022184,-0.134502024
2,0,1,2,'1-2,2025-09-27,McMaster Marauders,Brock Badgers,,Jackson McQuade,Charlie Hughes,R,R,Fastball,Groundout,Ground Ball,Pull,110,-0.540061439,0.41474008
2,1,0,0,'0-0,2025-09-27,McMaster Marauders,Brock Badgers,,Sydney Stonehouse,Charlie Hughes,R,R,Fastball,Called Strike,,,101,0.464909568,0.708300516
2,1,0,1,'0-1,2025-09-27,McMaster Marauders,Brock Badgers,,Sydney Stonehouse,Charlie Hughes,R,R,Fastball,Foul,,,101,0.201702876,0.869285271
2,1,0,2,'0-2,2025-09-27,McMaster Marauders,Brock Badgers,,Sydney Stonehouse,Charlie Hughes,R,R,Fastball,Single,Ground Ball,Opposite Field,101,0.321342281,0.831406505
2,1,0,0,'0-0,2025-09-27,McMaster Marauders,Brock Badgers,,Eli Oughton,Charlie Hughes,R,R,Fastball,Ball,,,110,0.440981687,0.973451877
2,1,1,0,'1-0,2025-09-27,McMaster Marauders,Brock Badgers,,Eli Oughton,Charlie Hughes,R,R,Fastball,Double Play,Ground Ball,Straightaway,101,0.249558638,0.499967304
2,0,0,0,'0-0,2025-09-27,Brock Badgers,McMaster Marauders,,Jaden Leeder,Seth Cabezas,R,R,Fastball,Ball,,,0,-0.587917201,1.210194163
2,0,1,0,'1-0,2025-09-27,Brock Badgers,McMaster Marauders,,Jaden Leeder,Seth Cabezas,R,R,Breaking Ball,Swinging Strike,,,0,0.584548974,0.121179645
2,0,1,1,'1-1,2025-09-27,Brock Badgers,McMaster Marauders,,Jaden Leeder,Seth Cabezas,R,R,Breaking Ball,Swinging Strike,,,0,1.278457526,-0.181850482
2,0,1,2,'1-2,2025-09-27,Brock Badgers,McMaster Marauders,,Jaden Leeder,Seth Cabezas,R,R,Fastball,Foul,,,0,-0.252926865,0.793527739
2,0,1,2,'1-2,2025-09-27,Brock Badgers,McMaster Marauders,,Jaden Leeder,Seth Cabezas,R,R,Fastball,Ball,,,0,0.967395071,-0.134502024
2,0,2,2,'2-2,2025-09-27,Brock Badgers,McMaster Marauders,,Jaden Leeder,Seth Cabezas,R,R,Breaking Ball,Strikeout Swinging,,,0,0.72811626,0.206406868
2,1,0,0,'0-0,2025-09-27,Brock Badgers,McMaster Marauders,,Brady Campbell,Seth Cabezas,R,R,Fastball,Foul,,,0,-0.228998984,0.234815943
2,1,0,1,'0-1,2025-09-27,Brock Badgers,McMaster Marauders,,Brady Campbell,Seth Cabezas,R,R,Breaking Ball,Ball,,,0,0.488837449,1.096557866
2,1,1,1,'1-1,2025-09-27,Brock Badgers,McMaster Marauders,,Brady Campbell,Seth Cabezas,R,R,Breaking Ball,Single,Line Drive,Pull,0,-0.13328746,0.499967304
2,1,0,0,'0-0,2025-09-27,Brock Badgers,McMaster Marauders,1.02,Nolan Phelan,Seth Cabezas,R,R,Fastball,Called Strike,,,100,0.680260498,0.499967304
2,1,0,1,'0-1,2025-09-27,Brock Badgers,McMaster Marauders,,Nolan Phelan,Seth Cabezas,R,R,,Pickoff,,,0,,
2,2,0,1,'0-1,2025-09-27,Brock Badgers,McMaster Marauders,,Nolan Phelan,Seth Cabezas,R,R,Breaking Ball,Ball,,,0,0.560621092,-0.352304928
2,2,1,1,'1-1,2025-09-27,Brock Badgers,McMaster Marauders,,Nolan Phelan,Seth Cabezas,R,R,Breaking Ball,Flyout,Fly Ball,Straightaway,0,0.2974144,0.329512857
3,0,0,0,'0-0,2025-09-27,McMaster Marauders,Brock Badgers,,Brandon McMurray,Charlie Hughes,L,R,Fastball,Called Strike,,,0,-0.061503816,0.821936813
3,0,0,1,'0-1,2025-09-27,McMaster Marauders,Brock Badgers,,Brandon McMurray,Charlie Hughes,L,R,Fastball,Single,Ground Ball,Pull,0,-0.372566271,0.253755326
3,0,0,0,'0-0,2025-09-27,McMaster Marauders,Brock Badgers,,Kayan Alazem,Charlie Hughes,R,R,Fastball,Double Play,Ground Ball,Pull,100,-0.205071103,0.717770207
3,2,0,0,'0-0,2025-09-27,McMaster Marauders,Brock Badgers,,John Dykyj,Charlie Hughes,R,R,Curveball,Ball,,,0,1.254529645,0.481027921
3,2,1,0,'1-0,2025-09-27,McMaster Marauders,Brock Badgers,,John Dykyj,Charlie Hughes,R,R,Curveball,Called Strike,,,0,0.608476855,0.376861315
3,2,1,1,'1-1,2025-09-27,McMaster Marauders,Brock Badgers,,John Dykyj,Charlie Hughes,R,R,Fastball,Called Strike,,,0,0.345270162,0.159058411
3,2,1,2,'1-2,2025-09-27,McMaster Marauders,Brock Badgers,,John Dykyj,Charlie Hughes,R,R,Curveball,Foul,,,0,0.536693211,1.115497249
3,2,1,2,'1-2,2025-09-27,McMaster Marauders,Brock Badgers,,John Dykyj,Charlie Hughes,R,R,Fastball,Foul,,,0,-0.659700844,0.831406505
3,2,1,2,'1-2,2025-09-27,McMaster Marauders,Brock Badgers,,John Dykyj,Charlie Hughes,R,R,Curveball,Popout,Pop Up,Opposite Field,0,0.417053806,0.083300879
3,0,0,0,'0-0,2025-09-27,Brock Badgers,McMaster Marauders,,Flynn Matheson,Seth Cabezas,R,R,Breaking Ball,Foul,,,0,0.72811626,0.376861315
3,0,0,1,'0-1,2025-09-27,Brock Badgers,McMaster Marauders,,Flynn Matheson,Seth Cabezas,R,R,Breaking Ball,Swinging Strike,,,0,1.110962358,-0.181850482
3,0,0,2,'0-2,2025-09-27,Brock Badgers,McMaster Marauders,,Flynn Matheson,Seth Cabezas,R,R,Breaking Ball,Foul,,,0,0.345270162,-0.210259556
3,0,0,2,'0-2,2025-09-27,Brock Badgers,McMaster Marauders,,Flynn Matheson,Seth Cabezas,R,R,Breaking Ball,Foul,,,0,-0.085431698,0.821936813
3,0,0,2,'0-2,2025-09-27,Brock Badgers,McMaster Marauders,,Flynn Matheson,Seth Cabezas,R,R,Breaking Ball,Foul,,,0,0.632404736,-0.077683876
3,0,0,2,'0-2,2025-09-27,Brock Badgers,McMaster Marauders,,Flynn Matheson,Seth Cabezas,R,R,Breaking Ball,Foul,,,0,0.608476855,0.168528102
3,0,0,2,'0-2,2025-09-27,Brock Badgers,McMaster Marauders,,Flynn Matheson,Seth Cabezas,R,R,Fastball,Double,Line Drive,Opposite Field,0,0.369198044,0.689361133
3,0,0,0,'0-0,2025-09-27,Brock Badgers,McMaster Marauders,,Brayden Sowrey,Seth Cabezas,R,R,Fastball,Sacrifice Bunt,Ground Ball,Straightaway,10,0.369198044,0.547315761
3,1,0,0,'0-0,2025-09-27,Brock Badgers,McMaster Marauders,,Adam Geddes,Seth Cabezas,L,R,Breaking Ball,Ball,,,1,-0.77934025,1.314360769
3,1,1,0,'1-0,2025-09-27,Brock Badgers,McMaster Marauders,,Adam Geddes,Seth Cabezas,L,R,Offspeed,Popout,Pop Up,Straightaway,1,-0.396494152,0.613603601
3,2,0,0,'0-0,2025-09-27,Brock Badgers,McMaster Marauders,,Liam Riley,Seth Cabezas,R,R,Breaking Ball,Single,Ground Ball,Pull,1,0.417053806,0.376861315
3,2,0,0,'0-0,2025-09-27,Brock Badgers,McMaster Marauders,0.95,Reid Lunney,Seth Cabezas,L,R,Breaking Ball,Ball,,,100,0.584548974,-0.219729248
3,2,1,0,'1-0,2025-09-27,Brock Badgers,McMaster Marauders,,Reid Lunney,Seth Cabezas,L,R,Breaking Ball,Called Strike,,,10,0.488837449,0.121179645
3,2,1,1,'1-1,2025-09-27,Brock Badgers,McMaster Marauders,,Reid Lunney,Seth Cabezas,L,R,Fastball,Single,Line Drive,Straightaway,10,-0.420422033,0.320043166
3,2,0,0,'0-0,2025-09-27,Brock Badgers,McMaster Marauders,,Cole Carpenter,Seth Cabezas,R,R,Fastball,Called Strike,,,100,0.823827785,0.490497612
3,2,0,1,'0-1,2025-09-27,Brock Badgers,McMaster Marauders,1.37,Cole Carpenter,Seth Cabezas,R,R,Breaking Ball,Foul,,,100,0.488837449,0.632542984
3,2,0,2,'0-2,2025-09-27,Brock Badgers,McMaster Marauders,,Cole Carpenter,Seth Cabezas,R,R,Breaking Ball,Hit By Pitch,,,100,-1.688599732,0.642012676
3,2,0,0,'0-0,2025-09-27,Brock Badgers,McMaster Marauders,,Jaden Leeder,Seth Cabezas,R,R,Fastball,Foul,,,110,0.2974144,-0.210259556
3,2,0,1,'0-1,2025-09-27,Brock Badgers,McMaster Marauders,,Jaden Leeder,Seth Cabezas,R,R,Breaking Ball,Popout,Pop Up,Opposite Field,110,0.464909568,0.499967304
4,0,0,0,'0-0,2025-09-27,McMaster Marauders,Brock Badgers,,Nicolas Velocci,Charlie Hughes,R,R,Fastball,Foul,,,0,-0.205071103,0.812467122
4,0,0,1,'0-1,2025-09-27,McMaster Marauders,Brock Badgers,,Nicolas Velocci,Charlie Hughes,R,R,Fastball,Foul,,,0,0.273486519,0.765118665
4,0,0,2,'0-2,2025-09-27,McMaster Marauders,Brock Badgers,,Nicolas Velocci,Charlie Hughes,R,R,Fastball,Strikeout Swinging,,,0,0.488837449,1.219663855
4,1,0,0,'0-0,2025-09-27,McMaster Marauders,Brock Badgers,,Matt Underwood,Charlie Hughes,L,R,Fastball,Ball,,,0,1.254529645,0.660952059
4,1,1,0,'1-0,2025-09-27,McMaster Marauders,Brock Badgers,,Matt Underwood,Charlie Hughes,L,R,Fastball,Ball,,,0,-0.34863839,1.162845706
4,1,2,0,'2-0,2025-09-27,McMaster Marauders,Brock Badgers,,Matt Underwood,Charlie Hughes,L,R,Fastball,Ball,,,0,-0.635772963,1.162845706
4,1,3,0,'3-0,2025-09-27,McMaster Marauders,Brock Badgers,,Matt Underwood,Charlie Hughes,L,R,Fastball,Called Strike,,,0,0.488837449,0.80299743
4,1,3,1,'3-1,2025-09-27,McMaster Marauders,Brock Badgers,,Matt Underwood,Charlie Hughes,L,R,Fastball,Walk,,,0,-0.396494152,1.134436632
4,1,0,0,'0-0,2025-09-27,McMaster Marauders,Brock Badgers,,Quinten Shannon,Charlie Hughes,R,R,Fastball,Called Strike,,,100,0.464909568,0.34845224
4,1,0,1,'0-1,2025-09-27,McMaster Marauders,Brock Badgers,,Quinten Shannon,Charlie Hughes,R,R,Curveball,Called Strike,,,100,0.249558638,0.357921932
4,1,0,2,'0-2,2025-09-27,McMaster Marauders,Brock Badgers,,Quinten Shannon,Charlie Hughes,R,R,Curveball,Strikeout Swinging,,,100,1.565592099,0.140119028
4,2,0,0,'0-0,2025-09-27,McMaster Marauders,Brock Badgers,,Jackson McQuade,Charlie Hughes,R,R,Fastball,Ball,,,100,0.488837449,1.172315397
4,2,1,0,'1-0,2025-09-27,McMaster Marauders,Brock Badgers,,Jackson McQuade,Charlie Hughes,R,R,Curveball,Foul,,,100,-0.276854746,0.206406868
4,2,1,1,'1-1,2025-09-27,McMaster Marauders,Brock Badgers,,Jackson McQuade,Charlie Hughes,R,R,Curveball,Swinging Strike,,,100,0.752044141,0.310573474
4,2,1,2,'1-2,2025-09-27,McMaster Marauders,Brock Badgers,,Jackson McQuade,Charlie Hughes,R,R,Curveball,Ball,,,100,1.37416905,-0.323895854
4,2,2,2,'2-2,2025-09-27,McMaster Marauders,Brock Badgers,,Jackson McQuade,Charlie Hughes,R,R,Fastball,Popout,Pop Up,Opposite Field,10,0.105991351,0.41474008
4,0,0,0,'0-0,2025-09-27,Brock Badgers,McMaster Marauders,,Brady Campbell,Seth Cabezas,R,R,Breaking Ball,Ball,,,0,0.93947921,-0.369666029
4,0,1,0,'1-0,2025-09-27,Brock Badgers,McMaster Marauders,,Brady Campbell,Seth Cabezas,R,R,Fastball,Ball,,,0,0.740080201,-0.109249514
4,0,2,0,'2-0,2025-09-27,Brock Badgers,McMaster Marauders,,Brady Campbell,Seth Cabezas,R,R,Breaking Ball,Ball,,,0,-0.336674449,1.224398701
4,0,3,0,'3-0,2025-09-27,Brock Badgers,McMaster Marauders,,Brady Campbell,Seth Cabezas,R,R,Fastball,Walk,,,0,0.121943272,-0.330208981
4,0,0,0,'0-0,2025-09-27,Brock Badgers,McMaster Marauders,,Nolan Phelan,Seth Cabezas,R,R,Fastball,Ball,,,100,2.175753067,-0.101358104
4,0,1,0,'1-0,2025-09-27,Brock Badgers,McMaster Marauders,,Nolan Phelan,Seth Cabezas,R,R,Fastball,Foul,,,100,-0.516133557,0.640434394
4,0,1,1,'1-1,2025-09-27,Brock Badgers,McMaster Marauders,,Nolan Phelan,Seth Cabezas,R,R,,Caught Stealing,,,100,,
4,1,1,1,'1-1,2025-09-27,Brock Badgers,McMaster Marauders,,Nolan Phelan,Seth Cabezas,R,R,Breaking Ball,Ball,,,0,0.660320597,1.208615881
4,1,2,1,'2-1,2025-09-27,Brock Badgers,McMaster Marauders,,Nolan Phelan,Seth Cabezas,R,R,Breaking Ball,Ball,,,0,-1.273849793,0.853502452
4,1,3,1,'3-1,2025-09-27,Brock Badgers,McMaster Marauders,,Nolan Phelan,Seth Cabezas,R,R,Fastball,Flyout,Fly Ball,Pull,0,0.261522579,0.387909288
4,2,0,0,'0-0,2025-09-27,Brock Badgers,McMaster Marauders,,Flynn Matheson,Sam McMillan,R,R,Breaking Ball,Double,Fly Ball,Straightaway,0,-0.197095143,0.198515459
4,2,0,0,'0-0,2025-09-27,Brock Badgers,McMaster Marauders,,Brayden Sowrey,Sam McMillan,R,R,Fastball,Ball,,,10,0.760020102,-0.243403476
4,2,1,0,'1-0,2025-09-27,Brock Badgers,McMaster Marauders,,Brayden Sowrey,Sam McMillan,R,R,Breaking Ball,Called Strike,,,10,0.600500894,0.608868755
4,2,1,1,'1-1,2025-09-27,Brock Badgers,McMaster Marauders,,Brayden Sowrey,Sam McMillan,R,R,Fastball,Called Strike,,,10,0.819839804,0.301103783
4,2,1,2,'1-2,2025-09-27,Brock Badgers,McMaster Marauders,,Brayden Sowrey,Sam McMillan,R,R,Breaking Ball,Strikeout Swinging,,,10,0.93947921,-0.164489381
5,0,0,0,'0-0,2025-09-27,McMaster Marauders,Brock Badgers,,Sydney Stonehouse,Charlie Hughes,R,R,Fastball,Called Strike,,,0,-0.635772963,0.774588356
5,0,0,1,'0-1,2025-09-27,McMaster Marauders,Brock Badgers,,Sydney Stonehouse,Charlie Hughes,R,R,Curveball,Groundout,Ground Ball,Straightaway,0,0.580560993,-0.128978038
5,1,0,0,'0-0,2025-09-27,McMaster Marauders,Brock Badgers,,Eli Oughton,Charlie Hughes,R,R,Fastball,Ball,,,0,-1.453308901,0.979765004
5,1,1,0,'1-0,2025-09-27,McMaster Marauders,Brock Badgers,,Eli Oughton,Charlie Hughes,R,R,Fastball,Called Strike,,,0,0.401101885,0.419474926
5,1,1,1,'1-1,2025-09-27,McMaster Marauders,Brock Badgers,,Eli Oughton,Charlie Hughes,R,R,Fastball,Groundout,Ground Ball,Pull,0,0.261522579,0.593085936
5,2,0,0,'0-0,2025-09-27,McMaster Marauders,Brock Badgers,,Brandon McMurray,Charlie Hughes,L,R,Fastball,Ball,,,0,0.181762975,1.121810376
5,2,1,0,'1-0,2025-09-27,McMaster Marauders,Brock Badgers,,Brandon McMurray,Charlie Hughes,L,R,Fastball,Ball,,,0,0.600500894,0.782479766
5,2,2,0,'2-0,2025-09-27,McMaster Marauders,Brock Badgers,,Brandon McMurray,Charlie Hughes,L,R,Fastball,Ball,,,0,-1.373549297,0.798262585
5,2,3,0,'3-0,2025-09-27,McMaster Marauders,Brock Badgers,,Brandon McMurray,Charlie Hughes,L,R,Fastball,Called Strike,,,0,-0.755412369,0.364235059
5,2,3,1,'3-1,2025-09-27,McMaster Marauders,Brock Badgers,,Brandon McMurray,Charlie Hughes,L,R,Fastball,Called Strike,,,0,-0.595893161,0.18273264
5,2,3,2,'3-2,2025-09-27,McMaster Marauders,Brock Badgers,,Brandon McMurray,Charlie Hughes,L,R,Fastball,Walk,,,0,0.819839804,1.090244738
5,2,0,0,'0-0,2025-09-27,McMaster Marauders,Brock Badgers,,Kayan Alazem,Charlie Hughes,R,R,Fastball,Ball,,,100,-0.416434053,1.074461919
5,2,1,0,'1-0,2025-09-27,McMaster Marauders,Brock Badgers,,Kayan Alazem,Charlie Hughes,R,R,Curveball,Ball,,,100,1.098998417,-0.369666029
5,2,2,0,'2-0,2025-09-27,McMaster Marauders,Brock Badgers,,Kayan Alazem,Charlie Hughes,R,R,Fastball,Called Strike,,,100,0.859719606,0.632542984
5,2,2,1,'2-1,2025-09-27,McMaster Marauders,Brock Badgers,,Kayan Alazem,Charlie Hughes,R,R,Fastball,Ball,,,100,-0.296794647,-0.274969115
5,2,3,1,'3-1,2025-09-27,McMaster Marauders,Brock Badgers,,Kayan Alazem,Charlie Hughes,R,R,Fastball,Groundout,Ground Ball,Straightaway,10,0.28146248,0.190624049
5,0,0,0,'0-0,2025-09-27,Brock Badgers,McMaster Marauders,,Adam Geddes,Sam McMillan,L,R,Fastball,Ball,,,0,0.839779705,-0.132923743
5,0,1,0,'1-0,2025-09-27,Brock Badgers,McMaster Marauders,,Adam Geddes,Sam McMillan,L,R,Fastball,Swinging Strike,,,0,-0.316734548,0.080144315
5,0,1,1,'1-1,2025-09-27,Brock Badgers,McMaster Marauders,,Adam Geddes,Sam McMillan,L,R,Fastball,Ball,,,0,-1.293789693,0.466823384
5,0,2,1,'2-1,2025-09-27,Brock Badgers,McMaster Marauders,,Adam Geddes,Sam McMillan,L,R,Fastball,Foul,,,0,0.102003371,0.206406868
5,0,2,2,'2-2,2025-09-27,Brock Badgers,McMaster Marauders,,Adam Geddes,Sam McMillan,L,R,Fastball,Ball,,,0,-1.473248802,0.727239899
5,0,3,2,'3-2,2025-09-27,Brock Badgers,McMaster Marauders,,Adam Geddes,Sam McMillan,L,R,Fastball,Lineout,Line Drive,Pull,0,-0.516133557,0.514171841
5,1,0,0,'0-0,2025-09-27,Brock Badgers,McMaster Marauders,,Liam Riley,Sam McMillan,R,R,Fastball,Ball,,,0,1.358217129,0.301103783
5,1,1,0,'1-0,2025-09-27,Brock Badgers,McMaster Marauders,,Liam Riley,Sam McMillan,R,R,Fastball,Swinging Strike,,,0,0.600500894,0.364235059
5,1,1,1,'1-1,2025-09-27,Brock Badgers,McMaster Marauders,,Liam Riley,Sam McMillan,R,R,Breaking Ball,Ball,,,0,0.50080139,-0.298643343
5,1,2,1,'2-1,2025-09-27,Brock Badgers,McMaster Marauders,,Liam Riley,Sam McMillan,R,R,Fastball,Swinging Strike,,,0,0.520741291,1.082353329
5,1,2,2,'2-2,2025-09-27,Brock Badgers,McMaster Marauders,,Liam Riley,Sam McMillan,R,R,Breaking Ball,Ball,,,0,1.557616139,-0.35388321
5,1,3,2,'3-2,2025-09-27,Brock Badgers,McMaster Marauders,,Liam Riley,Sam McMillan,R,R,Fastball,Dropped Third Strike Swinging,,,0,0.700200399,0.237972506
5,1,0,0,'0-0,2025-09-27,Brock Badgers,McMaster Marauders,,Reid Lunney,Sam McMillan,L,R,Fastball,Called Strike,,,100,0.440981687,0.34845224
5,1,0,1,'0-1,2025-09-27,Brock Badgers,McMaster Marauders,,Reid Lunney,Sam McMillan,L,R,Fastball,Called Strike,,,100,-0.595893161,0.664108622
5,1,0,2,'0-2,2025-09-27,Brock Badgers,McMaster Marauders,,Reid Lunney,Sam McMillan,L,R,Fastball,Ball,,,100,-1.513128604,1.287529977
5,1,1,2,'1-2,2025-09-27,Brock Badgers,McMaster Marauders,,Reid Lunney,Sam McMillan,L,R,Fastball,Single,Fly Ball,Pull,10,0.560621092,0.656217213
5,1,0,0,'0-0,2025-09-27,Brock Badgers,McMaster Marauders,,Cole Carpenter,Sam McMillan,R,R,Fastball,Called Strike,,,101,0.161823074,0.458931974
5,1,0,1,'0-1,2025-09-27,Brock Badgers,McMaster Marauders,,Cole Carpenter,Sam McMillan,R,R,,Caught Stealing,,,1,,
5,2,0,1,'0-1,2025-09-27,Brock Badgers,McMaster Marauders,,Cole Carpenter,Sam McMillan,R,R,Fastball,Foul,,,1,0.28146248,0.821936813
5,2,0,2,'0-2,2025-09-27,Brock Badgers,McMaster Marauders,,Cole Carpenter,Sam McMillan,R,R,Fastball,Ball,,,1,2.095993463,0.727239899
5,2,1,2,'1-2,2025-09-27,Brock Badgers,McMaster Marauders,,Cole Carpenter,Sam McMillan,R,R,Breaking Ball,Foul,,,1,-0.476253756,0.190624049
5,2,1,2,'1-2,2025-09-27,Brock Badgers,McMaster Marauders,,Cole Carpenter,Sam McMillan,R,R,Fastball,Foul,,,1,0.321342281,0.372126469
5,2,1,2,'1-2,2025-09-27,Brock Badgers,McMaster Marauders,,Cole Carpenter,Sam McMillan,R,R,Fastball,Strikeout Swinging,,,1,0.121943272,1.161267424
6,0,0,0,'0-0,2025-09-27,McMaster Marauders,Brock Badgers,,John Dykyj,Charlie Hughes,R,R,Fastball,Called Strike,,,0,0.201702876,0.372126469
6,0,0,1,'0-1,2025-09-27,McMaster Marauders,Brock Badgers,,John Dykyj,Charlie Hughes,R,R,Curveball,Called Strike,,,0,-0.276854746,0.853502452
6,0,0,2,'0-2,2025-09-27,McMaster Marauders,Brock Badgers,,John Dykyj,Charlie Hughes,R,R,Fastball,Flyout,Fly Ball,Opposite Field,0,0.361222083,0.940307957
6,1,0,0,'0-0,2025-09-27,McMaster Marauders,Brock Badgers,,Nicolas Velocci,Charlie Hughes,R,R,Fastball,Hit By Pitch,,,100,-1.533068505,1.011330643
6,1,0,0,'0-0,2025-09-27,McMaster Marauders,Brock Badgers,,Matt Underwood,Charlie Hughes,L,R,Fastball,Ball,,,100,0.28146248,1.153376015
6,1,1,0,'1-0,2025-09-27,McMaster Marauders,Brock Badgers,,Matt Underwood,Charlie Hughes,L,R,Fastball,Ball,,,100,-0.376554251,1.090244738
6,1,2,0,'2-0,2025-09-27,McMaster Marauders,Brock Badgers,,Matt Underwood,Charlie Hughes,L,R,Fastball,Ball,,,100,-1.333669495,0.900850909
6,1,3,0,'3-0,2025-09-27,McMaster Marauders,Brock Badgers,,Matt Underwood,Charlie Hughes,L,R,Fastball,Walk,,,100,1.238577724,1.106027557
6,1,0,0,'0-0,2025-09-27,McMaster Marauders,Brock Badgers,,Quinten Shannon,Charlie Hughes,R,R,Fastball,Called Strike,,,110,0.660320597,0.419474926
6,1,0,1,'0-1,2025-09-27,McMaster Marauders,Brock Badgers,,Quinten Shannon,Charlie Hughes,R,R,Fastball,Called Strike,,,110,0.28146248,0.474714793
6,1,0,2,'0-2,2025-09-27,McMaster Marauders,Brock Badgers,,Quinten Shannon,Charlie Hughes,R,R,Curveball,Strikeout Swinging,,,11,0.799899904,-0.211837838
6,2,0,0,'0-0,2025-09-27,McMaster Marauders,Brock Badgers,,Jackson McQuade,Charlie Hughes,R,R,Curveball,Swinging Strike,,,11,1.298397427,-0.424905896
6,2,0,1,'0-1,2025-09-27,McMaster Marauders,Brock Badgers,,Jackson McQuade,Charlie Hughes,R,R,Curveball,Ball,,,11,1.457916634,-0.598516906
6,2,1,1,'1-1,2025-09-27,McMaster Marauders,Brock Badgers,,Jackson McQuade,Charlie Hughes,R,R,Fastball,Swinging Strike,,,1,-0.057515836,0.798262585
6,2,1,2,'1-2,2025-09-27,McMaster Marauders,Brock Badgers,,Jackson McQuade,Charlie Hughes,R,R,Fastball,Flyout,Fly Ball,Pull,1,-0.396494152,0.561520298
6,0,0,0,'0-0,2025-09-27,Brock Badgers,McMaster Marauders,,Jaden Leeder,Neal (Amar) Bhattacharya,R,R,Breaking Ball,Ball,,,0,1.398096931,0.103818544
6,0,1,0,'1-0,2025-09-27,Brock Badgers,McMaster Marauders,,Jaden Leeder,Neal (Amar) Bhattacharya,R,R,Fastball,Ball,,,0,0.859719606,-0.322317572
6,0,2,0,'2-0,2025-09-27,Brock Badgers,McMaster Marauders,,Jaden Leeder,Neal (Amar) Bhattacharya,R,R,Fastball,Ball,,,0,1.617435841,1.137593195
6,0,3,0,'3-0,2025-09-27,Brock Badgers,McMaster Marauders,,Jaden Leeder,Neal (Amar) Bhattacharya,R,R,Fastball,Walk,,,0,-1.592888207,0.024904449
6,0,0,0,'0-0,2025-09-27,Brock Badgers,McMaster Marauders,,Brady Campbell,Neal (Amar) Bhattacharya,R,R,Breaking Ball,Ball,,,100,1.936474256,0.261646735
6,0,1,0,'1-0,2025-09-27,Brock Badgers,McMaster Marauders,1.3,Brady Campbell,Neal (Amar) Bhattacharya,R,R,Fastball,Ball,,,100,2.036173761,0.017013039
6,0,2,0,'2-0,2025-09-27,Brock Badgers,McMaster Marauders,1.22,Brady Campbell,Neal (Amar) Bhattacharya,R,R,Fastball,Ball,,,100,0.620440795,-0.164489381
6,0,3,0,'3-0,2025-09-27,Brock Badgers,McMaster Marauders,,Brady Campbell,Neal (Amar) Bhattacharya,R,R,Fastball,Called Strike,,,100,0.50080139,0.600977346
6,0,3,1,'3-1,2025-09-27,Brock Badgers,McMaster Marauders,,Brady Campbell,Neal (Amar) Bhattacharya,R,R,Fastball,Sacrifice Bunt,Ground Ball,Straightaway,100,0.261522579,0.466823384
6,1,0,0,'0-0,2025-09-27,Brock Badgers,McMaster Marauders,,Nolan Phelan,Marcello Colucci,R,R,Fastball,Ball,,,10,1.697195445,-0.125032333
6,1,1,0,'1-0,2025-09-27,Brock Badgers,McMaster Marauders,,Nolan Phelan,Marcello Colucci,R,R,Fastball,Called Strike,,,10,0.401101885,0.301103783
6,1,1,1,'1-1,2025-09-27,Brock Badgers,McMaster Marauders,,Nolan Phelan,Marcello Colucci,R,R,Fastball,Flyout,Fly Ball,Opposite Field,10,0.30140238,0.632542984
6,2,0,0,'0-0,2025-09-27,Brock Badgers,McMaster Marauders,,Flynn Matheson,Marcello Colucci,R,R,Fastball,Ball,,,10,0.440981687,-0.140815152
6,2,1,0,'1-0,2025-09-27,Brock Badgers,McMaster Marauders,,Flynn Matheson,Marcello Colucci,R,R,Fastball,Called Strike,,,10,0.401101885,0.222189687
6,2,1,1,'1-1,2025-09-27,Brock Badgers,McMaster Marauders,,Flynn Matheson,Marcello Colucci,R,R,Breaking Ball,Ball,,,10,0.760020102,-0.140815152
6,2,2,1,'2-1,2025-09-27,Brock Badgers,McMaster Marauders,,Flynn Matheson,Marcello Colucci,R,R,Breaking Ball,Ball,,,10,0.600500894,-0.35388321
6,2,3,1,'3-1,2025-09-27,Brock Badgers,McMaster Marauders,,Flynn Matheson,Marcello Colucci,R,R,Fastball,Double,Fly Ball,Pull,10,0.28146248,0.308995192
6,2,0,0,'0-0,2025-09-27,Brock Badgers,McMaster Marauders,,Brayden Sowrey,Marcello Colucci,R,R,Fastball,Ball,,,10,1.537676238,-0.085575285
6,2,1,0,'1-0,2025-09-27,Brock Badgers,McMaster Marauders,,Brayden Sowrey,Marcello Colucci,R,R,Fastball,Groundout,Ground Ball,Opposite Field,10,-0.416434053,0.577303117
7,0,0,0,'0-0,2025-09-27,McMaster Marauders,Brock Badgers,,Sydney Stonehouse,Charlie Hughes,R,R,Fastball,Ball,,,0,2.115933364,0.88506809
7,0,1,0,'1-0,2025-09-27,McMaster Marauders,Brock Badgers,,Sydney Stonehouse,Charlie Hughes,R,R,Fastball,Single,Line Drive,Straightaway,0,-0.316734548,0.600977346
7,0,0,0,'0-0,2025-09-27,McMaster Marauders,Brock Badgers,,Eli Oughton,Charlie Hughes,R,R,Fastball,Ball,,,100,-1.353609396,0.853502452
7,0,1,0,'1-0,2025-09-27,McMaster Marauders,Brock Badgers,,Eli Oughton,Charlie Hughes,R,R,Fastball,Ball,,,100,0.919539309,1.279638567
7,0,2,0,'2-0,2025-09-27,McMaster Marauders,Brock Badgers,,Eli Oughton,Charlie Hughes,R,R,Fastball,Sacrifice Bunt,Ground Ball,Straightaway,100,0.401101885,0.490497612
7,1,0,0,'0-0,2025-09-27,McMaster Marauders,Brock Badgers,,Brandon McMurray,Charlie Hughes,L,R,Fastball,Ball,,,1,-1.632768009,0.095927134
7,1,1,0,'1-0,2025-09-27,McMaster Marauders,Brock Badgers,,Brandon McMurray,Charlie Hughes,L,R,Fastball,Ball,,,1,1.697195445,0.253755326
7,1,2,0,'2-0,2025-09-27,McMaster Marauders,Brock Badgers,,Brandon McMurray,Charlie Hughes,L,R,Fastball,Swinging Strike,,,1,-0.316734548,0.932416547
7,1,2,1,'2-1,2025-09-27,McMaster Marauders,Brock Badgers,,Brandon McMurray,Charlie Hughes,L,R,Fastball,Swinging Strike,,,1,-0.735472468,0.790371175
7,1,2,2,'2-2,2025-09-27,McMaster Marauders,Brock Badgers,,Brandon McMurray,Charlie Hughes,L,R,Fastball,Single,Ground Ball,Straightaway,1,0.460921588,0.664108622
7,1,0,0,'0-0,2025-09-27,McMaster Marauders,Brock Badgers,,Kayan Alazem,Charlie Hughes,R,R,Fastball,Called Strike,,,100,-0.456313855,0.427366336
7,1,0,1,'0-1,2025-09-27,McMaster Marauders,Brock Badgers,,Kayan Alazem,Charlie Hughes,R,R,Curveball,Ball,,,100,-1.353609396,0.971873595
7,1,1,1,'1-1,2025-09-27,McMaster Marauders,Brock Badgers,,Kayan Alazem,Charlie Hughes,R,R,Fastball,Called Strike,,,100,0.700200399,0.790371175
7,1,1,2,'1-2,2025-09-27,McMaster Marauders,Brock Badgers,,Kayan Alazem,Charlie Hughes,R,R,Curveball,Strikeout Looking,,,100,-0.436373954,0.143275592
7,2,0,0,'0-0,2025-09-27,McMaster Marauders,Brock Badgers,,John Dykyj,Charlie Hughes,R,R,Fastball,Foul,,,100,0.361222083,0.585194527
7,2,0,1,'0-1,2025-09-27,McMaster Marauders,Brock Badgers,,John Dykyj,Charlie Hughes,R,R,Curveball,Groundout,Ground Ball,Pull,100,-0.516133557,0.245863916
7,0,0,0,'0-0,2025-09-27,Brock Badgers,McMaster Marauders,,Adam Geddes,Alex VanRaay,L,R,Breaking Ball,Ball,,,0,-0.336674449,-0.338100391
7,0,1,0,'1-0,2025-09-27,Brock Badgers,McMaster Marauders,,Adam Geddes,Alex VanRaay,L,R,Breaking Ball,Ball,,,0,-0.735472468,-0.385448848
7,0,2,0,'2-0,2025-09-27,Brock Badgers,McMaster Marauders,,Adam Geddes,Alex VanRaay,L,R,Fastball,Ball,,,0,-0.755412369,-0.219729248
7,0,3,0,'3-0,2025-09-27,Brock Badgers,McMaster Marauders,,Adam Geddes,Alex VanRaay,L,R,Fastball,Called Strike,,,0,0.540681192,0.443149155
7,0,3,1,'3-1,2025-09-27,Brock Badgers,McMaster Marauders,,Adam Geddes,Alex VanRaay,L,R,Fastball,Groundout,Ground Ball,Straightaway,0,-0.436373954,0.159058411
7,1,0,0,'0-0,2025-09-27,Brock Badgers,McMaster Marauders,,Liam Riley,Alex VanRaay,R,R,Fastball,Popout,Pop Up,Opposite Field,0,-0.256914845,0.403692107
7,2,0,0,'0-0,2025-09-27,Brock Badgers,McMaster Marauders,,Reid Lunney,Alex VanRaay,L,R,Fastball,Ball,,,0,-1.572948306,0.080144315
7,2,1,0,'1-0,2025-09-27,Brock Badgers,McMaster Marauders,,Reid Lunney,Alex VanRaay,L,R,Breaking Ball,Ball,,,0,-0.256914845,-0.290751934
7,2,2,0,'2-0,2025-09-27,Brock Badgers,McMaster Marauders,,Reid Lunney,Alex VanRaay,L,R,Fastball,Called Strike,,,0,-0.655712864,0.285320964
7,2,2,1,'2-1,2025-09-27,Brock Badgers,McMaster Marauders,,Reid Lunney,Alex VanRaay,L,R,Fastball,Called Strike,,,0,-0.695592666,0.048578677
7,2,2,2,'2-2,2025-09-27,Brock Badgers,McMaster Marauders,,Reid Lunney,Alex VanRaay,L,R,Breaking Ball,Ball,,,0,0.08206347,-0.606408316
7,2,3,2,'3-2,2025-09-27,Brock Badgers,McMaster Marauders,,Reid Lunney,Alex VanRaay,L,R,Fastball,Groundout,Ground Ball,Pull,0,-0.655712864,0.198515459
8,0,0,0,'0-0,2025-09-27,McMaster Marauders,Brock Badgers,,Nicolas Velocci,Daniel Lucas,R,R,Curveball,Ball,,,10,0.381161984,-0.369666029
8,0,1,0,'1-0,2025-09-27,McMaster Marauders,Brock Badgers,,Nicolas Velocci,Daniel Lucas,R,R,Fastball,Called Strike,,,10,0.540681192,0.600977346
8,0,1,1,'1-1,2025-09-27,McMaster Marauders,Brock Badgers,,Nicolas Velocci,Daniel Lucas,R,R,Curveball,Foul,,,10,-0.217035044,0.301103783
8,0,1,2,'1-2,2025-09-27,McMaster Marauders,Brock Badgers,,Nicolas Velocci,Daniel Lucas,R,R,Curveball,Ball,,,10,1.876654553,0.624651575
8,0,2,2,'2-2,2025-09-27,McMaster Marauders,Brock Badgers,,Nicolas Velocci,Daniel Lucas,R,R,Fastball,Single,Line Drive,Pull,10,0.381161984,0.466823384
8,0,0,0,'0-0,2025-09-27,McMaster Marauders,Brock Badgers,,Matt Underwood,Daniel Lucas,L,R,Fastball,Ball,,,100,-0.675652765,1.090244738
8,0,1,0,'1-0,2025-09-27,McMaster Marauders,Brock Badgers,,Matt Underwood,Daniel Lucas,L,R,Cutter,Ball,,,100,-1.174150288,0.766696947
8,0,2,0,'2-0,2025-09-27,McMaster Marauders,Brock Badgers,,Matt Underwood,Daniel Lucas,L,R,Fastball,Double Play,Ground Ball,Straightaway,100,-0.476253756,0.664108622
8,2,0,0,'0-0,2025-09-27,McMaster Marauders,Brock Badgers,,Quinten Shannon,Daniel Lucas,R,R,Fastball,Foul,,,0,0.460921588,0.790371175
8,2,0,1,'0-1,2025-09-27,McMaster Marauders,Brock Badgers,,Quinten Shannon,Daniel Lucas,R,R,Curveball,Swinging Strike,,,0,0.879659507,-0.203946429
8,2,0,2,'0-2,2025-09-27,McMaster Marauders,Brock Badgers,,Quinten Shannon,Daniel Lucas,R,R,Curveball,Groundout,Ground Ball,Straightaway,0,0.50080139,-0.164489381
8,0,0,0,'0-0,2025-09-27,Brock Badgers,McMaster Marauders,,Cole Carpenter,Taio Fotiou,R,R,Fastball,Called Strike,,,100,0.7201403,0.600977346
8,0,0,1,'0-1,2025-09-27,Brock Badgers,McMaster Marauders,,Cole Carpenter,Taio Fotiou,R,R,Fastball,Groundout,Ground Ball,Straightaway,100,0.460921588,0.135384182
8,1,0,0,'0-0,2025-09-27,Brock Badgers,McMaster Marauders,,Jaden Leeder,Taio Fotiou,R,R,Fastball,Called Strike,,,1,0.7201403,0.403692107
8,1,0,1,'0-1,2025-09-27,Brock Badgers,McMaster Marauders,,Jaden Leeder,Taio Fotiou,R,R,Breaking Ball,Ball,,,1,0.760020102,-0.314426162
8,1,1,1,'1-1,2025-09-27,Brock Badgers,McMaster Marauders,,Jaden Leeder,Taio Fotiou,R,R,Fastball,Triple,Line Drive,Opposite Field,1,-0.157215341,0.237972506
1,0,0,0,'0-0,2025-09-27,McMaster Marauders,Brock Badgers,,Brandon McMurray,Ryan Facchini,L,R,Cutter,Ball,,,0,-0.57595326,1.169158834
1,0,1,0,'1-0,2025-09-27,McMaster Marauders,Brock Badgers,,Brandon McMurray,Ryan Facchini,L,R,Cutter,Called Strike,,,0,-0.536073458,0.387909288
1,0,1,1,'1-1,2025-09-27,McMaster Marauders,Brock Badgers,,Brandon McMurray,Ryan Facchini,L,R,Slider,Foul,,,0,-0.635772963,0.127492773
1,0,1,2,'1-2,2025-09-27,McMaster Marauders,Brock Badgers,,Brandon McMurray,Ryan Facchini,L,R,Slider,Ball,,,0,-0.13727544,-0.369666029
1,0,2,2,'2-2,2025-09-27,McMaster Marauders,Brock Badgers,,Brandon McMurray,Ryan Facchini,L,R,Cutter,Foul,,,0,0.08206347,0.829828223
1,0,2,2,'2-2,2025-09-27,McMaster Marauders,Brock Badgers,,Brandon McMurray,Ryan Facchini,L,R,Fastball,Foul,,,0,-0.336674449,0.340560831
1,0,2,2,'2-2,2025-09-27,McMaster Marauders,Brock Badgers,,Brandon McMurray,Ryan Facchini,L,R,Slider,Groundout,Ground Ball,Pull,0,-0.57595326,0.214298278
1,1,0,0,'0-0,2025-09-27,McMaster Marauders,Brock Badgers,,John Dykyj,Ryan Facchini,R,R,Slider,Called Strike,,,0,0.28146248,0.387909288
1,1,0,1,'0-1,2025-09-27,McMaster Marauders,Brock Badgers,,John Dykyj,Ryan Facchini,R,R,Fastball,Foul,,,0,0.600500894,0.198515459
1,1,0,2,'0-2,2025-09-27,McMaster Marauders,Brock Badgers,,John Dykyj,Ryan Facchini,R,R,Slider,Strikeout Swinging,,,0,0.361222083,-0.235512067
1,2,0,0,'0-0,2025-09-27,McMaster Marauders,Brock Badgers,,Edward (Hong Yu) Cheng,Ryan Facchini,R,R,Fastball,Groundout,Ground Ball,Pull,0,0.221642777,0.679891441
1,0,0,0,'0-0,2025-09-27,Brock Badgers,McMaster Marauders,,Gavin Taylor,Erik Lopez,R,R,Fastball,Swinging Strike,,,0,0.560621092,0.869285271
1,0,0,1,'0-1,2025-09-27,Brock Badgers,McMaster Marauders,,Gavin Taylor,Erik Lopez,R,R,Fastball,Ball,,,0,1.258517625,0.253755326
1,0,1,1,'1-1,2025-09-27,Brock Badgers,McMaster Marauders,,Gavin Taylor,Erik Lopez,R,R,Fastball,Ball,,,0,-1.134270486,1.129701786
1,0,2,1,'2-1,2025-09-27,Brock Badgers,McMaster Marauders,,Gavin Taylor,Erik Lopez,R,R,Fastball,Ball,,,0,0.859719606,1.113918967
1,0,3,1,'3-1,2025-09-27,Brock Badgers,McMaster Marauders,,Gavin Taylor,Erik Lopez,R,R,Fastball,Called Strike,,,0,-0.655712864,0.600977346
1,0,3,2,'3-2,2025-09-27,Brock Badgers,McMaster Marauders,,Gavin Taylor,Erik Lopez,R,R,Fastball,Single,Line Drive,Pull,0,0.181762975,0.340560831
1,0,0,0,'0-0,2025-09-27,Brock Badgers,McMaster Marauders,,Reid Lunney,Erik Lopez,L,R,Fastball,Foul,,,100,0.261522579,0.648325803
1,0,0,1,'0-1,2025-09-27,Brock Badgers,McMaster Marauders,1.18,Reid Lunney,Erik Lopez,L,R,Offspeed,Ball,,,100,-0.855111873,-0.385448848
1,0,1,1,'1-1,2025-09-27,Brock Badgers,McMaster Marauders,,Reid Lunney,Erik Lopez,L,R,Offspeed,Ball,,,100,-0.635772963,-0.196055019
1,0,2,1,'2-1,2025-09-27,Brock Badgers,McMaster Marauders,,Reid Lunney,Erik Lopez,L,R,Fastball,Called Strike,,,100,0.141883173,0.245863916
1,0,2,2,'2-2,2025-09-27,Brock Badgers,McMaster Marauders,,Reid Lunney,Erik Lopez,L,R,Offspeed,Ball,,,100,-1.233969991,0.17484123
1,0,3,2,'3-2,2025-09-27,Brock Badgers,McMaster Marauders,,Reid Lunney,Erik Lopez,L,R,Fastball,Double Play,Line Drive,Straightaway,100,-0.57595326,0.364235059
1,2,0,0,'0-0,2025-09-27,Brock Badgers,McMaster Marauders,,Cole Carpenter,Erik Lopez,R,R,Breaking Ball,Called Strike,,,0,0.062123569,0.782479766
1,2,0,1,'0-1,2025-09-27,Brock Badgers,McMaster Marauders,,Cole Carpenter,Erik Lopez,R,R,Breaking Ball,Foul,,,0,0.440981687,0.403692107
1,2,0,2,'0-2,2025-09-27,Brock Badgers,McMaster Marauders,,Cole Carpenter,Erik Lopez,R,R,Breaking Ball,Ball,,,0,1.138878219,-0.369666029
1,2,1,2,'1-2,2025-09-27,Brock Badgers,McMaster Marauders,,Cole Carpenter,Erik Lopez,R,R,Fastball,Ball,,,0,-1.373549297,0.924525138
1,2,2,2,'2-2,2025-09-27,Brock Badgers,McMaster Marauders,,Cole Carpenter,Erik Lopez,R,R,Breaking Ball,Error,Ground Ball,Pull,0,0.580560993,-0.17238079
1,2,0,0,'0-0,2025-09-27,Brock Badgers,McMaster Marauders,,Jaden Leeder,Erik Lopez,R,R,Breaking Ball,Flyout,Fly Ball,Opposite Field,10,-0.296794647,0.380017878
2,0,0,0,'0-0,2025-09-27,McMaster Marauders,Brock Badgers,,Quinten Shannon,Ryan Facchini,R,R,Cutter,Called Strike,,,0,-0.097395638,0.474714793
2,0,0,1,'0-1,2025-09-27,McMaster Marauders,Brock Badgers,,Quinten Shannon,Ryan Facchini,R,R,Cutter,Swinging Strike,,,0,0.919539309,-0.203946429
2,0,0,2,'0-2,2025-09-27,McMaster Marauders,Brock Badgers,,Quinten Shannon,Ryan Facchini,R,R,Fastball,Flyout,Fly Ball,Straightaway,0,0.50080139,0.672000032
2,1,0,0,'0-0,2025-09-27,McMaster Marauders,Brock Badgers,,Sydney Stonehouse,Ryan Facchini,R,R,Fastball,Flyout,Fly Ball,Pull,0,-0.177155242,0.18273264
2,2,0,0,'0-0,2025-09-27,McMaster Marauders,Brock Badgers,,Anden Cooper,Ryan Facchini,L,R,Slider,Called Strike,,,0,-0.516133557,0.435257745
2,2,0,1,'0-1,2025-09-27,McMaster Marauders,Brock Badgers,,Anden Cooper,Ryan Facchini,L,R,Cutter,Ball,,,0,-1.393489198,0.845611042
2,2,1,1,'1-1,2025-09-27,McMaster Marauders,Brock Badgers,,Anden Cooper,Ryan Facchini,L,R,Cutter,Called Strike,,,0,0.600500894,0.308995192
2,2,1,2,'1-2,2025-09-27,McMaster Marauders,Brock Badgers,,Anden Cooper,Ryan Facchini,L,R,Changeup,Strikeout Swinging,,,0,-0.675652765,0.159058411
2,0,0,0,'0-0,2025-09-27,Brock Badgers,McMaster Marauders,,Flynn Matheson,Erik Lopez,R,R,Breaking Ball,Swinging Strike,,,0,0.321342281,0.403692107
2,0,0,1,'0-1,2025-09-27,Brock Badgers,McMaster Marauders,,Flynn Matheson,Erik Lopez,R,R,Breaking Ball,Ball,,,0,1.577556039,-0.117140923
2,0,1,1,'1-1,2025-09-27,Brock Badgers,McMaster Marauders,,Flynn Matheson,Erik Lopez,R,R,Fastball,Foul,,,0,0.141883173,0.814045404
2,0,1,2,'1-2,2025-09-27,Brock Badgers,McMaster Marauders,,Flynn Matheson,Erik Lopez,R,R,Breaking Ball,Foul,,,0,0.799899904,-0.1802722
2,0,1,2,'1-2,2025-09-27,Brock Badgers,McMaster Marauders,,Flynn Matheson,Erik Lopez,R,R,Breaking Ball,Ball,,,0,1.577556039,0.679891441
2,0,2,2,'2-2,2025-09-27,Brock Badgers,McMaster Marauders,,Flynn Matheson,Erik Lopez,R,R,Fastball,Ball,,,0,-0.894991675,1.106027557
2,0,3,2,'3-2,2025-09-27,Brock Badgers,McMaster Marauders,,Flynn Matheson,Erik Lopez,R,R,Breaking Ball,Groundout,Ground Ball,Straightaway,0,0.540681192,-0.148706562
2,1,0,0,'0-0,2025-09-27,Brock Badgers,McMaster Marauders,,Nolan Phelan,Erik Lopez,R,R,Fastball,Swinging Strike,,,0,0.440981687,0.245863916
2,1,0,1,'0-1,2025-09-27,Brock Badgers,McMaster Marauders,,Nolan Phelan,Erik Lopez,R,R,Fastball,Groundout,Ground Ball,Opposite Field,0,-0.57595326,0.553628889
2,2,0,0,'0-0,2025-09-27,Brock Badgers,McMaster Marauders,,Brady Campbell,Erik Lopez,R,R,Fastball,Ball,,,0,0.002303867,-0.314426162
2,2,1,0,'1-0,2025-09-27,Brock Badgers,McMaster Marauders,,Brady Campbell,Erik Lopez,R,R,Fastball,Single,Line Drive,Opposite Field,0,0.401101885,0.482606203
2,2,0,0,'0-0,2025-09-27,Brock Badgers,McMaster Marauders,,Liam Riley,Erik Lopez,R,R,Breaking Ball,Ball,,,100,2.255512671,0.798262585
2,2,1,0,'1-0,2025-09-27,Brock Badgers,McMaster Marauders,,Liam Riley,Erik Lopez,R,R,Fastball,Ball,,,100,1.517736337,0.474714793
2,2,2,0,'2-0,2025-09-27,Brock Badgers,McMaster Marauders,,Liam Riley,Erik Lopez,R,R,Fastball,Ball,,,10,-0.037575935,-0.140815152
2,2,3,0,'3-0,2025-09-27,Brock Badgers,McMaster Marauders,,Liam Riley,Erik Lopez,R,R,Fastball,Walk,,,10,-1.453308901,0.869285271
2,2,0,0,'0-0,2025-09-27,Brock Badgers,McMaster Marauders,,Adam Geddes,Erik Lopez,L,R,Fastball,Ball,,,110,0.28146248,1.184941653
2,2,1,0,'1-0,2025-09-27,Brock Badgers,McMaster Marauders,,Adam Geddes,Erik Lopez,L,R,Fastball,Ball,,,110,0.680260498,-0.314426162
2,2,2,0,'2-0,2025-09-27,Brock Badgers,McMaster Marauders,,Adam Geddes,Erik Lopez,L,R,Fastball,Called Strike,,,110,-0.655712864,-0.061901057
2,2,2,1,'2-1,2025-09-27,Brock Badgers,McMaster Marauders,,Adam Geddes,Erik Lopez,L,R,Fastball,Flyout,Fly Ball,Opposite Field,110,-0.635772963,0.829828223
3,0,0,0,'0-0,2025-09-27,McMaster Marauders,Brock Badgers,,Declan Shannon,Ryan Facchini,R,R,Fastball,Ball,,,0,1.358217129,0.119601363
3,0,1,0,'1-0,2025-09-27,McMaster Marauders,Brock Badgers,,Declan Shannon,Ryan Facchini,R,R,Fastball,Called Strike,,,0,0.221642777,0.293212373
3,0,1,1,'1-1,2025-09-27,McMaster Marauders,Brock Badgers,,Declan Shannon,Ryan Facchini,R,R,Cutter,Ball,,,0,0.042183668,-0.140815152
3,0,2,1,'2-1,2025-09-27,McMaster Marauders,Brock Badgers,,Declan Shannon,Ryan Facchini,R,R,Fastball,Foul,,,0,0.401101885,0.245863916
3,0,2,2,'2-2,2025-09-27,McMaster Marauders,Brock Badgers,,Declan Shannon,Ryan Facchini,R,R,Cutter,Ball,,,0,0.381161984,1.137593195
3,0,3,2,'3-2,2025-09-27,McMaster Marauders,Brock Badgers,,Declan Shannon,Ryan Facchini,R,R,Cutter,Foul,,,0,-0.197095143,0.269538145
3,0,3,2,'3-2,2025-09-27,McMaster Marauders,Brock Badgers,,Declan Shannon,Ryan Facchini,R,R,Fastball,Strikeout Looking,,,0,0.30140238,0.380017878
3,1,0,0,'0-0,2025-09-27,McMaster Marauders,Brock Badgers,,Eli Oughton,Ryan Facchini,R,R,Cutter,Foul,,,0,0.381161984,0.798262585
3,1,0,1,'0-1,2025-09-27,McMaster Marauders,Brock Badgers,,Eli Oughton,Ryan Facchini,R,R,Cutter,Ball,,,0,0.680260498,1.153376015
3,1,1,1,'1-1,2025-09-27,McMaster Marauders,Brock Badgers,,Eli Oughton,Ryan Facchini,R,R,Cutter,Ball,,,0,-0.815232071,-0.188163609
3,1,2,1,'2-1,2025-09-27,McMaster Marauders,Brock Badgers,,Eli Oughton,Ryan Facchini,R,R,Fastball,Ball,,,0,-1.21403009,0.159058411
3,1,3,1,'3-1,2025-09-27,McMaster Marauders,Brock Badgers,,Eli Oughton,Ryan Facchini,R,R,Fastball,Foul,,,0,-0.436373954,0.474714793
3,1,3,2,'3-2,2025-09-27,McMaster Marauders,Brock Badgers,,Eli Oughton,Ryan Facchini,R,R,Slider,Strikeout Swinging,,,0,0.919539309,-0.227620657
3,2,0,0,'0-0,2025-09-27,McMaster Marauders,Brock Badgers,,Lucas Grant,Ryan Facchini,R,R,Fastball,Called Strike,,,0,0.161823074,0.34845224
3,2,0,1,'0-1,2025-09-27,McMaster Marauders,Brock Badgers,,Lucas Grant,Ryan Facchini,R,R,Cutter,Swinging Strike,,,0,0.760020102,0.111709954
3,2,0,2,'0-2,2025-09-27,McMaster Marauders,Brock Badgers,,Lucas Grant,Ryan Facchini,R,R,Cutter,Double,Ground Ball,Pull,0,-0.416434053,0.166949821
3,2,0,0,'0-0,2025-09-27,McMaster Marauders,Brock Badgers,,Brandon McMurray,Ryan Facchini,R,R,Cutter,Groundout,Ground Ball,Pull,10,-0.735472468,0.506280431
3,0,0,0,'0-0,2025-09-27,Brock Badgers,McMaster Marauders,,Gavin Taylor,Erik Lopez,R,R,Fastball,Ball,,,0,-1.393489198,0.695674261
3,0,1,0,'1-0,2025-09-27,Brock Badgers,McMaster Marauders,,Gavin Taylor,Erik Lopez,R,R,Fastball,Double,Fly Ball,Straightaway,0,0.221642777,0.269538145
3,0,0,0,'0-0,2025-09-27,Brock Badgers,McMaster Marauders,,Reid Lunney,Erik Lopez,L,R,Offspeed,Ball,,,10,-0.755412369,-0.345991801
3,0,1,0,'1-0,2025-09-27,Brock Badgers,McMaster Marauders,,Reid Lunney,Erik Lopez,L,R,Fastball,Called Strike,,,10,-0.615833062,0.34845224
3,0,1,1,'1-1,2025-09-27,Brock Badgers,McMaster Marauders,,Reid Lunney,Erik Lopez,L,R,Fastball,Ball,,,1,-1.353609396,0.782479766
3,0,2,1,'2-1,2025-09-27,Brock Badgers,McMaster Marauders,,Reid Lunney,Erik Lopez,L,R,Breaking Ball,Ball,,,1,0.999298913,-0.322317572
3,0,3,1,'3-1,2025-09-27,Brock Badgers,McMaster Marauders,,Reid Lunney,Erik Lopez,L,R,Fastball,Swinging Strike,,,1,-0.655712864,0.774588356
3,0,3,2,'3-2,2025-09-27,Brock Badgers,McMaster Marauders,,Reid Lunney,Erik Lopez,L,R,Offspeed,Groundout,Ground Ball,Pull,1,-0.556013359,-0.101358104
3,1,0,0,'0-0,2025-09-27,Brock Badgers,McMaster Marauders,,Cole Carpenter,Erik Lopez,R,R,Breaking Ball,Ball,,,0,1.138878219,-0.140815152
3,1,1,0,'1-0,2025-09-27,Brock Badgers,McMaster Marauders,,Cole Carpenter,Erik Lopez,R,R,Fastball,Foul,,,0,0.620440795,0.695674261
3,1,1,1,'1-1,2025-09-27,Brock Badgers,McMaster Marauders,,Cole Carpenter,Erik Lopez,R,R,Breaking Ball,Ball,,,0,-1.273849793,0.230081097
3,1,2,1,'2-1,2025-09-27,Brock Badgers,McMaster Marauders,,Cole Carpenter,Erik Lopez,R,R,Breaking Ball,Foul,,,0,-0.496193657,0.214298278
3,1,2,2,'2-2,2025-09-27,Brock Badgers,McMaster Marauders,,Cole Carpenter,Erik Lopez,R,R,Breaking Ball,Ball,,,0,0.839779705,-0.203946429
3,1,3,2,'3-2,2025-09-27,Brock Badgers,McMaster Marauders,,Cole Carpenter,Erik Lopez,R,R,Fastball,Flyout,Fly Ball,Opposite Field,0,0.361222083,0.18273264
3,2,0,0,'0-0,2025-09-27,Brock Badgers,McMaster Marauders,,Jaden Leeder,Erik Lopez,R,R,Breaking Ball,Foul,,,0,0.640380696,0.17484123
3,2,0,1,'0-1,2025-09-27,Brock Badgers,McMaster Marauders,,Jaden Leeder,Erik Lopez,R,R,Breaking Ball,Ball,,,0,1.776955049,0.908742318
3,2,1,1,'1-1,2025-09-27,Brock Badgers,McMaster Marauders,,Jaden Leeder,Erik Lopez,R,R,Breaking Ball,Ball,,,0,0.161823074,-0.298643343
3,2,2,1,'2-1,2025-09-27,Brock Badgers,McMaster Marauders,,Jaden Leeder,Erik Lopez,R,R,Fastball,Foul,,,0,0.460921588,0.301103783
3,2,2,2,'2-2,2025-09-27,Brock Badgers,McMaster Marauders,,Jaden Leeder,Erik Lopez,R,R,Breaking Ball,Ball,,,0,2.095993463,-0.030335418
3,2,3,2,'3-2,2025-09-27,Brock Badgers,McMaster Marauders,,Jaden Leeder,Erik Lopez,R,R,Fastball,Error,Ground Ball,Pull,0,0.401101885,0.253755326
3,2,0,0,'0-0,2025-09-27,Brock Badgers,McMaster Marauders,,Flynn Matheson,Erik Lopez,R,R,Breaking Ball,Groundout,Ground Ball,Pull,0,0.28146248,0.664108622
4,0,0,0,'0-0,2025-09-27,McMaster Marauders,Brock Badgers,,John Dykyj,Ryan Facchini,R,R,Cutter,Ball,,,0,0.520741291,1.113918967
4,0,1,0,'1-0,2025-09-27,McMaster Marauders,Brock Badgers,,John Dykyj,Ryan Facchini,R,R,Cutter,Foul,,,0,-0.296794647,0.443149155
4,0,1,1,'1-1,2025-09-27,McMaster Marauders,Brock Badgers,,John Dykyj,Ryan Facchini,R,R,Fastball,Foul,,,0,-0.276854746,0.750914127
4,0,1,2,'1-2,2025-09-27,McMaster Marauders,Brock Badgers,,John Dykyj,Ryan Facchini,R,R,Cutter,Ball,,,0,-0.57595326,-0.203946429
4,0,2,2,'2-2,2025-09-27,McMaster Marauders,Brock Badgers,,John Dykyj,Ryan Facchini,R,R,Slider,Groundout,Ground Ball,Straightaway,0,0.361222083,0.285320964
4,1,0,0,'0-0,2025-09-27,McMaster Marauders,Brock Badgers,,Edward (Hong Yu) Cheng,Ryan Facchini,R,R,Fastball,Ball,,,0,0.341282182,1.098136148
4,1,1,0,'1-0,2025-09-27,McMaster Marauders,Brock Badgers,,Edward (Hong Yu) Cheng,Ryan Facchini,R,R,Cutter,Foul,,,0,0.28146248,0.111709954
4,1,1,1,'1-1,2025-09-27,McMaster Marauders,Brock Badgers,,Edward (Hong Yu) Cheng,Ryan Facchini,R,R,Slider,Called Strike,,,0,0.181762975,0.35634365
4,1,1,2,'1-2,2025-09-27,McMaster Marauders,Brock Badgers,,Edward (Hong Yu) Cheng,Ryan Facchini,R,R,Slider,Flyout,Fly Ball,Pull,0,-0.536073458,0.403692107
4,2,0,0,'0-0,2025-09-27,McMaster Marauders,Brock Badgers,,Quinten Shannon,Ryan Facchini,R,R,Slider,Called Strike,,,0,0.381161984,0.679891441
4,2,0,1,'0-1,2025-09-27,McMaster Marauders,Brock Badgers,,Quinten Shannon,Ryan Facchini,R,R,Fastball,Foul,,,0,0.680260498,1.098136148
4,2,0,2,'0-2,2025-09-27,McMaster Marauders,Brock Badgers,,Quinten Shannon,Ryan Facchini,R,R,Cutter,Ball,,,0,-0.675652765,-0.322317572
4,2,1,2,'1-2,2025-09-27,McMaster Marauders,Brock Badgers,,Quinten Shannon,Ryan Facchini,R,R,Slider,Ball,,,0,-0.416434053,-0.503819992
4,2,2,2,'2-2,2025-09-27,McMaster Marauders,Brock Badgers,,Quinten Shannon,Ryan Facchini,R,R,Fastball,Foul,,,0,0.30140238,0.814045404
4,2,2,2,'2-2,2025-09-27,McMaster Marauders,Brock Badgers,,Quinten Shannon,Ryan Facchini,R,R,Slider,Strikeout Swinging,,,0,0.879659507,-0.267077705
4,0,0,0,'0-0,2025-09-27,Brock Badgers,McMaster Marauders,,Nolan Phelan,Erik Lopez,R,R,Breaking Ball,Called Strike,,,0,-0.655712864,0.577303117
4,0,0,1,'0-1,2025-09-27,Brock Badgers,McMaster Marauders,,Nolan Phelan,Erik Lopez,R,R,Breaking Ball,Ball,,,0,1.039178715,-0.417014486
4,0,1,1,'1-1,2025-09-27,Brock Badgers,McMaster Marauders,,Nolan Phelan,Erik Lopez,R,R,Breaking Ball,Foul,,,0,0.261522579,0.18273264
4,0,1,2,'1-2,2025-09-27,Brock Badgers,McMaster Marauders,,Nolan Phelan,Erik Lopez,R,R,Breaking Ball,Strikeout Swinging,,,0,0.799899904,0.17484123
4,1,0,0,'0-0,2025-09-27,Brock Badgers,McMaster Marauders,,Brady Campbell,Erik Lopez,R,R,Fastball,Swinging Strike,,,0,0.341282182,0.908742318
4,1,0,1,'0-1,2025-09-27,Brock Badgers,McMaster Marauders,,Brady Campbell,Erik Lopez,R,R,Breaking Ball,Ball,,,0,1.338277228,-0.290751934
4,1,1,1,'1-1,2025-09-27,Brock Badgers,McMaster Marauders,,Brady Campbell,Erik Lopez,R,R,Fastball,Single,Ground Ball,Straightaway,0,0.401101885,0.064361496
4,1,0,0,'0-0,2025-09-27,Brock Badgers,McMaster Marauders,,Liam Riley,Erik Lopez,R,R,Fastball,Ball,,,100,0.779960003,-0.267077705
4,1,1,0,'1-0,2025-09-27,Brock Badgers,McMaster Marauders,,Liam Riley,Erik Lopez,R,R,Breaking Ball,Ball,,,100,1.118938318,-0.401231667
4,1,2,0,'2-0,2025-09-27,Brock Badgers,McMaster Marauders,,Liam Riley,Erik Lopez,R,R,Breaking Ball,Ball,,,100,1.37815703,0.380017878
4,1,3,0,'3-0,2025-09-27,Brock Badgers,McMaster Marauders,,Liam Riley,Erik Lopez,R,R,Fastball,Swinging Strike,,,100,0.361222083,0.411583517
4,1,3,1,'3-1,2025-09-27,Brock Badgers,McMaster Marauders,,Liam Riley,Erik Lopez,R,R,Fastball,Walk,,,100,-2.131265532,0.237972506
4,1,0,0,'0-0,2025-09-27,Brock Badgers,McMaster Marauders,,Adam Geddes,Erik Lopez,L,R,Fastball,Ball,,,101,-0.416434053,1.098136148
4,1,1,0,'1-0,2025-09-27,Brock Badgers,McMaster Marauders,,Adam Geddes,Erik Lopez,L,R,Fastball,Ball,,,10,-1.333669495,1.129701786
4,1,2,0,'2-0,2025-09-27,Brock Badgers,McMaster Marauders,,Adam Geddes,Erik Lopez,L,R,Fastball,Ball,,,1,-0.675652765,0.088035725
4,1,3,0,'3-0,2025-09-27,Brock Badgers,McMaster Marauders,,Adam Geddes,Erik Lopez,L,R,Fastball,Called Strike,,,1,-0.13727544,0.814045404
4,1,3,1,'3-1,2025-09-27,Brock Badgers,McMaster Marauders,,Adam Geddes,Erik Lopez,L,R,Breaking Ball,Walk,,,1,0.680260498,-0.385448848
4,1,0,0,'0-0,2025-09-27,Brock Badgers,McMaster Marauders,,Gavin Taylor,Erik Lopez,R,R,Fastball,Called Strike,,,100,-1.154210387,0.206406868
4,1,0,1,'0-1,2025-09-27,Brock Badgers,McMaster Marauders,,Gavin Taylor,Jaden Fonseca,R,R,Fastball,Error,Ground Ball,Pull,1,0.480861489,0.308995192
4,1,0,0,'0-0,2025-09-27,Brock Badgers,McMaster Marauders,,Reid Lunney,Jaden Fonseca,L,R,Fastball,Called Strike,,,100,-0.516133557,0.664108622
4,1,0,1,'0-1,2025-09-27,Brock Badgers,McMaster Marauders,0.93,Reid Lunney,Jaden Fonseca,L,R,Fastball,Ball,,,100,0.600500894,1.074461919
4,1,1,1,'1-1,2025-09-27,Brock Badgers,McMaster Marauders,,Reid Lunney,Jaden Fonseca,L,R,Fastball,Error,Ground Ball,Straightaway,100,0.381161984,0.814045404
4,1,0,0,'0-0,2025-09-27,Brock Badgers,McMaster Marauders,,Cole Carpenter,Jaden Fonseca,R,R,Fastball,Groundout,Ground Ball,Straightaway,110,-0.476253756,0.52206325
4,2,0,0,'0-0,2025-09-27,Brock Badgers,McMaster Marauders,,Jaden Leeder,Jaden Fonseca,R,R,Fastball,Foul,,,101,0.201702876,0.159058411
4,2,0,1,'0-1,2025-09-27,Brock Badgers,McMaster Marauders,,Jaden Leeder,Jaden Fonseca,R,R,Breaking Ball,Ball,,,101,0.779960003,1.113918967
4,2,1,1,'1-1,2025-09-27,Brock Badgers,McMaster Marauders,,Jaden Leeder,Jaden Fonseca,R,R,Breaking Ball,Ball,,,101,1.557616139,0.040687268
4,2,2,1,'2-1,2025-09-27,Brock Badgers,McMaster Marauders,,Jaden Leeder,Jaden Fonseca,R,R,Fastball,Swinging Strike,,,101,0.760020102,0.695674261
4,2,2,2,'2-2,2025-09-27,Brock Badgers,McMaster Marauders,,Jaden Leeder,Jaden Fonseca,R,R,Fastball,Home Run,Fly Ball,Straightaway,101,0.241582678,0.679891441
4,2,0,0,'0-0,2025-09-27,Brock Badgers,McMaster Marauders,,Flynn Matheson,Jaden Fonseca,R,R,Fastball,Ball,,,0,0.959419111,-0.282860524
4,2,1,0,'1-0,2025-09-27,Brock Badgers,McMaster Marauders,,Flynn Matheson,Jaden Fonseca,R,R,Fastball,Popout,Pop Up,Opposite Field,0,0.50080139,0.277429554
5,0,0,0,'0-0,2025-09-27,McMaster Marauders,Brock Badgers,,Sydney Stonehouse,Ryan Facchini,R,R,Slider,Called Strike,,,0,0.460921588,0.17484123
5,0,0,1,'0-1,2025-09-27,McMaster Marauders,Brock Badgers,,Sydney Stonehouse,Ryan Facchini,R,R,Fastball,Ball,,,0,1.278457526,0.372126469
5,0,1,1,'1-1,2025-09-27,McMaster Marauders,Brock Badgers,,Sydney Stonehouse,Ryan Facchini,R,R,Cutter,Swinging Strike,,,0,0.50080139,-0.306534753
5,0,1,2,'1-2,2025-09-27,McMaster Marauders,Brock Badgers,,Sydney Stonehouse,Ryan Facchini,R,R,Fastball,Strikeout Looking,,,0,-0.556013359,0.214298278
5,1,0,0,'0-0,2025-09-27,McMaster Marauders,Brock Badgers,,Anden Cooper,Ryan Facchini,R,R,Fastball,Ball,,,0,-0.655712864,1.129701786
5,1,1,0,'1-0,2025-09-27,McMaster Marauders,Brock Badgers,,Anden Cooper,Ryan Facchini,R,R,Changeup,Ball,,,0,-1.034570981,-0.267077705
5,1,2,0,'2-0,2025-09-27,McMaster Marauders,Brock Badgers,,Anden Cooper,Ryan Facchini,R,R,Cutter,Swinging Strike,,,0,0.600500894,0.253755326
5,1,2,1,'2-1,2025-09-27,McMaster Marauders,Brock Badgers,,Anden Cooper,Ryan Facchini,R,R,Cutter,Ball,,,0,-1.333669495,0.198515459
5,1,3,1,'3-1,2025-09-27,McMaster Marauders,Brock Badgers,,Anden Cooper,Ryan Facchini,R,R,Fastball,Called Strike,,,0,-0.556013359,0.308995192
5,1,3,2,'3-2,2025-09-27,McMaster Marauders,Brock Badgers,,Anden Cooper,Ryan Facchini,R,R,Fastball,Walk,,,0,0.7201403,-0.36177462
5,1,0,0,'0-0,2025-09-27,McMaster Marauders,Brock Badgers,,Declan Shannon,Ryan Facchini,R,R,Fastball,Called Strike,,,100,0.28146248,0.821936813
5,1,0,1,'0-1,2025-09-27,McMaster Marauders,Brock Badgers,,Declan Shannon,Ryan Facchini,R,R,Cutter,Ball,,,100,-0.256914845,1.192833062
5,1,1,1,'1-1,2025-09-27,McMaster Marauders,Brock Badgers,,Declan Shannon,Ryan Facchini,R,R,Fastball,Ball,,,100,1.457916634,-0.203946429
5,1,2,1,'2-1,2025-09-27,McMaster Marauders,Brock Badgers,,Declan Shannon,Ryan Facchini,R,R,Cutter,Ball,,,100,-0.57595326,-0.148706562
5,1,3,1,'3-1,2025-09-27,McMaster Marauders,Brock Badgers,,Declan Shannon,Ryan Facchini,R,R,Cutter,Called Strike,,,100,0.102003371,0.672000032
5,1,3,2,'3-2,2025-09-27,McMaster Marauders,Brock Badgers,,Declan Shannon,Ryan Facchini,R,R,Cutter,Strikeout Looking,,,100,-0.217035044,0.214298278
5,2,0,0,'0-0,2025-09-27,McMaster Marauders,Brock Badgers,,Eli Oughton,Ryan Facchini,R,R,Slider,Swinging Strike,,,100,0.7201403,-0.282860524
5,2,0,1,'0-1,2025-09-27,McMaster Marauders,Brock Badgers,,Eli Oughton,Ryan Facchini,R,R,Slider,Called Strike,,,100,0.460921588,0.798262585
5,2,0,2,'0-2,2025-09-27,McMaster Marauders,Brock Badgers,,Eli Oughton,Ryan Facchini,R,R,Cutter,Groundout,Ground Ball,Straightaway,100,-0.316734548,0.814045404
5,0,0,0,'0-0,2025-09-27,Brock Badgers,McMaster Marauders,,Nolan Phelan,Jaden Fonseca,R,R,Fastball,Swinging Strike,,,0,0.460921588,0.111709954
5,0,0,1,'0-1,2025-09-27,Brock Badgers,McMaster Marauders,,Nolan Phelan,Jaden Fonseca,R,R,Breaking Ball,Ball,,,0,1.697195445,-0.219729248
5,0,1,1,'1-1,2025-09-27,Brock Badgers,McMaster Marauders,,Nolan Phelan,Jaden Fonseca,R,R,Fastball,Foul,,,0,-0.436373954,0.569411708
5,0,1,2,'1-2,2025-09-27,Brock Badgers,McMaster Marauders,,Nolan Phelan,Jaden Fonseca,R,R,Breaking Ball,Ball,,,0,-0.615833062,1.106027557
5,0,2,2,'2-2,2025-09-27,Brock Badgers,McMaster Marauders,,Nolan Phelan,Jaden Fonseca,R,R,Breaking Ball,Strikeout Looking,,,0,-0.595893161,0.214298278
5,1,0,0,'0-0,2025-09-27,Brock Badgers,McMaster Marauders,,Brady Campbell,Jaden Fonseca,R,R,Fastball,Foul,,,0,0.640380696,0.956090776
5,1,0,1,'0-1,2025-09-27,Brock Badgers,McMaster Marauders,,Brady Campbell,Jaden Fonseca,R,R,Breaking Ball,Ball,,,0,0.760020102,-0.432797306
5,1,1,1,'1-1,2025-09-27,Brock Badgers,McMaster Marauders,,Brady Campbell,Jaden Fonseca,R,R,Breaking Ball,Ball,,,0,0.600500894,-0.298643343
5,1,2,1,'2-1,2025-09-27,Brock Badgers,McMaster Marauders,,Brady Campbell,Jaden Fonseca,R,R,Fastball,Swinging Strike,,,0,0.460921588,0.806153994
5,1,2,2,'2-2,2025-09-27,Brock Badgers,McMaster Marauders,,Brady Campbell,Jaden Fonseca,R,R,Breaking Ball,Single,Ground Ball,Straightaway,0,0.361222083,0.403692107
5,1,0,0,'0-0,2025-09-27,Brock Badgers,McMaster Marauders,,Liam Riley,Jaden Fonseca,R,R,Breaking Ball,Popout,Pop Up,Opposite Field,100,0.460921588,0.600977346
5,2,0,0,'0-0,2025-09-27,Brock Badgers,McMaster Marauders,1.24,Adam Geddes,Jaden Fonseca,L,R,Fastball,Ball,,,100,1.896594454,0.00123022
5,2,1,0,'1-0,2025-09-27,Brock Badgers,McMaster Marauders,,Adam Geddes,Jaden Fonseca,L,R,Fastball,Single,Ground Ball,Pull,100,-0.097395638,0.443149155
5,2,0,0,'0-0,2025-09-27,Brock Badgers,McMaster Marauders,,Gavin Taylor,Jaden Fonseca,R,R,Fastball,Ball,,,101,0.999298913,1.121810376
5,2,1,0,'1-0,2025-09-27,Brock Badgers,McMaster Marauders,,Gavin Taylor,Jaden Fonseca,R,R,Breaking Ball,Ball,,,101,1.457916634,0.758805537
5,2,2,0,'2-0,2025-09-27,Brock Badgers,McMaster Marauders,,Gavin Taylor,Jaden Fonseca,R,R,Fastball,Ball,,,101,-0.595893161,-0.322317572
5,2,3,0,'3-0,2025-09-27,Brock Badgers,McMaster Marauders,,Gavin Taylor,Jaden Fonseca,R,R,Fastball,Walk,,,101,1.557616139,0.222189687
5,2,0,0,'0-0,2025-09-27,Brock Badgers,McMaster Marauders,,Reid Lunney,Jaden Fonseca,L,R,Fastball,Flyout,Fly Ball,Straightaway,101,-0.276854746,0.695674261
6,0,0,0,'0-0,2025-09-27,McMaster Marauders,Brock Badgers,,Lucas Grant,Drew McArthur,R,R,Fastball,Foul,,,0,-0.556013359,0.190624049
6,0,0,1,'0-1,2025-09-27,McMaster Marauders,Brock Badgers,,Lucas Grant,Drew McArthur,R,R,Curveball,Ball,,,0,1.437976733,0.285320964
6,0,1,1,'1-1,2025-09-27,McMaster Marauders,Brock Badgers,,Lucas Grant,Drew McArthur,R,R,Fastball,Ball,,,0,0.062123569,1.248072929
6,0,2,1,'2-1,2025-09-27,McMaster Marauders,Brock Badgers,,Lucas Grant,Drew McArthur,R,R,Fastball,Ball,,,0,1.019238814,-0.330208981
6,0,3,1,'3-1,2025-09-27,McMaster Marauders,Brock Badgers,,Lucas Grant,Drew McArthur,R,R,Fastball,Called Strike,,,0,0.480861489,0.332669421
6,0,3,2,'3-2,2025-09-27,McMaster Marauders,Brock Badgers,,Lucas Grant,Drew McArthur,R,R,Fastball,Popout,Pop Up,Opposite Field,0,-0.13727544,0.364235059
6,1,0,0,'0-0,2025-09-27,McMaster Marauders,Brock Badgers,,Brandon McMurray,Drew McArthur,L,R,Curveball,Ball,,,0,1.637375742,-0.156597971
6,1,1,0,'1-0,2025-09-27,McMaster Marauders,Brock Badgers,,Brandon McMurray,Drew McArthur,L,R,Cutter,Ball,,,0,0.321342281,1.113918967
6,1,2,0,'2-0,2025-09-27,McMaster Marauders,Brock Badgers,,Brandon McMurray,Drew McArthur,L,R,Fastball,Called Strike,,,0,-0.516133557,0.395800698
6,1,2,1,'2-1,2025-09-27,McMaster Marauders,Brock Badgers,,Brandon McMurray,Drew McArthur,L,R,Cutter,Swinging Strike,,,0,0.241582678,0.908742318
6,1,2,2,'2-2,2025-09-27,McMaster Marauders,Brock Badgers,,Brandon McMurray,Drew McArthur,L,R,Fastball,Foul,,,0,0.480861489,0.553628889
6,1,2,2,'2-2,2025-09-27,McMaster Marauders,Brock Badgers,,Brandon McMurray,Drew McArthur,L,R,Cutter,Flyout,Fly Ball,Straightaway,0,-0.336674449,0.269538145
6,2,0,0,'0-0,2025-09-27,McMaster Marauders,Brock Badgers,,John Dykyj,Drew McArthur,R,R,Curveball,Called Strike,,,0,-0.13727544,0.261646735
6,2,0,1,'0-1,2025-09-27,McMaster Marauders,Brock Badgers,,John Dykyj,Drew McArthur,R,R,Cutter,Ball,,,0,2.155813166,-0.061901057
6,2,1,1,'1-1,2025-09-27,McMaster Marauders,Brock Badgers,,John Dykyj,Drew McArthur,R,R,Fastball,Double,Line Drive,Pull,0,-0.057515836,0.293212373
6,2,0,0,'0-0,2025-09-27,McMaster Marauders,Brock Badgers,,Edward (Hong Yu) Cheng,Drew McArthur,R,R,Fastball,Flyout,Fly Ball,Pull,0,-0.416434053,0.482606203
6,0,0,0,'0-0,2025-09-27,Brock Badgers,McMaster Marauders,,Cole Carpenter,Jaden Fonseca,R,R,Fastball,Called Strike,,,0,-0.256914845,0.743022718
6,0,0,1,'0-1,2025-09-27,Brock Badgers,McMaster Marauders,,Cole Carpenter,Jaden Fonseca,R,R,Breaking Ball,Ball,,,0,0.480861489,-0.322317572
6,0,1,1,'1-1,2025-09-27,Brock Badgers,McMaster Marauders,,Cole Carpenter,Jaden Fonseca,R,R,Fastball,Ball,,,0,-0.595893161,1.090244738
6,0,2,1,'2-1,2025-09-27,Brock Badgers,McMaster Marauders,,Cole Carpenter,Jaden Fonseca,R,R,Fastball,Ball,,,0,1.816834851,0.640434394
6,0,3,1,'3-1,2025-09-27,Brock Badgers,McMaster Marauders,,Cole Carpenter,Jaden Fonseca,R,R,Fastball,Single,Fly Ball,Pull,0,0.421041786,0.237972506
6,0,0,0,'0-0,2025-09-27,Brock Badgers,McMaster Marauders,,Jaden Leeder,Jaden Fonseca,R,R,Fastball,Error,Ground Ball,Pull,100,0.440981687,0.443149155
6,0,0,0,'0-0,2025-09-27,Brock Badgers,McMaster Marauders,,Flynn Matheson,Jaden Fonseca,R,R,Breaking Ball,Ball,,,110,1.677255544,0.237972506
6,0,1,0,'1-0,2025-09-27,Brock Badgers,McMaster Marauders,,Flynn Matheson,Jaden Fonseca,R,R,Fastball,Swinging Strike,,,110,0.560621092,0.127492773
6,0,1,1,'1-1,2025-09-27,Brock Badgers,McMaster Marauders,,Flynn Matheson,Jaden Fonseca,R,R,Breaking Ball,Ball,,,110,0.460921588,0.892959499
6,0,2,1,'2-1,2025-09-27,Brock Badgers,McMaster Marauders,,Flynn Matheson,Jaden Fonseca,R,R,Breaking Ball,Swinging Strike,,,110,0.620440795,0.411583517
6,0,2,2,'2-2,2025-09-27,Brock Badgers,McMaster Marauders,,Flynn Matheson,Jaden Fonseca,R,R,Breaking Ball,Ball,,,110,-1.273849793,0.458931974
6,0,3,2,'3-2,2025-09-27,Brock Badgers,McMaster Marauders,,Flynn Matheson,Jaden Fonseca,R,R,Breaking Ball,Strikeout Swinging,,,110,1.477856535,0.103818544
6,1,0,0,'0-0,2025-09-27,Brock Badgers,McMaster Marauders,,Nolan Phelan,Jaden Fonseca,R,R,Breaking Ball,Flyout,Fly Ball,Straightaway,110,-0.256914845,0.458931974
6,2,0,0,'0-0,2025-09-27,Brock Badgers,McMaster Marauders,,Brady Campbell,Jaden Fonseca,R,R,Breaking Ball,Ball,,,110,1.856714652,-0.117140923
6,2,1,0,'1-0,2025-09-27,Brock Badgers,McMaster Marauders,,Brady Campbell,Jaden Fonseca,R,R,Breaking Ball,Swinging Strike,,,110,0.50080139,0.340560831
6,2,1,1,'1-1,2025-09-27,Brock Badgers,McMaster Marauders,,Brady Campbell,Jaden Fonseca,R,R,Breaking Ball,Foul,,,110,-0.476253756,0.608868755
6,2,1,2,'1-2,2025-09-27,Brock Badgers,McMaster Marauders,,Brady Campbell,Jaden Fonseca,R,R,Breaking Ball,Flyout,Fly Ball,Straightaway,110,-0.157215341,0.127492773
7,0,0,0,'0-0,2025-09-27,McMaster Marauders,Brock Badgers,,Jeremy Kim,Dante Cifala,R,R,Slurve,Ball,,,0,1.358217129,-0.314426162
7,0,1,0,'1-0,2025-09-27,McMaster Marauders,Brock Badgers,,Jeremy Kim,Dante Cifala,R,R,Fastball,Called Strike,,,0,0.042183668,0.861393861
7,0,1,1,'1-1,2025-09-27,McMaster Marauders,Brock Badgers,,Jeremy Kim,Dante Cifala,R,R,Fastball,Called Strike,,,0,-0.276854746,0.451040564
7,0,1,2,'1-2,2025-09-27,McMaster Marauders,Brock Badgers,,Jeremy Kim,Dante Cifala,R,R,Slurve,Ball,,,0,-0.256914845,-0.188163609
7,0,2,2,'2-2,2025-09-27,McMaster Marauders,Brock Badgers,,Jeremy Kim,Dante Cifala,R,R,Fastball,Strikeout Looking,,,0,0.680260498,0.640434394
7,1,0,0,'0-0,2025-09-27,McMaster Marauders,Brock Badgers,,Sydney Stonehouse,Dante Cifala,R,R,Fastball,Triple,Fly Ball,Straightaway,0,0.361222083,0.443149155
7,1,0,0,'0-0,2025-09-27,McMaster Marauders,Brock Badgers,,Anden Cooper,Dante Cifala,L,R,Fastball,Flyout,Fly Ball,Straightaway,1,0.381161984,0.600977346
7,2,0,0,'0-0,2025-09-27,McMaster Marauders,Brock Badgers,,Declan Shannon,Dante Cifala,R,R,Slurve,Ball,,,1,0.760020102,1.121810376
7,2,1,0,'1-0,2025-09-27,McMaster Marauders,Brock Badgers,,Declan Shannon,Dante Cifala,R,R,Fastball,Swinging Strike,,,1,0.321342281,0.332669421
7,2,1,1,'1-1,2025-09-27,McMaster Marauders,Brock Badgers,,Declan Shannon,Dante Cifala,R,R,Fastball,Called Strike,,,1,0.700200399,0.419474926
7,2,1,2,'1-2,2025-09-27,McMaster Marauders,Brock Badgers,,Declan Shannon,Dante Cifala,R,R,Fastball,Foul,,,1,0.201702876,-0.109249514
7,2,1,2,'1-2,2025-09-27,McMaster Marauders,Brock Badgers,,Declan Shannon,Dante Cifala,R,R,Slurve,Groundout,Ground Ball,Straightaway,1,-0.217035044,0.308995192
1,0,0,0,'0-0,2025-10-03,Brock Badgers,McMaster Marauders,,Nolan Phelan,Jaden Fonseca,R,R,Fastball,Ball,,,0,1.298397427,0.814045404
1,0,1,0,'1-0,2025-10-03,Brock Badgers,McMaster Marauders,,Nolan Phelan,Jaden Fonseca,R,R,Fastball,Ball,,,0,0.540681192,1.192833062
1,0,2,0,'2-0,2025-10-03,Brock Badgers,McMaster Marauders,,Nolan Phelan,Jaden Fonseca,R,R,Fastball,Ball,,,0,1.757015148,0.332669421
1,0,3,0,'3-0,2025-10-03,Brock Badgers,McMaster Marauders,,Nolan Phelan,Jaden Fonseca,R,R,Fastball,Called Strike,,,0,-0.35661435,0.632542984
1,0,3,1,'3-1,2025-10-03,Brock Badgers,McMaster Marauders,,Nolan Phelan,Jaden Fonseca,R,R,Fastball,Foul,,,0,-0.316734548,0.324778012
1,0,3,2,'3-2,2025-10-03,Brock Badgers,McMaster Marauders,,Nolan Phelan,Jaden Fonseca,R,R,Fastball,Walk,,,0,-0.436373954,1.098136148
1,0,0,0,'0-0,2025-10-03,Brock Badgers,McMaster Marauders,0.94,Reid Lunney,Jaden Fonseca,L,R,Fastball,Ball,,,100,1.358217129,0.750914127
1,0,1,0,'1-0,2025-10-03,Brock Badgers,McMaster Marauders,,Reid Lunney,Jaden Fonseca,L,R,Fastball,Ball,,,100,0.640380696,-0.377557439
1,0,2,0,'2-0,2025-10-03,Brock Badgers,McMaster Marauders,,Reid Lunney,Jaden Fonseca,L,R,Breaking Ball,Ball,,,100,-0.815232071,1.145484605
1,0,3,0,'3-0,2025-10-03,Brock Badgers,McMaster Marauders,,Reid Lunney,Jaden Fonseca,L,R,Fastball,Walk,,,100,1.218637823,0.672000032
1,0,0,0,'0-0,2025-10-03,Brock Badgers,McMaster Marauders,,Cole Carpenter,Jaden Fonseca,R,R,Breaking Ball,Ball,,,110,0.819839804,-0.53538563
1,0,1,0,'1-0,2025-10-03,Brock Badgers,McMaster Marauders,,Cole Carpenter,Jaden Fonseca,R,R,Fastball,Sacrifice Fly,Fly Ball,Pull,110,0.50080139,0.640434394
1,1,0,0,'0-0,2025-10-03,Brock Badgers,McMaster Marauders,,Jaden Leeder,Jaden Fonseca,R,R,Breaking Ball,Ball,,,10,1.497796436,0.35634365
1,1,1,0,'1-0,2025-10-03,Brock Badgers,McMaster Marauders,,Jaden Leeder,Jaden Fonseca,R,R,Breaking Ball,Called Strike,,,10,0.540681192,0.190624049
1,1,1,1,'1-1,2025-10-03,Brock Badgers,McMaster Marauders,,Jaden Leeder,Jaden Fonseca,R,R,Breaking Ball,Called Strike,,,10,0.401101885,0.387909288
1,1,1,2,'1-2,2025-10-03,Brock Badgers,McMaster Marauders,,Jaden Leeder,Jaden Fonseca,R,R,Breaking Ball,Strikeout Swinging,,,1,-0.217035044,-0.330208981
1,2,0,0,'0-0,2025-10-03,Brock Badgers,McMaster Marauders,,Flynn Matheson,Jaden Fonseca,R,R,Fastball,Single,Line Drive,Pull,1,-0.276854746,0.451040564
1,2,0,0,'0-0,2025-10-03,Brock Badgers,McMaster Marauders,,Brady Campbell,Jaden Fonseca,R,R,Breaking Ball,Ball,,,100,0.341282182,1.24018152
1,2,1,0,'1-0,2025-10-03,Brock Badgers,McMaster Marauders,,Brady Campbell,Jaden Fonseca,R,R,Fastball,Flyout,Fly Ball,Straightaway,100,0.580560993,0.814045404
1,0,0,0,'0-0,2025-10-03,McMaster Marauders,Brock Badgers,,John Dykyj,Drew McArthur,R,R,Fastball,Ball,,,0,-1.233969991,0.324778012
1,0,1,0,'1-0,2025-10-03,McMaster Marauders,Brock Badgers,,John Dykyj,Drew McArthur,R,R,Fastball,Ball,,,0,-0.316734548,1.184941653
1,0,2,0,'2-0,2025-10-03,McMaster Marauders,Brock Badgers,,John Dykyj,Drew McArthur,R,R,Fastball,Called Strike,,,0,0.50080139,0.35634365
1,0,2,1,'2-1,2025-10-03,McMaster Marauders,Brock Badgers,,John Dykyj,Drew McArthur,R,R,Fastball,Single,Ground Ball,Pull,0,-0.556013359,1.129701786
1,0,0,0,'0-0,2025-10-03,McMaster Marauders,Brock Badgers,,Justin White,Drew McArthur,R,R,Cutter,Ball,,,100,1.637375742,-0.227620657
1,0,1,0,'1-0,2025-10-03,McMaster Marauders,Brock Badgers,,Justin White,Drew McArthur,R,R,Fastball,Single,Line Drive,Pull,100,-0.276854746,0.435257745
1,0,0,0,'0-0,2025-10-03,McMaster Marauders,Brock Badgers,,Nicolas Velocci,Drew McArthur,R,R,Curveball,Called Strike,,,110,0.700200399,0.451040564
1,0,0,1,'0-1,2025-10-03,McMaster Marauders,Brock Badgers,,Nicolas Velocci,Drew McArthur,R,R,Fastball,Ball,,,110,0.401101885,-0.35388321
1,0,1,1,'1-1,2025-10-03,McMaster Marauders,Brock Badgers,,Nicolas Velocci,Drew McArthur,R,R,Fastball,Triple,Fly Ball,Opposite Field,110,0.440981687,0.829828223
1,0,0,0,'0-0,2025-10-03,McMaster Marauders,Brock Badgers,,Matt Underwood,Drew McArthur,L,R,Cutter,Called Strike,,,1,0.241582678,0.403692107
1,0,0,1,'0-1,2025-10-03,McMaster Marauders,Brock Badgers,,Matt Underwood,Drew McArthur,L,R,Curveball,Swinging Strike,,,1,0.680260498,0.380017878
1,0,0,2,'0-2,2025-10-03,McMaster Marauders,Brock Badgers,,Matt Underwood,Drew McArthur,L,R,Curveball,Foul,,,1,-0.13727544,1.082353329
1,0,0,2,'0-2,2025-10-03,McMaster Marauders,Brock Badgers,,Matt Underwood,Drew McArthur,L,R,Curveball,Strikeout Swinging,,,1,0.740080201,-0.1802722
1,1,0,0,'0-0,2025-10-03,McMaster Marauders,Brock Badgers,,Sydney Stonehouse,Drew McArthur,R,R,Cutter,Ball,,,1,1.15881812,-0.338100391
1,1,1,0,'1-0,2025-10-03,McMaster Marauders,Brock Badgers,,Sydney Stonehouse,Drew McArthur,R,R,Fastball,Foul,,,1,-0.635772963,0.837719632
1,1,1,1,'1-1,2025-10-03,McMaster Marauders,Brock Badgers,,Sydney Stonehouse,Drew McArthur,R,R,Curveball,Ball,,,1,1.338277228,-0.345991801
1,1,2,1,'2-1,2025-10-03,McMaster Marauders,Brock Badgers,,Sydney Stonehouse,Drew McArthur,R,R,Fastball,Swinging Strike,,,0,-0.236974945,0.35634365
1,1,2,2,'2-2,2025-10-03,McMaster Marauders,Brock Badgers,,Sydney Stonehouse,Drew McArthur,R,R,Fastball,Flyout,Fly Ball,Straightaway,0,0.341282182,0.758805537
1,2,0,0,'0-0,2025-10-03,McMaster Marauders,Brock Badgers,,Edward (Hong Yu) Cheng,Drew McArthur,R,R,Fastball,Ball,,,0,-0.894991675,1.129701786
1,2,1,0,'1-0,2025-10-03,McMaster Marauders,Brock Badgers,,Edward (Hong Yu) Cheng,Drew McArthur,R,R,Fastball,Called Strike,,,0,-0.516133557,0.269538145
1,2,1,1,'1-1,2025-10-03,McMaster Marauders,Brock Badgers,,Edward (Hong Yu) Cheng,Drew McArthur,R,R,Fastball,Ball,,,0,-0.13727544,-0.148706562
1,2,2,1,'2-1,2025-10-03,McMaster Marauders,Brock Badgers,,Edward (Hong Yu) Cheng,Drew McArthur,R,R,Fastball,Groundout,Ground Ball,Straightaway,0,0.660320597,0.616760165
2,0,0,0,'0-0,2025-10-03,Brock Badgers,McMaster Marauders,,Liam Riley,Jaden Fonseca,R,R,Breaking Ball,Foul,,,0,0.062123569,0.34845224
2,0,0,1,'0-1,2025-10-03,Brock Badgers,McMaster Marauders,,Liam Riley,Jaden Fonseca,R,R,Breaking Ball,Groundout,Ground Ball,Pull,0,-0.256914845,0.253755326
2,1,0,0,'0-0,2025-10-03,Brock Badgers,McMaster Marauders,,Adam Geddes,Jaden Fonseca,L,R,Fastball,Called Strike,,,0,0.28146248,0.18273264
2,1,0,1,'0-1,2025-10-03,Brock Badgers,McMaster Marauders,,Adam Geddes,Jaden Fonseca,L,R,Fastball,Ball,,,0,0.241582678,1.090244738
2,1,1,1,'1-1,2025-10-03,Brock Badgers,McMaster Marauders,,Adam Geddes,Jaden Fonseca,L,R,Breaking Ball,Called Strike,,,0,-0.316734548,0.419474926
2,1,1,2,'1-2,2025-10-03,Brock Badgers,McMaster Marauders,,Adam Geddes,Jaden Fonseca,L,R,Breaking Ball,Groundout,Ground Ball,Straightaway,0,-0.536073458,0.672000032
2,2,0,0,'0-0,2025-10-03,Brock Badgers,McMaster Marauders,,Brayden Sowrey,Jaden Fonseca,R,R,Fastball,Foul,,,0,-0.436373954,0.727239899
2,2,0,1,'0-1,2025-10-03,Brock Badgers,McMaster Marauders,,Brayden Sowrey,Jaden Fonseca,R,R,Breaking Ball,Called Strike,,,0,-0.476253756,0.35634365
2,2,0,2,'0-2,2025-10-03,Brock Badgers,McMaster Marauders,,Brayden Sowrey,Jaden Fonseca,R,R,Breaking Ball,Ball,,,0,-0.396494152,-0.314426162
2,2,1,2,'1-2,2025-10-03,Brock Badgers,McMaster Marauders,,Brayden Sowrey,Jaden Fonseca,R,R,Fastball,Foul,,,0,0.261522579,0.451040564
2,2,1,2,'1-2,2025-10-03,Brock Badgers,McMaster Marauders,,Brayden Sowrey,Jaden Fonseca,R,R,Fastball,Ball,,,0,1.278457526,0.214298278
2,2,2,2,'2-2,2025-10-03,Brock Badgers,McMaster Marauders,,Brayden Sowrey,Jaden Fonseca,R,R,Breaking Ball,Ball,,,0,-0.416434053,-0.369666029
2,2,3,2,'3-2,2025-10-03,Brock Badgers,McMaster Marauders,,Brayden Sowrey,Jaden Fonseca,R,R,Breaking Ball,Strikeout Swinging,,,0,1.358217129,-0.022444009
2,0,0,0,'0-0,2025-10-03,McMaster Marauders,Brock Badgers,,Anden Cooper,Drew McArthur,L,R,Cutter,Ball,,,0,-0.595893161,1.192833062
2,0,1,0,'1-0,2025-10-03,McMaster Marauders,Brock Badgers,,Anden Cooper,Drew McArthur,L,R,Fastball,Ball,,,0,-0.117335539,1.106027557
2,0,2,0,'2-0,2025-10-03,McMaster Marauders,Brock Badgers,,Anden Cooper,Drew McArthur,L,R,Fastball,Ball,,,0,-1.493188703,0.411583517
2,0,3,0,'3-0,2025-10-03,McMaster Marauders,Brock Badgers,,Anden Cooper,Drew McArthur,L,R,Fastball,Called Strike,,,0,0.201702876,0.585194527
2,0,3,1,'3-1,2025-10-03,McMaster Marauders,Brock Badgers,,Anden Cooper,Drew McArthur,L,R,Fastball,Walk,,,0,-1.692587712,0.585194527
2,0,0,0,'0-0,2025-10-03,McMaster Marauders,Brock Badgers,1.24,Brandon McMurray,Drew McArthur,L,R,Fastball,Ball,,,100,0.640380696,-0.290751934
2,0,1,0,'1-0,2025-10-03,McMaster Marauders,Brock Badgers,1.36,Brandon McMurray,Drew McArthur,L,R,Fastball,Called Strike,,,100,0.421041786,0.17484123
2,0,1,1,'1-1,2025-10-03,McMaster Marauders,Brock Badgers,1.2,Brandon McMurray,Drew McArthur,L,R,Fastball,Ball,,,100,0.999298913,-0.35388321
2,0,2,1,'2-1,2025-10-03,McMaster Marauders,Brock Badgers,,Brandon McMurray,Drew McArthur,L,R,Fastball,Ball,,,100,1.338277228,0.821936813
2,0,3,1,'3-1,2025-10-03,McMaster Marauders,Brock Badgers,,Brandon McMurray,Drew McArthur,L,R,Fastball,Swinging Strike,,,100,-0.35661435,0.569411708
2,0,3,2,'3-2,2025-10-03,McMaster Marauders,Brock Badgers,,Brandon McMurray,Drew McArthur,L,R,Fastball,Strikeout Looking,,,100,-0.835171972,0.561520298
2,1,0,0,'0-0,2025-10-03,McMaster Marauders,Brock Badgers,,Kayan Alazem,Drew McArthur,R,R,Fastball,Ball,,,100,-0.456313855,1.121810376
2,1,1,0,'1-0,2025-10-03,McMaster Marauders,Brock Badgers,,Kayan Alazem,Drew McArthur,R,R,Fastball,Single,Line Drive,Pull,100,0.600500894,0.411583517
2,1,0,0,'0-0,2025-10-03,McMaster Marauders,Brock Badgers,,John Dykyj,Drew McArthur,R,R,Fastball,Double,Fly Ball,Opposite Field,110,0.201702876,0.88506809
2,1,0,0,'0-0,2025-10-03,McMaster Marauders,Brock Badgers,,Justin White,Drew McArthur,R,R,Fastball,Called Strike,,,11,-0.35661435,0.372126469
2,1,0,1,'0-1,2025-10-03,McMaster Marauders,Brock Badgers,,Justin White,Drew McArthur,R,R,Cutter,Swinging Strike,,,11,0.760020102,0.364235059
2,1,0,2,'0-2,2025-10-03,McMaster Marauders,Brock Badgers,,Justin White,Drew McArthur,R,R,Curveball,Hit By Pitch,,,11,-1.453308901,1.042896281
2,1,0,0,'0-0,2025-10-03,McMaster Marauders,Brock Badgers,,Nicolas Velocci,Drew McArthur,R,R,Cutter,Double Play,Ground Ball,Straightaway,111,0.480861489,0.403692107
3,0,0,0,'0-0,2025-10-03,Brock Badgers,McMaster Marauders,,Nolan Phelan,Jaden Fonseca,R,R,Fastball,Swinging Strike,,,0,0.330005309,0.495462993
3,0,0,1,'0-1,2025-10-03,Brock Badgers,McMaster Marauders,,Nolan Phelan,Jaden Fonseca,R,R,Breaking Ball,Ball,,,0,1.97881854,-0.078452328
3,0,1,1,'1-1,2025-10-03,Brock Badgers,McMaster Marauders,,Nolan Phelan,Jaden Fonseca,R,R,Breaking Ball,Groundout,Ground Ball,Opposite Field,0,0.270409651,0.353949627
3,1,0,0,'0-0,2025-10-03,Brock Badgers,McMaster Marauders,,Reid Lunney,Jaden Fonseca,L,R,Breaking Ball,Single,Line Drive,Straightaway,0,0.210813992,0.448291871
3,1,0,0,'0-0,2025-10-03,Brock Badgers,McMaster Marauders,,Cole Carpenter,Jaden Fonseca,R,R,Breaking Ball,Single,Line Drive,Pull,100,0.548522726,0.393258895
3,1,0,0,'0-0,2025-10-03,Brock Badgers,McMaster Marauders,,Jaden Leeder,Jaden Fonseca,R,R,Breaking Ball,Double Play,Ground Ball,Pull,110,-0.24608606,0.094508454
3,0,0,0,'0-0,2025-10-03,McMaster Marauders,Brock Badgers,,Matt Underwood,Drew McArthur,L,R,Curveball,Ball,,,0,0.508792286,-0.219965694
3,0,1,0,'1-0,2025-10-03,McMaster Marauders,Brock Badgers,,Matt Underwood,Drew McArthur,L,R,Fastball,Groundout,Ground Ball,Pull,0,-0.643390453,0.652700068
3,1,0,0,'0-0,2025-10-03,McMaster Marauders,Brock Badgers,,Sydney Stonehouse,Drew McArthur,R,R,Cutter,Ball,,,0,1.621244586,0.015889917
3,1,1,0,'1-0,2025-10-03,McMaster Marauders,Brock Badgers,,Sydney Stonehouse,Drew McArthur,R,R,Fastball,Foul,,,0,0.449196627,0.739180459
3,1,1,1,'1-1,2025-10-03,McMaster Marauders,Brock Badgers,,Sydney Stonehouse,Drew McArthur,R,R,Fastball,Called Strike,,,0,0.349870529,0.42470631
3,1,1,2,'1-2,2025-10-03,McMaster Marauders,Brock Badgers,,Sydney Stonehouse,Drew McArthur,R,R,Cutter,Groundout,Ground Ball,Opposite Field,0,1.462322829,0.369673334
3,2,0,0,'0-0,2025-10-03,McMaster Marauders,Brock Badgers,,Edward (Hong Yu) Cheng,Drew McArthur,R,R,Curveball,Ball,,,0,1.621244586,0.196712552
3,2,1,0,'1-0,2025-10-03,McMaster Marauders,Brock Badgers,,Edward (Hong Yu) Cheng,Drew McArthur,R,R,Fastball,Called Strike,,,0,-0.007703425,0.841384557
3,2,1,1,'1-1,2025-10-03,McMaster Marauders,Brock Badgers,,Edward (Hong Yu) Cheng,Drew McArthur,R,R,Curveball,Popout,Pop Up,Straightaway,0,0.647848824,0.330364066
4,0,0,0,'0-0,2025-10-03,Brock Badgers,McMaster Marauders,,Flynn Matheson,Jaden Fonseca,R,R,Breaking Ball,Ball,,,0,-1.199616603,0.448291871
4,0,1,0,'1-0,2025-10-03,Brock Badgers,McMaster Marauders,,Flynn Matheson,Jaden Fonseca,R,R,Breaking Ball,Swinging Strike,,,0,1.521918488,-0.267136817
4,0,1,1,'1-1,2025-10-03,Brock Badgers,McMaster Marauders,,Flynn Matheson,Jaden Fonseca,R,R,Breaking Ball,Hit By Pitch,,,0,-1.914764511,0.550495969
4,0,0,0,'0-0,2025-10-03,Brock Badgers,McMaster Marauders,,Brady Campbell,Jaden Fonseca,R,R,Breaking Ball,Ball,,,100,0.29027487,1.108687583
4,0,1,0,'1-0,2025-10-03,Brock Badgers,McMaster Marauders,,Brady Campbell,Jaden Fonseca,R,R,Fastball,Ball,,,100,0.965692338,1.132273144
4,0,2,0,'2-0,2025-10-03,Brock Badgers,McMaster Marauders,,,,,,,Additional Out,,,,,
4,1,0,0,'0-0,2025-10-03,Brock Badgers,McMaster Marauders,,Brady Campbell,Jaden Fonseca,R,R,Fastball,Foul,,,10,-0.702986112,0.369673334
4,1,0,1,'0-1,2025-10-03,Brock Badgers,McMaster Marauders,,Brady Campbell,Jaden Fonseca,R,R,Breaking Ball,Flyout,Fly Ball,Straightaway,10,0.508792286,0.566219677
4,2,0,0,'0-0,2025-10-03,Brock Badgers,McMaster Marauders,,Liam Riley,Jaden Fonseca,R,R,Breaking Ball,Single,Ground Ball,Pull,10,0.171083552,0.110232162
4,2,0,0,'0-0,2025-10-03,Brock Badgers,McMaster Marauders,,Adam Geddes,Jaden Fonseca,L,R,Fastball,Called Strike,,,101,0.389600968,0.220298114
4,2,0,1,'0-1,2025-10-03,Brock Badgers,McMaster Marauders,,Adam Geddes,Jaden Fonseca,L,R,Fastball,Ball,,,10,-1.437999239,0.817798996
4,2,1,1,'1-1,2025-10-03,Brock Badgers,McMaster Marauders,,Adam Geddes,Jaden Fonseca,L,R,Breaking Ball,Ball,,,10,1.382861951,0.338225919
4,2,2,1,'2-1,2025-10-03,Brock Badgers,McMaster Marauders,,Adam Geddes,Jaden Fonseca,L,R,Fastball,Flyout,Fly Ball,Straightaway,10,-0.544064355,0.180988845
4,0,0,0,'0-0,2025-10-03,McMaster Marauders,Brock Badgers,,Anden Cooper,Drew McArthur,L,R,Cutter,Ball,,,0,0.488927067,-0.204241987
4,0,1,0,'1-0,2025-10-03,McMaster Marauders,Brock Badgers,,Anden Cooper,Drew McArthur,L,R,Fastball,Called Strike,,,0,-0.226220841,0.291054797
4,0,1,1,'1-1,2025-10-03,McMaster Marauders,Brock Badgers,,Anden Cooper,Drew McArthur,L,R,Fastball,Swinging Strike,,,0,-0.166625182,0.927864948
4,0,1,2,'1-2,2025-10-03,McMaster Marauders,Brock Badgers,,Anden Cooper,Drew McArthur,L,R,Fastball,Ball,,,0,-1.716112314,0.692009336
4,0,2,2,'2-2,2025-10-03,McMaster Marauders,Brock Badgers,,Anden Cooper,Drew McArthur,L,R,Fastball,Strikeout Swinging,,,0,-0.444738257,0.21243626
4,1,0,0,'0-0,2025-10-03,McMaster Marauders,Brock Badgers,,Brandon McMurray,Drew McArthur,L,R,Fastball,Foul,,,0,-0.365277378,0.644838214
4,1,0,1,'0-1,2025-10-03,McMaster Marauders,Brock Badgers,,Brandon McMurray,Drew McArthur,L,R,Cutter,Called Strike,,,0,-0.345412159,0.581943384
4,1,0,2,'0-2,2025-10-03,McMaster Marauders,Brock Badgers,,Brandon McMurray,Drew McArthur,L,R,Curveball,Ball,,,0,0.528657506,-0.424373891
4,1,1,2,'1-2,2025-10-03,McMaster Marauders,Brock Badgers,,Brandon McMurray,Drew McArthur,L,R,Fastball,Groundout,Ground Ball,Pull,0,-0.305681719,0.228159967
4,2,0,0,'0-0,2025-10-03,McMaster Marauders,Brock Badgers,,Kayan Alazem,Drew McArthur,R,R,Fastball,Called Strike,,,0,0.548522726,0.369673334
4,2,0,1,'0-1,2025-10-03,McMaster Marauders,Brock Badgers,,Kayan Alazem,Drew McArthur,R,R,Cutter,Ball,,,0,1.621244586,-0.031281205
4,2,1,1,'1-1,2025-10-03,McMaster Marauders,Brock Badgers,,Kayan Alazem,Drew McArthur,R,R,Fastball,Groundout,Ground Ball,Pull,0,0.508792286,0.180988845
5,0,0,0,'0-0,2025-10-03,Brock Badgers,McMaster Marauders,,Nate Parsons,Jaden Fonseca,L,R,Fastball,Error,Ground Ball,Straightaway,0,-0.595893161,0.35634365
5,0,0,0,'0-0,2025-10-03,Brock Badgers,McMaster Marauders,,Nolan Phelan,Jaden Fonseca,R,R,Breaking Ball,Groundout,Ground Ball,Pull,100,0.261522579,0.482606203
5,1,0,0,'0-0,2025-10-03,Brock Badgers,McMaster Marauders,,Reid Lunney,Jaden Fonseca,L,R,Breaking Ball,Ball,,,10,-1.433369,0.411583517
5,1,1,0,'1-0,2025-10-03,Brock Badgers,McMaster Marauders,,Reid Lunney,Jaden Fonseca,L,R,Breaking Ball,Called Strike,,,10,-0.615833062,0.845611042
5,1,1,1,'1-1,2025-10-03,Brock Badgers,McMaster Marauders,,Reid Lunney,Jaden Fonseca,L,R,Breaking Ball,Foul,,,10,0.30140238,0.285320964
5,1,1,2,'1-2,2025-10-03,Brock Badgers,McMaster Marauders,,Reid Lunney,Jaden Fonseca,L,R,Breaking Ball,Ball,,,10,-1.373549297,0.829828223
5,1,2,2,'2-2,2025-10-03,Brock Badgers,McMaster Marauders,,Reid Lunney,Jaden Fonseca,L,R,Fastball,Ball,,,10,1.258517625,-0.282860524
5,1,3,2,'3-2,2025-10-03,Brock Badgers,McMaster Marauders,,Reid Lunney,Jaden Fonseca,L,R,Breaking Ball,Groundout,Ground Ball,Straightaway,10,-0.536073458,0.616760165
5,2,0,0,'0-0,2025-10-03,Brock Badgers,McMaster Marauders,,Cole Carpenter,Jaden Fonseca,R,R,Breaking Ball,Ball,,,1,1.338277228,0.632542984
5,2,1,0,'1-0,2025-10-03,Brock Badgers,McMaster Marauders,,Cole Carpenter,Jaden Fonseca,R,R,Breaking Ball,Ball,,,1,1.358217129,0.253755326
5,2,2,0,'2-0,2025-10-03,Brock Badgers,McMaster Marauders,,Cole Carpenter,Jaden Fonseca,R,R,Fastball,Single,Ground Ball,Straightaway,1,0.660320597,0.608868755
5,2,0,0,'0-0,2025-10-03,Brock Badgers,McMaster Marauders,,Jaden Leeder,Jaden Fonseca,R,R,Breaking Ball,Ball,,,100,1.717135346,-0.251294886
5,2,1,0,'1-0,2025-10-03,Brock Badgers,McMaster Marauders,,Jaden Leeder,Jaden Fonseca,R,R,Breaking Ball,Foul,,,100,0.440981687,0.403692107
5,2,1,1,'1-1,2025-10-03,Brock Badgers,McMaster Marauders,,Jaden Leeder,Jaden Fonseca,R,R,Breaking Ball,Flyout,Fly Ball,Opposite Field,100,0.480861489,0.332669421
5,0,0,0,'0-0,2025-10-03,McMaster Marauders,Brock Badgers,,John Dykyj,Drew McArthur,R,R,Fastball,Called Strike,,,0,0.640380696,0.261646735
5,0,0,1,'0-1,2025-10-03,McMaster Marauders,Brock Badgers,,John Dykyj,Drew McArthur,R,R,Curveball,Ball,,,0,-0.595893161,1.121810376
5,0,1,1,'1-1,2025-10-03,McMaster Marauders,Brock Badgers,,John Dykyj,Drew McArthur,R,R,Cutter,Ball,,,0,1.916534355,0.095927134
5,0,2,1,'2-1,2025-10-03,McMaster Marauders,Brock Badgers,,John Dykyj,Drew McArthur,R,R,Fastball,Flyout,Fly Ball,Straightaway,0,0.401101885,0.143275592
5,1,0,0,'0-0,2025-10-03,McMaster Marauders,Brock Badgers,,Justin White,Drew McArthur,R,R,Cutter,Called Strike,,,0,-0.117335539,0.814045404
5,1,0,1,'0-1,2025-10-03,McMaster Marauders,Brock Badgers,,Justin White,Drew McArthur,R,R,Curveball,Called Strike,,,0,0.30140238,0.735131308
5,1,0,2,'0-2,2025-10-03,McMaster Marauders,Brock Badgers,,Justin White,Drew McArthur,R,R,Cutter,Ball,,,0,0.999298913,-0.345991801
5,1,1,2,'1-2,2025-10-03,McMaster Marauders,Brock Badgers,,Justin White,Drew McArthur,R,R,Fastball,Ball,,,0,-1.293789693,0.269538145
5,1,2,2,'2-2,2025-10-03,McMaster Marauders,Brock Badgers,,Justin White,Drew McArthur,R,R,Fastball,Popout,Pop Up,Straightaway,0,0.480861489,0.577303117
5,2,0,0,'0-0,2025-10-03,McMaster Marauders,Brock Badgers,,Nicolas Velocci,Drew McArthur,R,R,Fastball,Called Strike,,,0,0.141883173,0.380017878
5,2,0,1,'0-1,2025-10-03,McMaster Marauders,Brock Badgers,,Nicolas Velocci,Drew McArthur,R,R,Cutter,Swinging Strike,,,0,0.580560993,0.908742318
5,2,0,2,'0-2,2025-10-03,McMaster Marauders,Brock Badgers,,Nicolas Velocci,Drew McArthur,R,R,Fastball,Double,Fly Ball,Opposite Field,0,0.181762975,0.143275592
5,2,0,0,'0-0,2025-10-03,McMaster Marauders,Brock Badgers,,Matt Underwood,Drew McArthur,L,R,Fastball,Called Strike,,,10,-0.276854746,0.387909288
5,2,0,1,'0-1,2025-10-03,McMaster Marauders,Brock Badgers,,Matt Underwood,Drew McArthur,L,R,Curveball,Swinging Strike,,,10,0.002303867,-0.140815152
5,2,0,2,'0-2,2025-10-03,McMaster Marauders,Brock Badgers,,Matt Underwood,Drew McArthur,L,R,Curveball,Foul,,,10,0.480861489,0.245863916
5,2,0,2,'0-2,2025-10-03,McMaster Marauders,Brock Badgers,,Matt Underwood,Drew McArthur,L,R,Fastball,Flyout,Fly Ball,Pull,10,0.381161984,0.664108622
6,0,0,0,'0-0,2025-10-03,Brock Badgers,McMaster Marauders,,Flynn Matheson,Jaden Fonseca,R,R,Breaking Ball,Swinging Strike,,,0,-0.416434053,0.451040564
6,0,0,1,'0-1,2025-10-03,Brock Badgers,McMaster Marauders,,Flynn Matheson,Jaden Fonseca,R,R,Breaking Ball,Groundout,Ground Ball,Pull,0,-0.236974945,0.143275592
6,1,0,0,'0-0,2025-10-03,Brock Badgers,McMaster Marauders,,Brady Campbell,Jaden Fonseca,R,R,Breaking Ball,Called Strike,,,0,-0.396494152,0.806153994
6,1,0,1,'0-1,2025-10-03,Brock Badgers,McMaster Marauders,,Brady Campbell,Jaden Fonseca,R,R,Breaking Ball,Ball,,,0,0.460921588,-0.448580125
6,1,1,1,'1-1,2025-10-03,Brock Badgers,McMaster Marauders,,Brady Campbell,Jaden Fonseca,R,R,Breaking Ball,Flyout,Fly Ball,Opposite Field,0,0.261522579,0.853502452
6,2,0,0,'0-0,2025-10-03,Brock Badgers,McMaster Marauders,,Liam Riley,Jaden Fonseca,R,R,Breaking Ball,Ball,,,0,-0.236974945,1.248072929
6,2,1,0,'1-0,2025-10-03,Brock Badgers,McMaster Marauders,,Liam Riley,Jaden Fonseca,R,R,Fastball,Double,Fly Ball,Straightaway,0,0.341282182,0.364235059
6,2,0,0,'0-0,2025-10-03,Brock Badgers,McMaster Marauders,,Adam Geddes,Jaden Fonseca,L,R,Breaking Ball,Foul,,,10,-0.57595326,0.656217213
6,2,0,1,'0-1,2025-10-03,Brock Badgers,McMaster Marauders,,Adam Geddes,Jaden Fonseca,L,R,Fastball,Ball,,,10,1.477856535,0.608868755
6,2,1,1,'1-1,2025-10-03,Brock Badgers,McMaster Marauders,,Adam Geddes,Jaden Fonseca,L,R,Fastball,Foul,,,10,0.341282182,0.545737479
6,2,1,2,'1-2,2025-10-03,Brock Badgers,McMaster Marauders,,Adam Geddes,Jaden Fonseca,L,R,Breaking Ball,Ball,,,10,-1.533068505,0.380017878
6,2,2,2,'2-2,2025-10-03,Brock Badgers,McMaster Marauders,,Adam Geddes,Jaden Fonseca,L,R,Breaking Ball,Ball,,,10,-1.453308901,1.263855748
6,2,3,2,'3-2,2025-10-03,Brock Badgers,McMaster Marauders,,Adam Geddes,Jaden Fonseca,L,R,Breaking Ball,Walk,,,10,-1.473248802,1.082353329
6,2,0,0,'0-0,2025-10-03,Brock Badgers,McMaster Marauders,,Nate Parsons,Jaden Fonseca,L,R,Fastball,Called Strike,,,101,-0.436373954,0.364235059
6,2,0,1,'0-1,2025-10-03,Brock Badgers,McMaster Marauders,,Nate Parsons,Jaden Fonseca,L,R,Fastball,Foul,,,10,-0.416434053,0.814045404
6,2,0,2,'0-2,2025-10-03,Brock Badgers,McMaster Marauders,,Nate Parsons,Jaden Fonseca,L,R,Fastball,Strikeout Swinging,,,10,0.161823074,0.806153994
6,0,0,0,'0-0,2025-10-03,McMaster Marauders,Brock Badgers,,Sydney Stonehouse,Drew McArthur,R,R,Fastball,Called Strike,,,0,1.298397427,0.285320964
6,0,0,1,'0-1,2025-10-03,McMaster Marauders,Brock Badgers,,Sydney Stonehouse,Drew McArthur,R,R,Cutter,Swinging Strike,,,0,1.178758021,-0.314426162
6,0,0,2,'0-2,2025-10-03,McMaster Marauders,Brock Badgers,,Sydney Stonehouse,Drew McArthur,R,R,Fastball,Ball,,,0,1.776955049,-0.132923743
6,0,1,2,'1-2,2025-10-03,McMaster Marauders,Brock Badgers,,Sydney Stonehouse,Drew McArthur,R,R,Cutter,Strikeout Swinging,,,0,0.440981687,-0.306534753
6,1,0,0,'0-0,2025-10-03,McMaster Marauders,Brock Badgers,,Edward (Hong Yu) Cheng,Drew McArthur,R,R,Fastball,Ball,,,0,-0.79529217,0.790371175
6,1,1,0,'1-0,2025-10-03,McMaster Marauders,Brock Badgers,,Edward (Hong Yu) Cheng,Drew McArthur,R,R,Cutter,Called Strike,,,0,0.30140238,0.482606203
6,1,1,1,'1-1,2025-10-03,McMaster Marauders,Brock Badgers,,Edward (Hong Yu) Cheng,Drew McArthur,R,R,Curveball,Ball,,,0,0.93947921,0.18273264
6,1,2,1,'2-1,2025-10-03,McMaster Marauders,Brock Badgers,,Edward (Hong Yu) Cheng,Drew McArthur,R,R,Fastball,Ball,,,0,-0.496193657,1.177050243
6,1,3,1,'3-1,2025-10-03,McMaster Marauders,Brock Badgers,,Edward (Hong Yu) Cheng,Drew McArthur,R,R,Fastball,Called Strike,,,0,0.401101885,0.261646735
6,1,3,2,'3-2,2025-10-03,McMaster Marauders,Brock Badgers,,Edward (Hong Yu) Cheng,Drew McArthur,R,R,Fastball,Error,Ground Ball,Straightaway,0,0.700200399,0.080144315
6,1,0,0,'0-0,2025-10-03,McMaster Marauders,Brock Badgers,,Anden Cooper,Drew McArthur,L,R,Fastball,Popout,Pop Up,Straightaway,100,-0.416434053,0.253755326
6,2,0,0,'0-0,2025-10-03,McMaster Marauders,Brock Badgers,,Brandon McMurray,Drew McArthur,L,R,Fastball,Called Strike,,,100,0.181762975,0.190624049
6,2,0,1,'0-1,2025-10-03,McMaster Marauders,Brock Badgers,,Brandon McMurray,Drew McArthur,L,R,Fastball,Ball,,,100,-1.433369,-0.188163609
6,2,1,1,'1-1,2025-10-03,McMaster Marauders,Brock Badgers,,Brandon McMurray,Drew McArthur,L,R,Fastball,Ball,,,100,0.102003371,-0.401231667
6,2,2,1,'2-1,2025-10-03,McMaster Marauders,Brock Badgers,,Brandon McMurray,Drew McArthur,L,R,Fastball,Hit By Pitch,,,100,1.737075247,0.17484123
6,2,0,0,'0-0,2025-10-03,McMaster Marauders,Brock Badgers,,Kayan Alazem,Drew McArthur,R,R,Fastball,Ball,,,110,-1.233969991,0.253755326
6,2,1,0,'1-0,2025-10-03,McMaster Marauders,Brock Badgers,,Kayan Alazem,Drew McArthur,R,R,Fastball,Called Strike,,,110,1.218637823,0.419474926
6,2,1,1,'1-1,2025-10-03,McMaster Marauders,Brock Badgers,,Kayan Alazem,Drew McArthur,R,R,Fastball,Ball,,,110,1.517736337,-0.235512067
6,2,2,1,'2-1,2025-10-03,McMaster Marauders,Brock Badgers,,Kayan Alazem,Drew McArthur,R,R,Fastball,Hit By Pitch,,,110,-1.513128604,0.908742318
6,2,0,0,'0-0,2025-10-03,McMaster Marauders,Brock Badgers,,John Dykyj,Drew McArthur,R,R,Fastball,Ball,,,111,1.258517625,-0.164489381
6,2,1,0,'1-0,2025-10-03,McMaster Marauders,Brock Badgers,,John Dykyj,Drew McArthur,R,R,Fastball,Called Strike,,,111,-0.256914845,0.727239899
6,2,1,1,'1-1,2025-10-03,McMaster Marauders,Brock Badgers,,John Dykyj,Drew McArthur,R,R,Cutter,Ball,,,111,-2.011626127,0.853502452
6,2,2,1,'2-1,2025-10-03,McMaster Marauders,Brock Badgers,,John Dykyj,Drew McArthur,R,R,Cutter,Groundout,Ground Ball,Straightaway,111,0.022243767,0.103818544
7,0,0,0,'0-0,2025-10-03,Brock Badgers,McMaster Marauders,,Nolan Phelan,Neal (Amar) Bhattacharya,R,R,Fastball,Ball,,,0,1.37815703,-0.282860524
7,0,1,0,'1-0,2025-10-03,Brock Badgers,McMaster Marauders,,Nolan Phelan,Neal (Amar) Bhattacharya,R,R,Fastball,Ball,,,0,-0.316734548,1.177050243
7,0,2,0,'2-0,2025-10-03,Brock Badgers,McMaster Marauders,,Nolan Phelan,Neal (Amar) Bhattacharya,R,R,Fastball,Called Strike,,,0,0.520741291,0.245863916
7,0,2,1,'2-1,2025-10-03,Brock Badgers,McMaster Marauders,,Nolan Phelan,Neal (Amar) Bhattacharya,R,R,Fastball,Hit By Pitch,,,0,-1.553008405,0.750914127
7,0,0,0,'0-0,2025-10-03,Brock Badgers,McMaster Marauders,,Reid Lunney,Neal (Amar) Bhattacharya,L,R,Fastball,Called Strike,,,100,0.460921588,0.127492773
7,0,0,1,'0-1,2025-10-03,Brock Badgers,McMaster Marauders,,Reid Lunney,Neal (Amar) Bhattacharya,L,R,,Pickoff,,,100,,
7,1,0,1,'0-1,2025-10-03,Brock Badgers,McMaster Marauders,,Reid Lunney,Neal (Amar) Bhattacharya,L,R,Breaking Ball,Ball,,,0,1.457916634,0.34845224
7,1,1,1,'1-1,2025-10-03,Brock Badgers,McMaster Marauders,,Reid Lunney,Neal (Amar) Bhattacharya,L,R,Fastball,Foul,,,0,0.480861489,0.435257745
7,1,1,2,'1-2,2025-10-03,Brock Badgers,McMaster Marauders,,Reid Lunney,Neal (Amar) Bhattacharya,L,R,Fastball,Home Run,Fly Ball,Pull,0,0.381161984,0.34845224
7,1,0,0,'0-0,2025-10-03,Brock Badgers,McMaster Marauders,,Cole Carpenter,Neal (Amar) Bhattacharya,R,R,Breaking Ball,Ball,,,0,-0.396494152,-0.227620657
7,1,1,0,'1-0,2025-10-03,Brock Badgers,McMaster Marauders,,Cole Carpenter,Neal (Amar) Bhattacharya,R,R,Fastball,Ball,,,0,1.697195445,0.672000032
7,1,2,0,'2-0,2025-10-03,Brock Badgers,McMaster Marauders,,Cole Carpenter,Neal (Amar) Bhattacharya,R,R,Fastball,Ball,,,0,0.859719606,-0.290751934
7,1,3,0,'3-0,2025-10-03,Brock Badgers,McMaster Marauders,,Cole Carpenter,Neal (Amar) Bhattacharya,R,R,Fastball,Called Strike,,,0,0.401101885,0.490497612
7,1,3,1,'3-1,2025-10-03,Brock Badgers,McMaster Marauders,,Cole Carpenter,Neal (Amar) Bhattacharya,R,R,Fastball,Walk,,,0,-1.353609396,0.261646735
7,1,0,0,'0-0,2025-10-03,Brock Badgers,McMaster Marauders,,Jaden Leeder,Neal (Amar) Bhattacharya,R,R,Breaking Ball,Ball,,,100,0.700200399,-0.401231667
7,1,1,0,'1-0,2025-10-03,Brock Badgers,McMaster Marauders,,Jaden Leeder,Neal (Amar) Bhattacharya,R,R,Breaking Ball,Swinging Strike,,,100,0.999298913,-0.211837838
7,1,1,1,'1-1,2025-10-03,Brock Badgers,McMaster Marauders,,Jaden Leeder,Neal (Amar) Bhattacharya,R,R,Fastball,Foul,,,100,-0.157215341,0.806153994
7,1,1,2,'1-2,2025-10-03,Brock Badgers,McMaster Marauders,,Jaden Leeder,Neal (Amar) Bhattacharya,R,R,Breaking Ball,Ball,,,100,-0.336674449,1.074461919
7,1,2,2,'2-2,2025-10-03,Brock Badgers,McMaster Marauders,,Jaden Leeder,Neal (Amar) Bhattacharya,R,R,Breaking Ball,Lineout,Line Drive,Opposite Field,100,0.7201403,0.166949821
7,2,0,0,'0-0,2025-10-03,Brock Badgers,McMaster Marauders,,Flynn Matheson,Neal (Amar) Bhattacharya,R,R,Breaking Ball,Swinging Strike,,,100,-0.496193657,-0.140815152
7,2,0,1,'0-1,2025-10-03,Brock Badgers,McMaster Marauders,,Flynn Matheson,Neal (Amar) Bhattacharya,R,R,Fastball,Ball,,,100,0.7201403,-0.282860524
7,2,1,1,'1-1,2025-10-03,Brock Badgers,McMaster Marauders,,Flynn Matheson,Neal (Amar) Bhattacharya,R,R,Fastball,Ball,,,100,-0.57595326,1.090244738
7,2,2,1,'2-1,2025-10-03,Brock Badgers,McMaster Marauders,,Flynn Matheson,Neal (Amar) Bhattacharya,R,R,Fastball,Groundout,Ground Ball,Straightaway,100,0.740080201,0.324778012
7,0,0,0,'0-0,2025-10-03,McMaster Marauders,Brock Badgers,,Justin White,Drew McArthur,R,R,Fastball,Ball,,,0,-1.293789693,0.837719632
7,0,1,0,'1-0,2025-10-03,McMaster Marauders,Brock Badgers,,Justin White,Drew McArthur,R,R,Fastball,Called Strike,,,0,0.879659507,0.750914127
7,0,1,1,'1-1,2025-10-03,McMaster Marauders,Brock Badgers,,Justin White,Drew McArthur,R,R,Cutter,Ball,,,0,1.537676238,-0.314426162
7,0,2,1,'2-1,2025-10-03,McMaster Marauders,Brock Badgers,,Justin White,Drew McArthur,R,R,Fastball,Popout,Pop Up,Straightaway,0,0.241582678,0.806153994
7,1,0,0,'0-0,2025-10-03,McMaster Marauders,Brock Badgers,,Nicolas Velocci,Drew McArthur,R,R,Curveball,Ball,,,0,1.238577724,-0.282860524
7,1,1,0,'1-0,2025-10-03,McMaster Marauders,Brock Badgers,,Nicolas Velocci,Drew McArthur,R,R,Fastball,Popout,Pop Up,Opposite Field,0,0.361222083,0.17484123
7,2,0,0,'0-0,2025-10-03,McMaster Marauders,Brock Badgers,,Matt Underwood,Drew McArthur,L,R,Fastball,Ball,,,0,-1.233969991,-0.235512067
7,2,1,0,'1-0,2025-10-03,McMaster Marauders,Brock Badgers,,Matt Underwood,Drew McArthur,L,R,Fastball,Called Strike,,,0,-0.615833062,0.380017878
7,2,1,1,'1-1,2025-10-03,McMaster Marauders,Brock Badgers,,Matt Underwood,Drew McArthur,L,R,Cutter,Foul,,,0,-0.755412369,0.52206325
7,2,1,2,'1-2,2025-10-03,McMaster Marauders,Brock Badgers,,Matt Underwood,Drew McArthur,L,R,Curveball,Ball,,,0,-1.553008405,0.861393861
7,2,2,2,'2-2,2025-10-03,McMaster Marauders,Brock Badgers,,Matt Underwood,Drew McArthur,L,R,Fastball,Ball,,,0,-0.556013359,-0.290751934
7,2,3,2,'3-2,2025-10-03,McMaster Marauders,Brock Badgers,,Matt Underwood,Drew McArthur,L,R,Fastball,Hit By Pitch,,,0,1.717135346,-0.014552599
7,2,0,0,'0-0,2025-10-03,McMaster Marauders,Brock Badgers,,Sydney Stonehouse,Drew McArthur,R,R,Fastball,Ball,,,100,-1.87204682,0.956090776
7,2,1,0,'1-0,2025-10-03,McMaster Marauders,Brock Badgers,,Sydney Stonehouse,Drew McArthur,R,R,Fastball,Called Strike,,,100,-0.496193657,0.135384182
7,2,1,1,'1-1,2025-10-03,McMaster Marauders,Brock Badgers,,Sydney Stonehouse,Drew McArthur,R,R,Fastball,Flyout,Fly Ball,Straightaway,100,0.022243767,0.853502452
8,0,0,0,'0-0,2025-10-03,Brock Badgers,McMaster Marauders,,Brady Campbell,Sam McMillan,R,R,Breaking Ball,Called Strike,,,0,0.321342281,0.395800698
8,0,0,1,'0-1,2025-10-03,Brock Badgers,McMaster Marauders,,Brady Campbell,Sam McMillan,R,R,Fastball,Ball,,,0,-0.496193657,1.137593195
8,0,1,1,'1-1,2025-10-03,Brock Badgers,McMaster Marauders,,Brady Campbell,Sam McMillan,R,R,Fastball,Error,Ground Ball,Pull,0,0.28146248,0.261646735
8,0,0,0,'0-0,2025-10-03,Brock Badgers,McMaster Marauders,,Liam Riley,Sam McMillan,R,R,Fastball,Ball,,,10,-1.293789693,0.372126469
8,0,1,0,'1-0,2025-10-03,Brock Badgers,McMaster Marauders,,Liam Riley,Sam McMillan,R,R,Fastball,Single,Ground Ball,Opposite Field,10,-0.177155242,1.137593195
8,0,0,0,'0-0,2025-10-03,Brock Badgers,McMaster Marauders,,Adam Geddes,Sam McMillan,L,R,Fastball,Foul,,,101,-0.595893161,0.545737479
8,0,0,1,'0-1,2025-10-03,Brock Badgers,McMaster Marauders,,Adam Geddes,Sam McMillan,L,R,Fastball,Single,Line Drive,Straightaway,101,-0.536073458,0.719348489
8,0,0,0,'0-0,2025-10-03,Brock Badgers,McMaster Marauders,,Nate Parsons,Sam McMillan,L,R,Fastball,Popout,Pop Up,Pull,110,0.121943272,0.853502452
8,1,0,0,'0-0,2025-10-03,Brock Badgers,McMaster Marauders,,Nolan Phelan,Sam McMillan,R,R,Breaking Ball,Swinging Strike,,,110,0.779960003,0.111709954
8,1,0,1,'0-1,2025-10-03,Brock Badgers,McMaster Marauders,,Nolan Phelan,Sam McMillan,R,R,Fastball,Ball,,,110,-1.473248802,-0.125032333
8,1,1,1,'1-1,2025-10-03,Brock Badgers,McMaster Marauders,,Nolan Phelan,Sam McMillan,R,R,Fastball,Ball,,,110,-1.21403009,0.230081097
8,1,2,1,'2-1,2025-10-03,Brock Badgers,McMaster Marauders,,Nolan Phelan,Sam McMillan,R,R,Breaking Ball,Double Play,Fly Ball,Straightaway,10,0.540681192,0.395800698
8,0,0,0,'0-0,2025-10-03,McMaster Marauders,Brock Badgers,,Edward (Hong Yu) Cheng,Dante Cifala,R,R,Fastball,Called Strike,,,0,0.381161984,0.324778012
8,0,0,1,'0-1,2025-10-03,McMaster Marauders,Brock Badgers,,Edward (Hong Yu) Cheng,Dante Cifala,R,R,Slurve,Called Strike,,,0,-0.296794647,0.190624049
8,0,0,2,'0-2,2025-10-03,McMaster Marauders,Brock Badgers,,Edward (Hong Yu) Cheng,Dante Cifala,R,R,Fastball,Foul,,,0,0.121943272,1.113918967
8,0,0,2,'0-2,2025-10-03,McMaster Marauders,Brock Badgers,,Edward (Hong Yu) Cheng,Dante Cifala,R,R,Slurve,Groundout,Ground Ball,Pull,0,-0.536073458,0.545737479
8,1,0,0,'0-0,2025-10-03,McMaster Marauders,Brock Badgers,,Anden Cooper,Dante Cifala,L,R,Fastball,Ball,,,0,-0.536073458,-0.17238079
8,1,1,0,'1-0,2025-10-03,McMaster Marauders,Brock Badgers,,Anden Cooper,Dante Cifala,L,R,Fastball,Called Strike,,,0,-0.755412369,0.735131308
8,1,1,1,'1-1,2025-10-03,McMaster Marauders,Brock Badgers,,Anden Cooper,Dante Cifala,L,R,Slurve,Ball,,,0,-0.635772963,1.113918967
8,1,2,1,'2-1,2025-10-03,McMaster Marauders,Brock Badgers,,Anden Cooper,Dante Cifala,L,R,Fastball,Ball,,,0,-1.373549297,0.70356567
8,1,3,1,'3-1,2025-10-03,McMaster Marauders,Brock Badgers,,Anden Cooper,Dante Cifala,L,R,Fastball,Walk,,,0,-0.556013359,1.098136148
8,1,0,0,'0-0,2025-10-03,McMaster Marauders,Brock Badgers,1.1,Brandon McMurray,Dante Cifala,L,R,Fastball,Hit By Pitch,,,100,1.776955049,0.017013039
8,1,0,0,'0-0,2025-10-03,McMaster Marauders,Brock Badgers,,Kayan Alazem,Dante Cifala,R,R,Fastball,Ball,,,110,1.637375742,0.372126469
8,1,1,0,'1-0,2025-10-03,McMaster Marauders,Brock Badgers,,Kayan Alazem,Dante Cifala,R,R,Fastball,Called Strike,,,110,0.600500894,0.119601363
8,1,1,1,'1-1,2025-10-03,McMaster Marauders,Brock Badgers,,Kayan Alazem,Dante Cifala,R,R,Fastball,Ball,,,110,-1.253909892,-0.251294886
8,1,2,1,'2-1,2025-10-03,McMaster Marauders,Brock Badgers,,Kayan Alazem,Dante Cifala,R,R,Fastball,Swinging Strike,,,110,0.361222083,0.869285271
8,1,2,2,'2-2,2025-10-03,McMaster Marauders,Brock Badgers,,Kayan Alazem,Dante Cifala,R,R,Fastball,Double Play,Line Drive,Straightaway,110,0.620440795,0.230081097
9,0,0,0,'0-0,2025-10-03,Brock Badgers,McMaster Marauders,,Reid Lunney,Sam McMillan,L,R,Fastball,Called Strike,,,0,-0.655712864,0.750914127
9,0,0,1,'0-1,2025-10-03,Brock Badgers,McMaster Marauders,,Reid Lunney,Sam McMillan,L,R,Offspeed,Called Strike,,,0,-0.217035044,0.853502452
9,0,0,2,'0-2,2025-10-03,Brock Badgers,McMaster Marauders,,Reid Lunney,Sam McMillan,L,R,Offspeed,Strikeout Swinging,,,0,-0.57595326,0.135384182
9,1,0,0,'0-0,2025-10-03,Brock Badgers,McMaster Marauders,,Cole Carpenter,Sam McMillan,R,R,Breaking Ball,Called Strike,,,0,0.401101885,0.561520298
9,1,0,1,'0-1,2025-10-03,Brock Badgers,McMaster Marauders,,Cole Carpenter,Sam McMillan,R,R,Breaking Ball,Groundout,Ground Ball,Pull,0,0.241582678,0.34845224
9,2,0,0,'0-0,2025-10-03,Brock Badgers,McMaster Marauders,,Jaden Leeder,Sam McMillan,R,R,Breaking Ball,Called Strike,,,0,0.321342281,0.451040564
9,2,0,1,'0-1,2025-10-03,Brock Badgers,McMaster Marauders,,Jaden Leeder,Sam McMillan,R,R,Breaking Ball,Groundout,Ground Ball,Straightaway,0,-0.316734548,0.245863916
9,0,0,0,'0-0,2025-10-03,McMaster Marauders,Brock Badgers,,John Dykyj,Dante Cifala,R,R,Slurve,Ball,,,0,0.7201403,-0.377557439
9,0,1,0,'1-0,2025-10-03,McMaster Marauders,Brock Badgers,,John Dykyj,Dante Cifala,R,R,Fastball,Called Strike,,,0,0.740080201,0.151167001
9,0,1,1,'1-1,2025-10-03,McMaster Marauders,Brock Badgers,,John Dykyj,Dante Cifala,R,R,Fastball,Ball,,,0,1.039178715,-0.36177462
9,0,2,1,'2-1,2025-10-03,McMaster Marauders,Brock Badgers,,John Dykyj,Dante Cifala,R,R,Slurve,Ball,,,0,0.341282182,-0.306534753
9,0,3,1,'3-1,2025-10-03,McMaster Marauders,Brock Badgers,,John Dykyj,Dante Cifala,R,R,Fastball,Called Strike,,,0,0.181762975,0.35634365
9,0,3,2,'3-2,2025-10-03,McMaster Marauders,Brock Badgers,,John Dykyj,Dante Cifala,R,R,Fastball,Groundout,Ground Ball,Pull,0,0.480861489,0.190624049
9,1,0,0,'0-0,2025-10-03,McMaster Marauders,Brock Badgers,,Justin White,Dante Cifala,R,R,Fastball,Called Strike,,,0,0.421041786,0.269538145
9,1,0,1,'0-1,2025-10-03,McMaster Marauders,Brock Badgers,,Justin White,Dante Cifala,R,R,Fastball,Popout,Pop Up,Straightaway,0,0.50080139,0.585194527
9,2,0,0,'0-0,2025-10-03,McMaster Marauders,Brock Badgers,,Nicolas Velocci,Dante Cifala,R,R,Fastball,Ball,,,0,1.398096931,0.18273264
9,2,1,0,'1-0,2025-10-03,McMaster Marauders,Brock Badgers,,Nicolas Velocci,Dante Cifala,R,R,Fastball,Ball,,,0,-0.077455737,-0.322317572
9,2,2,0,'2-0,2025-10-03,McMaster Marauders,Brock Badgers,,Nicolas Velocci,Dante Cifala,R,R,Fastball,Ball,,,0,2.215632869,0.222189687
9,2,3,0,'3-0,2025-10-03,McMaster Marauders,Brock Badgers,,Nicolas Velocci,Dante Cifala,R,R,Fastball,Called Strike,,,0,0.121943272,0.458931974
9,2,3,1,'3-1,2025-10-03,McMaster Marauders,Brock Badgers,,Nicolas Velocci,Dante Cifala,R,R,Fastball,Walk,,,0,-0.516133557,-0.101358104
9,2,0,0,'0-0,2025-10-03,McMaster Marauders,Brock Badgers,,Matt Underwood,Dante Cifala,L,R,Fastball,Ball,,,100,-0.815232071,-0.274969115
9,2,1,0,'1-0,2025-10-03,McMaster Marauders,Brock Badgers,,Matt Underwood,Dante Cifala,L,R,Fastball,Called Strike,,,100,-0.655712864,0.419474926
9,2,1,1,'1-1,2025-10-03,McMaster Marauders,Brock Badgers,,Matt Underwood,Dante Cifala,L,R,Fastball,Swinging Strike,,,100,-0.296794647,0.151167001
9,2,1,2,'1-2,2025-10-03,McMaster Marauders,Brock Badgers,,Matt Underwood,Dante Cifala,L,R,Fastball,Foul,,,100,0.540681192,0.837719632
9,2,1,2,'1-2,2025-10-03,McMaster Marauders,Brock Badgers,,Matt Underwood,Dante Cifala,L,R,Breaking Ball,Ball,,,100,-1.951806424,0.253755326
9,2,2,2,'2-2,2025-10-03,McMaster Marauders,Brock Badgers,,Matt Underwood,Dante Cifala,L,R,Fastball,Ball,,,100,-1.632768009,1.23229011
9,2,3,2,'3-2,2025-10-03,McMaster Marauders,Brock Badgers,,Matt Underwood,Dante Cifala,L,R,Fastball,Strikeout Swinging,,,100,-0.496193657,0.237972506
1,0,0,0,'0-0,2025-10-03,Guelph Gryphons,Brock Badgers,,Marco Da Gama,Jack Tiessen,R,R,Fastball,Single,Line Drive,Pull,0,0.181762975,0.253755326
1,0,0,0,'0-0,2025-10-03,Guelph Gryphons,Brock Badgers,,Evan Ogston,Jack Tiessen,R,R,Fastball,Foul,,,100,,
1,0,0,1,'0-1,2025-10-03,Guelph Gryphons,Brock Badgers,,Evan Ogston,Jack Tiessen,R,R,Fastball,Called Strike,,,100,0.700200399,0.17484123
1,0,0,2,'0-2,2025-10-03,Guelph Gryphons,Brock Badgers,,Evan Ogston,Jack Tiessen,R,R,Changeup,Groundout,Ground Ball,Straightaway,100,0.480861489,0.135384182
1,1,0,0,'0-0,2025-10-03,Guelph Gryphons,Brock Badgers,,Andrew Johnston,Jack Tiessen,R,R,Fastball,Ball,,,100,-1.413429099,0.35634365
1,1,1,0,'1-0,2025-10-03,Guelph Gryphons,Brock Badgers,,Andrew Johnston,Jack Tiessen,R,R,Fastball,Swinging Strike,,,100,-0.256914845,0.640434394
1,1,1,1,'1-1,2025-10-03,Guelph Gryphons,Brock Badgers,,Andrew Johnston,Jack Tiessen,R,R,Changeup,Ball,,,100,0.08206347,1.098136148
1,1,2,1,'2-1,2025-10-03,Guelph Gryphons,Brock Badgers,,Andrew Johnston,Jack Tiessen,R,R,Curveball,Ball,,,100,-1.672647811,1.208615881
1,1,3,1,'3-1,2025-10-03,Guelph Gryphons,Brock Badgers,,Andrew Johnston,Jack Tiessen,R,R,Changeup,Foul,,,100,-0.276854746,0.766696947
1,1,3,2,'3-2,2025-10-03,Guelph Gryphons,Brock Badgers,,Andrew Johnston,Jack Tiessen,R,R,Curveball,Strikeout Swinging,,,100,0.28146248,-0.306534753
1,2,0,0,'0-0,2025-10-03,Guelph Gryphons,Brock Badgers,,Noah Cantwell,Jack Tiessen,R,R,Fastball,Swinging Strike,,,100,0.201702876,0.151167001
1,2,0,1,'0-1,2025-10-03,Guelph Gryphons,Brock Badgers,,Noah Cantwell,Jack Tiessen,R,R,Changeup,Ball,,,10,1.537676238,0.18273264
1,2,1,1,'1-1,2025-10-03,Guelph Gryphons,Brock Badgers,,Noah Cantwell,Jack Tiessen,R,R,Fastball,Ball,,,10,1.59749594,-0.314426162
1,2,2,1,'2-1,2025-10-03,Guelph Gryphons,Brock Badgers,,Noah Cantwell,Jack Tiessen,R,R,Fastball,Ball,,,1,1.677255544,0.024904449
1,2,3,1,'3-1,2025-10-03,Guelph Gryphons,Brock Badgers,,Noah Cantwell,Jack Tiessen,R,R,Fastball,Walk,,,1,1.398096931,0.34845224
1,2,0,0,'0-0,2025-10-03,Guelph Gryphons,Brock Badgers,,Jack Gillis,Jack Tiessen,L,R,Curveball,Ball,,,101,-1.413429099,0.198515459
1,2,1,0,'1-0,2025-10-03,Guelph Gryphons,Brock Badgers,,Jack Gillis,Jack Tiessen,L,R,Fastball,Called Strike,,,101,0.460921588,0.340560831
1,2,1,1,'1-1,2025-10-03,Guelph Gryphons,Brock Badgers,,Jack Gillis,Jack Tiessen,L,R,Fastball,Groundout,Ground Ball,Pull,101,-0.715532567,0.206406868
1,0,0,0,'0-0,2025-10-03,Brock Badgers,Guelph Gryphons,,Gavin Taylor,Harrison Young,R,L,Fastball,Ball,,,0,0.401101885,1.279638567
1,0,1,0,'1-0,2025-10-03,Brock Badgers,Guelph Gryphons,,Gavin Taylor,Harrison Young,R,L,Fastball,Foul,,,0,-0.496193657,0.52206325
1,0,1,1,'1-1,2025-10-03,Brock Badgers,Guelph Gryphons,,Gavin Taylor,Harrison Young,R,L,Fastball,Foul,,,0,-0.057515836,0.151167001
1,0,1,2,'1-2,2025-10-03,Brock Badgers,Guelph Gryphons,,Gavin Taylor,Harrison Young,R,L,Fastball,Ball,,,0,1.039178715,1.153376015
1,0,2,2,'2-2,2025-10-03,Brock Badgers,Guelph Gryphons,,Gavin Taylor,Harrison Young,R,L,Fastball,Foul,,,0,-0.296794647,0.672000032
1,0,2,2,'2-2,2025-10-03,Brock Badgers,Guelph Gryphons,,Gavin Taylor,Harrison Young,R,L,Breaking Ball,Strikeout Swinging,,,0,0.580560993,0.198515459
1,1,0,0,'0-0,2025-10-03,Brock Badgers,Guelph Gryphons,,Reid Lunney,Harrison Young,L,L,Fastball,Foul,,,0,0.480861489,0.790371175
1,1,0,1,'0-1,2025-10-03,Brock Badgers,Guelph Gryphons,,Reid Lunney,Harrison Young,L,L,Breaking Ball,Ball,,,0,0.221642777,-0.369666029
1,1,1,1,'1-1,2025-10-03,Brock Badgers,Guelph Gryphons,,Reid Lunney,Harrison Young,L,L,Fastball,Single,Ground Ball,Straightaway,0,0.181762975,0.70356567
1,1,0,0,'0-0,2025-10-03,Brock Badgers,Guelph Gryphons,1.4,Cole Carpenter,Harrison Young,R,L,Fastball,Called Strike,,,100,0.30140238,0.237972506
1,1,0,1,'0-1,2025-10-03,Brock Badgers,Guelph Gryphons,1.39,Cole Carpenter,Harrison Young,R,L,Fastball,Ball,,,100,-0.635772963,1.184941653
1,1,1,1,'1-1,2025-10-03,Brock Badgers,Guelph Gryphons,,Cole Carpenter,Harrison Young,R,L,Fastball,Foul,,,100,-0.57595326,0.632542984
1,1,1,2,'1-2,2025-10-03,Brock Badgers,Guelph Gryphons,,Cole Carpenter,Harrison Young,R,L,Breaking Ball,Ball,,,100,1.198697922,-0.235512067
1,1,2,2,'2-2,2025-10-03,Brock Badgers,Guelph Gryphons,,Cole Carpenter,Harrison Young,R,L,Fastball,Foul,,,100,-0.456313855,0.403692107
1,1,2,2,'2-2,2025-10-03,Brock Badgers,Guelph Gryphons,,Cole Carpenter,Harrison Young,R,L,Breaking Ball,Strikeout Swinging,,,100,-0.815232071,-0.235512067
1,2,0,0,'0-0,2025-10-03,Brock Badgers,Guelph Gryphons,,Jaden Leeder,Harrison Young,R,L,Fastball,Ball,,,100,0.241582678,1.184941653
1,2,1,0,'1-0,2025-10-03,Brock Badgers,Guelph Gryphons,,Jaden Leeder,Harrison Young,R,L,Fastball,Foul,,,100,0.28146248,0.411583517
1,2,1,1,'1-1,2025-10-03,Brock Badgers,Guelph Gryphons,,Jaden Leeder,Harrison Young,R,L,Fastball,Swinging Strike,,,100,0.141883173,0.474714793
1,2,1,2,'1-2,2025-10-03,Brock Badgers,Guelph Gryphons,,Jaden Leeder,Harrison Young,R,L,Breaking Ball,Hit By Pitch,,,100,-1.672647811,0.143275592
1,2,0,0,'0-0,2025-10-03,Brock Badgers,Guelph Gryphons,,Flynn Matheson,Harrison Young,R,L,Fastball,Swinging Strike,,,110,0.30140238,0.482606203
1,2,0,1,'0-1,2025-10-03,Brock Badgers,Guelph Gryphons,,Flynn Matheson,Harrison Young,R,L,Fastball,Groundout,Ground Ball,Straightaway,110,-0.097395638,0.514171841
2,0,0,0,'0-0,2025-10-03,Guelph Gryphons,Brock Badgers,,Sawyer Whitaker,Jack Tiessen,L,R,Fastball,Groundout,Ground Ball,Straightaway,0,0.161823074,0.301103783
2,1,0,0,'0-0,2025-10-03,Guelph Gryphons,Brock Badgers,,Tommy Cullen,Jack Tiessen,R,R,Fastball,Called Strike,,,0,-0.316734548,0.103818544
2,1,0,1,'0-1,2025-10-03,Guelph Gryphons,Brock Badgers,,Tommy Cullen,Jack Tiessen,R,R,Curveball,Ball,,,0,0.540681192,1.090244738
2,1,1,1,'1-1,2025-10-03,Guelph Gryphons,Brock Badgers,,Tommy Cullen,Jack Tiessen,R,R,Fastball,Lineout,Line Drive,Straightaway,0,0.600500894,0.277429554
2,2,0,0,'0-0,2025-10-03,Guelph Gryphons,Brock Badgers,,Noah Chang,Jack Tiessen,R,R,Fastball,Ball,,,0,0.760020102,1.082353329
2,2,1,0,'1-0,2025-10-03,Guelph Gryphons,Brock Badgers,,Noah Chang,Jack Tiessen,R,R,Curveball,Called Strike,,,0,0.421041786,0.206406868
2,2,1,1,'1-1,2025-10-03,Guelph Gryphons,Brock Badgers,,Noah Chang,Jack Tiessen,R,R,Fastball,Ball,,,0,-0.376554251,1.129701786
2,2,2,1,'2-1,2025-10-03,Guelph Gryphons,Brock Badgers,,Noah Chang,Jack Tiessen,R,R,Fastball,Swinging Strike,,,0,0.28146248,0.151167001
2,2,2,2,'2-2,2025-10-03,Guelph Gryphons,Brock Badgers,,Noah Chang,Jack Tiessen,R,R,Fastball,Strikeout Looking,,,0,0.859719606,-0.117140923
2,0,0,0,'0-0,2025-10-03,Brock Badgers,Guelph Gryphons,,Nolan Phelan,Harrison Young,R,L,Fastball,Ball,,,0,1.497796436,0.814045404
2,0,1,0,'1-0,2025-10-03,Brock Badgers,Guelph Gryphons,,Nolan Phelan,Harrison Young,R,L,Fastball,Foul,,,0,0.341282182,0.577303117
2,0,1,1,'1-1,2025-10-03,Brock Badgers,Guelph Gryphons,,Nolan Phelan,Harrison Young,R,L,Breaking Ball,Ball,,,0,0.102003371,-0.464362944
2,0,2,1,'2-1,2025-10-03,Brock Badgers,Guelph Gryphons,,Nolan Phelan,Harrison Young,R,L,Fastball,Ball,,,0,0.540681192,1.208615881
2,0,3,1,'3-1,2025-10-03,Brock Badgers,Guelph Gryphons,,Nolan Phelan,Harrison Young,R,L,Fastball,Groundout,,,0,-0.13727544,0.798262585
2,1,0,0,'0-0,2025-10-03,Brock Badgers,Guelph Gryphons,,Brady Campbell,Harrison Young,R,L,Offspeed,Swinging Strike,,,0,0.580560993,0.206406868
2,1,0,1,'0-1,2025-10-03,Brock Badgers,Guelph Gryphons,,Brady Campbell,Harrison Young,R,L,Offspeed,Single,Fly Ball,Pull,0,0.261522579,0.380017878
2,1,0,0,'0-0,2025-10-03,Brock Badgers,Guelph Gryphons,,Liam Riley,Harrison Young,R,L,Fastball,Ball,,,100,0.460921588,1.145484605
2,1,1,0,'1-0,2025-10-03,Brock Badgers,Guelph Gryphons,,Liam Riley,Harrison Young,R,L,Fastball,Called Strike,,,100,0.779960003,0.656217213
2,1,1,1,'1-1,2025-10-03,Brock Badgers,Guelph Gryphons,,Liam Riley,Harrison Young,R,L,Fastball,Ball,,,100,-0.236974945,1.121810376
2,1,2,1,'2-1,2025-10-03,Brock Badgers,Guelph Gryphons,,Liam Riley,Harrison Young,R,L,Fastball,Swinging Strike,,,100,-0.316734548,0.52995466
2,1,2,2,'2-2,2025-10-03,Brock Badgers,Guelph Gryphons,,Liam Riley,Harrison Young,R,L,Fastball,Strikeout Looking,,,100,0.740080201,0.35634365
2,2,0,0,'0-0,2025-10-03,Brock Badgers,Guelph Gryphons,,Adam Geddes,Harrison Young,L,L,Fastball,Called Strike,,,100,-0.556013359,0.230081097
2,2,0,1,'0-1,2025-10-03,Brock Badgers,Guelph Gryphons,,Adam Geddes,Harrison Young,L,L,Fastball,Ball,,,100,0.28146248,-0.069792466
2,2,1,1,'1-1,2025-10-03,Brock Badgers,Guelph Gryphons,,Adam Geddes,Harrison Young,L,L,Fastball,Flyout,Fly Ball,Straightaway,100,-0.316734548,0.387909288
3,0,0,0,'0-0,2025-10-03,Guelph Gryphons,Brock Badgers,,Jaylen Wood,Jack Tiessen,R,R,Fastball,Swinging Strike,,,0,-0.35661435,0.774588356
3,0,0,1,'0-1,2025-10-03,Guelph Gryphons,Brock Badgers,,Jaylen Wood,Jack Tiessen,R,R,Fastball,Ball,,,0,1.298397427,0.230081097
3,0,1,1,'1-1,2025-10-03,Guelph Gryphons,Brock Badgers,,Jaylen Wood,Jack Tiessen,R,R,Fastball,Ball,,,0,1.537676238,0.727239899
3,0,2,1,'2-1,2025-10-03,Guelph Gryphons,Brock Badgers,,Jaylen Wood,Jack Tiessen,R,R,Curveball,Ball,,,0,0.421041786,-0.251294886
3,0,3,1,'3-1,2025-10-03,Guelph Gryphons,Brock Badgers,,Jaylen Wood,Jack Tiessen,R,R,Fastball,Walk,,,0,1.657315643,-0.022444009
3,0,0,0,'0-0,2025-10-03,Guelph Gryphons,Brock Badgers,,Marco Da Gama,Jack Tiessen,R,R,Fastball,Ball,,,100,-0.516133557,1.082353329
3,0,1,0,'1-0,2025-10-03,Guelph Gryphons,Brock Badgers,,Marco Da Gama,Jack Tiessen,R,R,Curveball,Ball,,,100,-1.473248802,-0.117140923
3,0,2,0,'2-0,2025-10-03,Guelph Gryphons,Brock Badgers,,Marco Da Gama,Jack Tiessen,R,R,Fastball,Ball,,,100,1.59749594,0.869285271
3,0,3,0,'3-0,2025-10-03,Guelph Gryphons,Brock Badgers,,Marco Da Gama,Jack Tiessen,R,R,Fastball,Called Strike,,,10,0.08206347,0.159058411
3,0,3,1,'3-1,2025-10-03,Guelph Gryphons,Brock Badgers,,Marco Da Gama,Jack Tiessen,R,R,Fastball,Foul,,,10,0.421041786,0.17484123
3,0,3,2,'3-2,2025-10-03,Guelph Gryphons,Brock Badgers,,Marco Da Gama,Jack Tiessen,R,R,Fastball,Foul,,,10,-0.197095143,0.301103783
3,0,3,2,'3-2,2025-10-03,Guelph Gryphons,Brock Badgers,,Marco Da Gama,Jack Tiessen,R,R,Changeup,Walk,,,10,-1.493188703,0.190624049
3,0,0,0,'0-0,2025-10-03,Guelph Gryphons,Brock Badgers,,Evan Ogston,Jack Tiessen,R,R,Fastball,Foul,,,110,-0.276854746,0.632542984
3,0,0,1,'0-1,2025-10-03,Guelph Gryphons,Brock Badgers,,Evan Ogston,Jack Tiessen,R,R,Curveball,Called Strike,,,110,-0.615833062,0.672000032
3,0,0,2,'0-2,2025-10-03,Guelph Gryphons,Brock Badgers,,Evan Ogston,Jack Tiessen,R,R,Changeup,Ball,,,110,-1.572948306,0.00123022
3,0,1,2,'1-2,2025-10-03,Guelph Gryphons,Brock Badgers,,Evan Ogston,Jack Tiessen,R,R,Fastball,Foul,,,110,-0.536073458,0.340560831
3,0,1,2,'1-2,2025-10-03,Guelph Gryphons,Brock Badgers,,Evan Ogston,Jack Tiessen,R,R,Curveball,Ball,,,110,-1.293789693,0.727239899
3,0,2,2,'2-2,2025-10-03,Guelph Gryphons,Brock Badgers,,Evan Ogston,Jack Tiessen,R,R,Fastball,Double,Fly Ball,Straightaway,110,0.580560993,0.127492773
3,0,0,0,'0-0,2025-10-03,Guelph Gryphons,Brock Badgers,,Andrew Johnston,Jack Tiessen,R,R,Fastball,Called Strike,,,10,0.540681192,0.569411708
3,0,0,1,'0-1,2025-10-03,Guelph Gryphons,Brock Badgers,,Andrew Johnston,Jack Tiessen,R,R,Changeup,Swinging Strike,,,10,-0.436373954,-0.290751934
3,0,0,2,'0-2,2025-10-03,Guelph Gryphons,Brock Badgers,,Andrew Johnston,Jack Tiessen,R,R,Curveball,Groundout,Ground Ball,Pull,1,-0.097395638,0.095927134
3,1,0,0,'0-0,2025-10-03,Guelph Gryphons,Brock Badgers,,Noah Cantwell,Jack Tiessen,R,R,Fastball,Called Strike,,,0,0.919539309,0.230081097
3,1,0,1,'0-1,2025-10-03,Guelph Gryphons,Brock Badgers,,Noah Cantwell,Jack Tiessen,R,R,Curveball,Foul,,,0,-0.376554251,0.743022718
3,1,0,2,'0-2,2025-10-03,Guelph Gryphons,Brock Badgers,,Noah Cantwell,Jack Tiessen,R,R,Fastball,Groundout,Ground Ball,Pull,0,-0.177155242,0.206406868
3,2,0,0,'0-0,2025-10-03,Guelph Gryphons,Brock Badgers,,Jack Gillis,Jack Tiessen,L,R,Fastball,Called Strike,,,0,0.50080139,0.474714793
3,2,0,1,'0-1,2025-10-03,Guelph Gryphons,Brock Badgers,,Jack Gillis,Jack Tiessen,L,R,Fastball,Swinging Strike,,,0,-1.273849793,0.18273264
3,2,0,2,'0-2,2025-10-03,Guelph Gryphons,Brock Badgers,,Jack Gillis,Jack Tiessen,L,R,Changeup,Dropped Third Strike Swinging,,,0,-0.855111873,-0.298643343
3,2,0,0,'0-0,2025-10-03,Guelph Gryphons,Brock Badgers,,Sawyer Whitaker,Jack Tiessen,L,R,Fastball,Foul,,,0,-0.316734548,0.419474926
3,2,0,1,'0-1,2025-10-03,Guelph Gryphons,Brock Badgers,,Sawyer Whitaker,Jack Tiessen,L,R,Fastball,Ball,,,0,-1.712527613,-0.117140923
3,2,1,1,'1-1,2025-10-03,Guelph Gryphons,Brock Badgers,,Sawyer Whitaker,Jack Tiessen,L,R,Fastball,Called Strike,,,0,-0.815232071,0.490497612
3,2,1,2,'1-2,2025-10-03,Guelph Gryphons,Brock Badgers,,Sawyer Whitaker,Jack Tiessen,L,R,Fastball,Strikeout Looking,,,0,0.520741291,0.364235059
3,0,0,0,'0-0,2025-10-03,Brock Badgers,Guelph Gryphons,,Gavin Taylor,Harrison Young,R,L,Fastball,Called Strike,,,0,0.540681192,0.380017878
3,0,0,1,'0-1,2025-10-03,Brock Badgers,Guelph Gryphons,,Gavin Taylor,Harrison Young,R,L,Fastball,Swinging Strike,,,0,0.30140238,0.103818544
3,0,0,2,'0-2,2025-10-03,Brock Badgers,Guelph Gryphons,,Gavin Taylor,Harrison Young,R,L,Fastball,Foul,,,0,-0.336674449,0.648325803
3,0,0,2,'0-2,2025-10-03,Brock Badgers,Guelph Gryphons,,Gavin Taylor,Harrison Young,R,L,Breaking Ball,Ball,,,0,-0.715532567,-0.227620657
3,0,1,2,'1-2,2025-10-03,Brock Badgers,Guelph Gryphons,,Gavin Taylor,Harrison Young,R,L,Fastball,Groundout,Ground Ball,Pull,0,0.261522579,0.727239899
3,1,0,0,'0-0,2025-10-03,Brock Badgers,Guelph Gryphons,,Reid Lunney,Harrison Young,L,L,Breaking Ball,Ball,,,0,-0.316734548,1.082353329
3,1,1,0,'1-0,2025-10-03,Brock Badgers,Guelph Gryphons,,Reid Lunney,Harrison Young,L,L,Breaking Ball,Called Strike,,,0,0.341282182,0.648325803
3,1,1,1,'1-1,2025-10-03,Brock Badgers,Guelph Gryphons,,Reid Lunney,Harrison Young,L,L,Breaking Ball,Called Strike,,,0,-0.595893161,0.230081097
3,1,1,2,'1-2,2025-10-03,Brock Badgers,Guelph Gryphons,,Reid Lunney,Harrison Young,L,L,Fastball,Ball,,,0,-1.353609396,0.782479766
3,1,2,2,'2-2,2025-10-03,Brock Badgers,Guelph Gryphons,,Reid Lunney,Harrison Young,L,L,Breaking Ball,Hit By Pitch,,,0,2.315332374,0.853502452
3,1,0,0,'0-0,2025-10-03,Brock Badgers,Guelph Gryphons,,Cole Carpenter,Harrison Young,R,L,Fastball,Ball,,,100,-0.276854746,1.121810376
3,1,1,0,'1-0,2025-10-03,Brock Badgers,Guelph Gryphons,,Cole Carpenter,Harrison Young,R,L,Fastball,Ball,,,100,1.138878219,-0.298643343
3,1,2,0,'2-0,2025-10-03,Brock Badgers,Guelph Gryphons,,Cole Carpenter,Harrison Young,R,L,Fastball,Called Strike,,,10,-0.197095143,0.892959499
3,1,2,1,'2-1,2025-10-03,Brock Badgers,Guelph Gryphons,,Cole Carpenter,Harrison Young,R,L,Fastball,Ball,,,10,-1.533068505,-0.227620657
3,1,3,1,'3-1,2025-10-03,Brock Badgers,Guelph Gryphons,,Cole Carpenter,Harrison Young,R,L,Fastball,Foul,,,10,0.460921588,0.159058411
3,1,3,2,'3-2,2025-10-03,Brock Badgers,Guelph Gryphons,,Cole Carpenter,Harrison Young,R,L,Fastball,Walk,,,10,1.039178715,1.192833062
3,1,0,0,'0-0,2025-10-03,Brock Badgers,Guelph Gryphons,,Jaden Leeder,Harrison Young,R,L,Fastball,Ball,,,110,-1.094390684,-0.36177462
3,1,1,0,'1-0,2025-10-03,Brock Badgers,Guelph Gryphons,,Jaden Leeder,Harrison Young,R,L,Fastball,Ball,,,110,-0.436373954,-0.385448848
3,1,2,0,'2-0,2025-10-03,Brock Badgers,Guelph Gryphons,,Jaden Leeder,Harrison Young,R,L,Fastball,Ball,,,110,0.181762975,1.23229011
3,1,3,0,'3-0,2025-10-03,Brock Badgers,Guelph Gryphons,,Jaden Leeder,Harrison Young,R,L,Fastball,Called Strike,,,110,0.740080201,0.103818544
3,1,3,1,'3-1,2025-10-03,Brock Badgers,Guelph Gryphons,,Jaden Leeder,Harrison Young,R,L,Fastball,Walk,,,110,1.338277228,0.766696947
3,1,0,0,'0-0,2025-10-03,Brock Badgers,Guelph Gryphons,,Flynn Matheson,Harrison Young,R,L,Fastball,Foul,,,110,-0.057515836,0.829828223
3,1,0,1,'0-1,2025-10-03,Brock Badgers,Guelph Gryphons,,Flynn Matheson,Harrison Young,R,L,Breaking Ball,Ball,,,110,0.819839804,-0.322317572
3,1,1,1,'1-1,2025-10-03,Brock Badgers,Guelph Gryphons,,Flynn Matheson,Harrison Young,R,L,Fastball,Foul,,,110,0.381161984,0.782479766
3,1,1,2,'1-2,2025-10-03,Brock Badgers,Guelph Gryphons,,Flynn Matheson,Harrison Young,R,L,Breaking Ball,Hit By Pitch,,,110,-1.612828108,-0.148706562
3,1,0,0,'0-0,2025-10-03,Brock Badgers,Guelph Gryphons,,Nolan Phelan,Logan Miziolek,R,R,Fastball,Ball,,,111,0.700200399,1.090244738
3,1,1,0,'1-0,2025-10-03,Brock Badgers,Guelph Gryphons,,Nolan Phelan,Logan Miziolek,R,R,Fastball,Swinging Strike,,,111,0.600500894,0.237972506
3,1,1,1,'1-1,2025-10-03,Brock Badgers,Guelph Gryphons,,Nolan Phelan,Logan Miziolek,R,R,Fastball,Ball,,,111,1.298397427,0.143275592
3,1,2,1,'2-1,2025-10-03,Brock Badgers,Guelph Gryphons,,Nolan Phelan,Logan Miziolek,R,R,Fastball,Foul,,,111,-0.197095143,0.435257745
3,1,2,2,'2-2,2025-10-03,Brock Badgers,Guelph Gryphons,,Nolan Phelan,Logan Miziolek,R,R,Fastball,Strikeout Swinging,,,111,0.660320597,1.184941653
3,2,0,0,'0-0,2025-10-03,Brock Badgers,Guelph Gryphons,,Brady Campbell,Logan Miziolek,R,R,Fastball,Foul,,,111,-0.376554251,0.52995466
3,2,0,1,'0-1,2025-10-03,Brock Badgers,Guelph Gryphons,,Brady Campbell,Logan Miziolek,R,R,Fastball,Ball,,,111,-1.174150288,-0.109249514
3,2,1,1,'1-1,2025-10-03,Brock Badgers,Guelph Gryphons,,Brady Campbell,Logan Miziolek,R,R,Fastball,Ball,,,111,0.062123569,-0.314426162
3,2,2,1,'2-1,2025-10-03,Brock Badgers,Guelph Gryphons,,Brady Campbell,Logan Miziolek,R,R,Fastball,Groundout,Ground Ball,Pull,111,0.341282182,0.340560831
4,0,0,0,'0-0,2025-10-03,Guelph Gryphons,Brock Badgers,,Tommy Cullen,Jack Tiessen,R,R,Fastball,Called Strike,,,0,0.560621092,0.308995192
4,0,0,1,'0-1,2025-10-03,Guelph Gryphons,Brock Badgers,,Tommy Cullen,Jack Tiessen,R,R,Curveball,Called Strike,,,0,0.28146248,0.332669421
4,0,0,2,'0-2,2025-10-03,Guelph Gryphons,Brock Badgers,,Tommy Cullen,Jack Tiessen,R,R,Fastball,Ball,,,0,-1.87204682,1.019222052
4,0,1,2,'1-2,2025-10-03,Guelph Gryphons,Brock Badgers,,Tommy Cullen,Jack Tiessen,R,R,Curveball,Strikeout Swinging,,,0,-0.35661435,0.372126469
4,1,0,0,'0-0,2025-10-03,Guelph Gryphons,Brock Badgers,,Noah Chang,Jack Tiessen,R,R,Fastball,Ball,,,0,-1.273849793,0.837719632
4,1,1,0,'1-0,2025-10-03,Guelph Gryphons,Brock Badgers,,Noah Chang,Jack Tiessen,R,R,Fastball,Ball,,,0,-1.453308901,0.474714793
4,1,2,0,'2-0,2025-10-03,Guelph Gryphons,Brock Badgers,,Noah Chang,Jack Tiessen,R,R,Fastball,Ball,,,0,-1.473248802,0.963982185
4,1,3,0,'3-0,2025-10-03,Guelph Gryphons,Brock Badgers,,Noah Chang,Jack Tiessen,R,R,Fastball,Walk,,,0,-1.333669495,0.979765004
4,1,0,0,'0-0,2025-10-03,Guelph Gryphons,Brock Badgers,,Jaylen Wood,Jack Tiessen,R,R,Changeup,Called Strike,,,100,0.261522579,0.214298278
4,1,0,1,'0-1,2025-10-03,Guelph Gryphons,Brock Badgers,,Jaylen Wood,Jack Tiessen,R,R,Fastball,Ball,,,100,0.181762975,1.153376015
4,1,1,1,'1-1,2025-10-03,Guelph Gryphons,Brock Badgers,,Jaylen Wood,Jack Tiessen,R,R,Curveball,Flyout,Fly Ball,Straightaway,100,0.421041786,0.34845224
4,2,0,0,'0-0,2025-10-03,Guelph Gryphons,Brock Badgers,,Marco Da Gama,Jack Tiessen,R,R,Curveball,Home Run,Fly Ball,Pull,10,-0.296794647,0.159058411
4,2,0,0,'0-0,2025-10-03,Guelph Gryphons,Brock Badgers,,Evan Ogston,Jack Tiessen,R,R,Fastball,Hit By Pitch,,,0,-1.533068505,0.553628889
4,2,0,0,'0-0,2025-10-03,Guelph Gryphons,Brock Badgers,,Andrew Johnston,Jack Tiessen,R,R,Fastball,Swinging Strike,,,100,0.640380696,0.206406868
4,2,0,1,'0-1,2025-10-03,Guelph Gryphons,Brock Badgers,,Andrew Johnston,Jack Tiessen,R,R,Fastball,Ball,,,100,-1.393489198,0.727239899
4,2,1,1,'1-1,2025-10-03,Guelph Gryphons,Brock Badgers,,Andrew Johnston,Jack Tiessen,R,R,Curveball,Ball,,,100,-1.21403009,-0.298643343
4,2,2,1,'2-1,2025-10-03,Guelph Gryphons,Brock Badgers,,Andrew Johnston,Jack Tiessen,R,R,Fastball,Ball,,,10,1.657315643,0.774588356
4,2,3,1,'3-1,2025-10-03,Guelph Gryphons,Brock Badgers,,Andrew Johnston,Jack Tiessen,R,R,Curveball,Walk,,,10,1.298397427,-0.314426162
4,2,0,0,'0-0,2025-10-03,Guelph Gryphons,Brock Badgers,,Noah Cantwell,Jack Tiessen,R,R,Fastball,Called Strike,,,101,0.600500894,0.474714793
4,2,0,1,'0-1,2025-10-03,Guelph Gryphons,Brock Badgers,,Noah Cantwell,Jack Tiessen,R,R,Fastball,Ball,,,101,1.577556039,-0.235512067
4,2,1,1,'1-1,2025-10-03,Guelph Gryphons,Brock Badgers,,Noah Cantwell,Jack Tiessen,R,R,Fastball,Ball,,,101,1.637375742,-0.014552599
4,2,2,1,'2-1,2025-10-03,Guelph Gryphons,Brock Badgers,,Noah Cantwell,Jack Tiessen,R,R,Curveball,Foul,,,101,-0.336674449,0.640434394
4,2,2,2,'2-2,2025-10-03,Guelph Gryphons,Brock Badgers,,Noah Cantwell,Jack Tiessen,R,R,Fastball,Ball,,,101,0.919539309,-0.298643343
4,2,3,2,'3-2,2025-10-03,Guelph Gryphons,Brock Badgers,,Noah Cantwell,Jack Tiessen,R,R,Fastball,Groundout,Ground Ball,Opposite Field,101,0.600500894,-0.211837838
4,0,0,0,'0-0,2025-10-03,Brock Badgers,Guelph Gryphons,,Liam Riley,Logan Miziolek,R,R,Fastball,Ball,,,0,-0.316734548,1.184941653
4,0,1,0,'1-0,2025-10-03,Brock Badgers,Guelph Gryphons,,Liam Riley,Logan Miziolek,R,R,Fastball,Called Strike,,,0,0.042183668,0.111709954
4,0,1,1,'1-1,2025-10-03,Brock Badgers,Guelph Gryphons,,Liam Riley,Logan Miziolek,R,R,Fastball,Swinging Strike,,,0,0.161823074,0.451040564
4,0,1,2,'1-2,2025-10-03,Brock Badgers,Guelph Gryphons,,Liam Riley,Logan Miziolek,R,R,Fastball,Foul,,,0,0.161823074,0.340560831
4,0,1,2,'1-2,2025-10-03,Brock Badgers,Guelph Gryphons,,Liam Riley,Logan Miziolek,R,R,Breaking Ball,Ball,,,0,-1.154210387,1.224398701
4,0,2,2,'2-2,2025-10-03,Brock Badgers,Guelph Gryphons,,Liam Riley,Logan Miziolek,R,R,Fastball,Flyout,Fly Ball,,0,0.600500894,0.585194527
4,1,0,0,'0-0,2025-10-03,Brock Badgers,Guelph Gryphons,,Adam Geddes,Logan Miziolek,R,R,Fastball,Foul,,,0,0.361222083,0.624651575
4,1,0,1,'0-1,2025-10-03,Brock Badgers,Guelph Gryphons,,Adam Geddes,Logan Miziolek,R,R,Fastball,Ball,,,0,-1.373549297,0.411583517
4,1,1,1,'1-1,2025-10-03,Brock Badgers,Guelph Gryphons,,Adam Geddes,Logan Miziolek,R,R,Fastball,Called Strike,,,0,0.08206347,0.340560831
4,1,1,2,'1-2,2025-10-03,Brock Badgers,Guelph Gryphons,,Adam Geddes,Logan Miziolek,R,R,Fastball,Ball,,,0,1.437976733,0.624651575
4,1,2,2,'2-2,2025-10-03,Brock Badgers,Guelph Gryphons,,Adam Geddes,Logan Miziolek,R,R,Fastball,Foul,,,0,-0.755412369,0.782479766
4,1,2,2,'2-2,2025-10-03,Brock Badgers,Guelph Gryphons,,Adam Geddes,Logan Miziolek,R,R,Fastball,Ball,,,0,-1.353609396,0.166949821
4,1,3,2,'3-2,2025-10-03,Brock Badgers,Guelph Gryphons,,Adam Geddes,Logan Miziolek,R,R,Fastball,Walk,,,0,-1.413429099,0.758805537
4,1,0,0,'0-0,2025-10-03,Brock Badgers,Guelph Gryphons,,Gavin Taylor,Logan Miziolek,R,R,Fastball,Called Strike,,,100,-0.256914845,0.127492773
4,1,0,1,'0-1,2025-10-03,Brock Badgers,Guelph Gryphons,,Gavin Taylor,Logan Miziolek,R,R,Fastball,Called Strike,,,100,0.660320597,0.387909288
4,1,0,2,'0-2,2025-10-03,Brock Badgers,Guelph Gryphons,,Gavin Taylor,Logan Miziolek,R,R,Fastball,Popout,Pop Up,Pull,100,0.7201403,0.18273264
4,2,0,0,'0-0,2025-10-03,Brock Badgers,Guelph Gryphons,,Reid Lunney,Logan Miziolek,L,R,Fastball,Ball,,,100,0.460921588,-0.17238079
4,2,1,0,'1-0,2025-10-03,Brock Badgers,Guelph Gryphons,,Reid Lunney,Logan Miziolek,L,R,Fastball,Foul,,,10,0.460921588,0.52206325
4,2,1,1,'1-1,2025-10-03,Brock Badgers,Guelph Gryphons,,Reid Lunney,Logan Miziolek,L,R,Fastball,Ball,,,10,-0.735472468,0.616760165
4,2,2,1,'2-1,2025-10-03,Brock Badgers,Guelph Gryphons,,Reid Lunney,Logan Miziolek,L,R,Fastball,Called Strike,,,10,-0.35661435,0.35634365
4,2,2,2,'2-2,2025-10-03,Brock Badgers,Guelph Gryphons,,Reid Lunney,Logan Miziolek,L,R,Fastball,Single,Ground Ball,Straightaway,1,-0.556013359,0.798262585
4,2,0,0,'0-0,2025-10-03,Brock Badgers,Guelph Gryphons,1.09,Cole Carpenter,Logan Miziolek,R,R,Fastball,Swinging Strike,,,100,0.640380696,0.308995192
4,2,0,1,'0-1,2025-10-03,Brock Badgers,Guelph Gryphons,,Cole Carpenter,Logan Miziolek,R,R,Fastball,Ball,,,10,0.08206347,-0.314426162
4,2,1,1,'1-1,2025-10-03,Brock Badgers,Guelph Gryphons,,Cole Carpenter,Logan Miziolek,R,R,Fastball,Groundout,Ground Ball,Straightaway,10,0.460921588,0.750914127
5,0,0,0,'0-0,2025-10-03,Guelph Gryphons,Brock Badgers,,Jack Gillis,Jack Tiessen,L,R,Fastball,Ball,,,0,-1.732467514,0.143275592
5,0,1,0,'1-0,2025-10-03,Guelph Gryphons,Brock Badgers,,Jack Gillis,Jack Tiessen,L,R,Fastball,Groundout,Ground Ball,Pull,0,-0.376554251,0.301103783
5,1,0,0,'0-0,2025-10-03,Guelph Gryphons,Brock Badgers,,Sawyer Whitaker,Jack Tiessen,L,R,Fastball,Called Strike,,,0,0.460921588,0.656217213
5,1,0,1,'0-1,2025-10-03,Guelph Gryphons,Brock Badgers,,Sawyer Whitaker,Jack Tiessen,L,R,Changeup,Ball,,,0,-1.353609396,0.095927134
5,1,1,1,'1-1,2025-10-03,Guelph Gryphons,Brock Badgers,,Sawyer Whitaker,Jack Tiessen,L,R,Changeup,Ball,,,0,-0.934871477,-0.409123077
5,1,2,1,'2-1,2025-10-03,Guelph Gryphons,Brock Badgers,,Sawyer Whitaker,Jack Tiessen,L,R,Changeup,Lineout,Line Drive,Opposite Field,0,-0.615833062,0.253755326
5,2,0,0,'0-0,2025-10-03,Guelph Gryphons,Brock Badgers,,Tommy Cullen,Jack Tiessen,R,R,Fastball,Single,Ground Ball,Straightaway,0,-0.456313855,0.545737479
5,2,0,0,'0-0,2025-10-03,Guelph Gryphons,Brock Badgers,,Noah Chang,Jack Tiessen,R,R,Fastball,Ball,,,100,-1.353609396,0.821936813
5,2,1,0,'1-0,2025-10-03,Guelph Gryphons,Brock Badgers,,Noah Chang,Jack Tiessen,R,R,Fastball,Called Strike,,,100,0.760020102,0.143275592
5,2,1,1,'1-1,2025-10-03,Guelph Gryphons,Brock Badgers,,Noah Chang,Jack Tiessen,R,R,Fastball,Flyout,Fly Ball,Straightaway,100,-0.336674449,0.695674261
5,0,0,0,'0-0,2025-10-03,Brock Badgers,Guelph Gryphons,,Jaden Leeder,Logan Miziolek,R,R,Breaking Ball,Ball,,,0,-1.433369,0.545737479
5,0,1,0,'1-0,2025-10-03,Brock Badgers,Guelph Gryphons,,Jaden Leeder,Logan Miziolek,R,R,Fastball,Ball,,,0,0.520741291,-0.196055019
5,0,2,0,'2-0,2025-10-03,Brock Badgers,Guelph Gryphons,,Jaden Leeder,Logan Miziolek,R,R,Fastball,Called Strike,,,0,0.28146248,0.316886602
5,0,2,1,'2-1,2025-10-03,Brock Badgers,Guelph Gryphons,,Jaden Leeder,Logan Miziolek,R,R,Breaking Ball,Ball,,,0,0.620440795,-0.385448848
5,0,3,1,'3-1,2025-10-03,Brock Badgers,Guelph Gryphons,,Jaden Leeder,Logan Miziolek,R,R,Fastball,Walk,,,0,1.457916634,-0.290751934
5,0,0,0,'0-0,2025-10-03,Brock Badgers,Guelph Gryphons,,Flynn Matheson,Logan Miziolek,R,R,Fastball,Ball,,,100,1.079058516,-0.132923743
5,0,1,0,'1-0,2025-10-03,Brock Badgers,Guelph Gryphons,1,Flynn Matheson,Logan Miziolek,R,R,Fastball,Ball,,,100,0.401101885,-0.117140923
5,0,2,0,'2-0,2025-10-03,Brock Badgers,Guelph Gryphons,,Flynn Matheson,Logan Miziolek,R,R,Fastball,Ball,,,100,0.042183668,-0.385448848
5,0,3,0,'3-0,2025-10-03,Brock Badgers,Guelph Gryphons,,Flynn Matheson,Logan Miziolek,R,R,Fastball,Called Strike,,,100,-0.396494152,0.35634365
5,0,3,1,'3-1,2025-10-03,Brock Badgers,Guelph Gryphons,,Flynn Matheson,Logan Miziolek,R,R,Fastball,Error,Ground Ball,Pull,100,0.401101885,0.672000032
5,0,0,0,'0-0,2025-10-03,Brock Badgers,Guelph Gryphons,,Nolan Phelan,Logan Miziolek,R,R,Fastball,Called Strike,,,110,-1.21403009,0.569411708
5,0,0,1,'0-1,2025-10-03,Brock Badgers,Guelph Gryphons,,Nolan Phelan,Logan Miziolek,R,R,Curveball,Ball,,,110,-1.373549297,0.198515459
5,0,1,1,'1-1,2025-10-03,Brock Badgers,Guelph Gryphons,,Nolan Phelan,Logan Miziolek,R,R,Fastball,Ball,,,110,1.517736337,0.00123022
5,0,2,1,'2-1,2025-10-03,Brock Badgers,Guelph Gryphons,,Nolan Phelan,Logan Miziolek,R,R,Fastball,Called Strike,,,110,0.660320597,0.135384182
5,0,2,2,'2-2,2025-10-03,Brock Badgers,Guelph Gryphons,,Nolan Phelan,Logan Miziolek,R,R,Fastball,Ball,,,110,1.178758021,-0.274969115
5,0,3,2,'3-2,2025-10-03,Brock Badgers,Guelph Gryphons,,Nolan Phelan,Logan Miziolek,R,R,Fastball,Double Play,Ground Ball,Pull,110,0.580560993,0.537846069
5,2,0,0,'0-0,2025-10-03,Brock Badgers,Guelph Gryphons,,Brady Campbell,Logan Miziolek,R,R,Fastball,Flyout,Fly Ball,Straightaway,10,0.30140238,0.237972506
6,0,0,0,'0-0,2025-10-03,Guelph Gryphons,Brock Badgers,,Jaylen Wood,Jack Tiessen,R,R,Curveball,Called Strike,,,0,-0.35661435,0.608868755
6,0,0,1,'0-1,2025-10-03,Guelph Gryphons,Brock Badgers,,Jaylen Wood,Jack Tiessen,R,R,Fastball,Foul,,,0,-0.416434053,0.466823384
6,0,0,2,'0-2,2025-10-03,Guelph Gryphons,Brock Badgers,,Jaylen Wood,Jack Tiessen,R,R,Curveball,Ball,,,0,-0.416434053,-0.338100391
6,0,1,2,'1-2,2025-10-03,Guelph Gryphons,Brock Badgers,,Jaylen Wood,Jack Tiessen,R,R,Fastball,Double,Fly Ball,Opposite Field,0,0.381161984,0.52995466
6,0,0,0,'0-0,2025-10-03,Guelph Gryphons,Brock Badgers,,Marco Da Gama,Jack Tiessen,R,R,Fastball,Foul,,,10,-0.715532567,0.648325803
6,0,0,1,'0-1,2025-10-03,Guelph Gryphons,Brock Badgers,,Marco Da Gama,Jack Tiessen,R,R,Changeup,Ball,,,10,-1.353609396,0.790371175
6,0,1,1,'1-1,2025-10-03,Guelph Gryphons,Brock Badgers,,Marco Da Gama,Jack Tiessen,R,R,Fastball,Foul,,,10,-0.735472468,0.743022718
6,0,1,2,'1-2,2025-10-03,Guelph Gryphons,Brock Badgers,,Marco Da Gama,Jack Tiessen,R,R,Curveball,Hit By Pitch,,,10,-1.453308901,1.003439233
6,0,0,0,'0-0,2025-10-03,Guelph Gryphons,Brock Badgers,,Evan Ogston,Jack Tiessen,R,R,Changeup,Ball,,,110,-0.695592666,-0.282860524
6,0,1,0,'1-0,2025-10-03,Guelph Gryphons,Brock Badgers,,Evan Ogston,Jack Tiessen,R,R,Fastball,Ball,,,110,1.418036832,-0.338100391
6,0,2,0,'2-0,2025-10-03,Guelph Gryphons,Brock Badgers,,Evan Ogston,Jack Tiessen,R,R,Fastball,Ball,,,110,0.520741291,-0.330208981
6,0,3,0,'3-0,2025-10-03,Guelph Gryphons,Brock Badgers,,Evan Ogston,Jack Tiessen,R,R,Fastball,Walk,,,11,0.660320597,1.113918967
6,0,0,0,'0-0,2025-10-03,Guelph Gryphons,Brock Badgers,,Andrew Johnston,Jack Tiessen,R,R,Curveball,Popout,Pop Up,Opposite Field,111,0.7201403,0.514171841
6,1,0,0,'0-0,2025-10-03,Guelph Gryphons,Brock Badgers,,Noah Cantwell,Jack Tiessen,R,R,Curveball,Ball,,,111,-0.615833062,1.113918967
6,1,1,0,'1-0,2025-10-03,Guelph Gryphons,Brock Badgers,,Noah Cantwell,Jack Tiessen,R,R,Curveball,Sacrifice Fly,Fly Ball,Pull,111,-0.276854746,0.679891441
6,2,0,0,'0-0,2025-10-03,Guelph Gryphons,Brock Badgers,,Jack Gillis,Jack Tiessen,L,R,Fastball,Flyout,Fly Ball,Straightaway,101,-0.57595326,0.608868755
6,0,0,0,'0-0,2025-10-03,Brock Badgers,Guelph Gryphons,,Liam Riley,Logan Miziolek,R,R,Fastball,Flyout,Fly Ball,Straightaway,0,-0.276854746,0.829828223
6,1,0,0,'0-0,2025-10-03,Brock Badgers,Guelph Gryphons,,Adam Geddes,Logan Miziolek,L,R,Fastball,Ball,,,0,-1.433369,-0.282860524
6,1,1,0,'1-0,2025-10-03,Brock Badgers,Guelph Gryphons,,Adam Geddes,Logan Miziolek,L,R,Fastball,Ball,,,0,-1.433369,0.190624049
6,1,2,0,'2-0,2025-10-03,Brock Badgers,Guelph Gryphons,,Adam Geddes,Logan Miziolek,L,R,Fastball,Called Strike,,,0,0.560621092,0.245863916
6,1,2,1,'2-1,2025-10-03,Brock Badgers,Guelph Gryphons,,Adam Geddes,Logan Miziolek,L,R,Fastball,Ball,,,0,0.600500894,-0.432797306
6,1,3,1,'3-1,2025-10-03,Brock Badgers,Guelph Gryphons,,Adam Geddes,Logan Miziolek,L,R,Fastball,Called Strike,,,0,0.321342281,0.932416547
6,1,3,2,'3-2,2025-10-03,Brock Badgers,Guelph Gryphons,,Adam Geddes,Logan Miziolek,L,R,Fastball,Flyout,Fly Ball,Pull,0,0.321342281,0.616760165
6,2,0,0,'0-0,2025-10-03,Brock Badgers,Guelph Gryphons,,Gavin Taylor,Logan Miziolek,R,R,Fastball,Ball,,,0,0.93947921,-0.196055019
6,2,1,0,'1-0,2025-10-03,Brock Badgers,Guelph Gryphons,,Gavin Taylor,Logan Miziolek,R,R,Fastball,Foul,,,0,-0.057515836,0.924525138
6,2,1,1,'1-1,2025-10-03,Brock Badgers,Guelph Gryphons,,Gavin Taylor,Logan Miziolek,R,R,Breaking Ball,Hit By Pitch,,,0,-1.413429099,0.814045404
6,2,0,0,'0-0,2025-10-03,Brock Badgers,Guelph Gryphons,,Reid Lunney,Logan Miziolek,L,R,Fastball,Ball,,,100,0.341282182,1.113918967
6,2,1,0,'1-0,2025-10-03,Brock Badgers,Guelph Gryphons,,Reid Lunney,Logan Miziolek,L,R,Breaking Ball,Ball,,,100,0.899599408,-0.35388321
6,2,2,0,'2-0,2025-10-03,Brock Badgers,Guelph Gryphons,,Reid Lunney,Logan Miziolek,L,R,Fastball,Ball,,,100,0.480861489,-0.282860524
6,2,3,0,'3-0,2025-10-03,Brock Badgers,Guelph Gryphons,,Reid Lunney,Logan Miziolek,L,R,Fastball,Walk,,,100,1.019238814,-0.53538563
6,2,0,0,'0-0,2025-10-03,Brock Badgers,Guelph Gryphons,,Cole Carpenter,Logan Miziolek,R,R,Fastball,Swinging Strike,,,110,0.30140238,0.814045404
6,2,0,1,'0-1,2025-10-03,Brock Badgers,Guelph Gryphons,,Cole Carpenter,Logan Miziolek,R,R,Fastball,Ball,,,110,0.959419111,-0.630082544
6,2,1,1,'1-1,2025-10-03,Brock Badgers,Guelph Gryphons,,Cole Carpenter,Logan Miziolek,R,R,Fastball,Ball,,,110,1.338277228,0.301103783
6,2,2,1,'2-1,2025-10-03,Brock Badgers,Guelph Gryphons,,Cole Carpenter,Logan Miziolek,R,R,Fastball,Swinging Strike,,,11,-0.117335539,0.127492773
6,2,2,2,'2-2,2025-10-03,Brock Badgers,Guelph Gryphons,,Cole Carpenter,Logan Miziolek,R,R,Fastball,Single,Line Drive,Straightaway,11,0.421041786,0.119601363
6,2,0,0,'0-0,2025-10-03,Brock Badgers,Guelph Gryphons,,Jaden Leeder,Logan Miziolek,R,R,Fastball,Called Strike,,,100,0.760020102,0.71145708
6,2,0,1,'0-1,2025-10-03,Brock Badgers,Guelph Gryphons,,Jaden Leeder,Logan Miziolek,R,R,Fastball,Foul,,,100,0.261522579,0.301103783
6,2,0,2,'0-2,2025-10-03,Brock Badgers,Guelph Gryphons,,Jaden Leeder,Logan Miziolek,R,R,Breaking Ball,Ball,,,100,-0.894991675,1.137593195
6,2,1,2,'1-2,2025-10-03,Brock Badgers,Guelph Gryphons,,Jaden Leeder,Logan Miziolek,R,R,Breaking Ball,Ball,,,100,0.760020102,-0.314426162
6,2,2,2,'2-2,2025-10-03,Brock Badgers,Guelph Gryphons,,Jaden Leeder,Logan Miziolek,R,R,Fastball,Strikeout Swinging,,,100,0.261522579,-0.093466695
7,0,0,0,'0-0,2025-10-03,Guelph Gryphons,Brock Badgers,,Sawyer Whitaker,Wilson Michel,L,R,Splitter,Ball,,,0,-1.433369,-0.235512067
7,0,1,0,'1-0,2025-10-03,Guelph Gryphons,Brock Badgers,,Sawyer Whitaker,Wilson Michel,L,R,Fastball,Ball,,,0,-0.615833062,-0.219729248
7,0,2,0,'2-0,2025-10-03,Guelph Gryphons,Brock Badgers,,Sawyer Whitaker,Wilson Michel,L,R,Fastball,Swinging Strike,,,0,-1.313729594,0.316886602
7,0,2,1,'2-1,2025-10-03,Guelph Gryphons,Brock Badgers,,Sawyer Whitaker,Wilson Michel,L,R,Splitter,Ball,,,0,-2.09138573,-0.164489381
7,0,3,1,'3-1,2025-10-03,Guelph Gryphons,Brock Badgers,,Sawyer Whitaker,Wilson Michel,L,R,Fastball,Foul,,,0,0.261522579,0.308995192
7,0,3,2,'3-2,2025-10-03,Guelph Gryphons,Brock Badgers,,Sawyer Whitaker,Wilson Michel,L,R,Fastball,Walk,,,0,-1.373549297,0.230081097
7,0,0,0,'0-0,2025-10-03,Guelph Gryphons,Brock Badgers,1.26,Tommy Cullen,Wilson Michel,R,R,Fastball,Sacrifice Bunt,Ground Ball,Straightaway,100,-0.556013359,0.561520298
7,1,0,0,'0-0,2025-10-03,Guelph Gryphons,Brock Badgers,,Noah Chang,Wilson Michel,R,R,Fastball,Hit By Pitch,,,10,-1.592888207,0.821936813
7,1,0,0,'0-0,2025-10-03,Guelph Gryphons,Brock Badgers,,Jaylen Wood,Wilson Michel,R,R,Fastball,Double Play,Line Drive,Straightaway,110,0.580560993,0.664108622
7,0,0,0,'0-0,2025-10-03,Brock Badgers,Guelph Gryphons,,Flynn Matheson,J.C. Reynolds,R,R,Fastball,Foul,,,0,-0.316734548,1.137593195
7,0,0,1,'0-1,2025-10-03,Brock Badgers,Guelph Gryphons,,Flynn Matheson,J.C. Reynolds,R,R,Breaking Ball,Ball,,,0,1.757015148,-0.046118237
7,0,1,1,'1-1,2025-10-03,Brock Badgers,Guelph Gryphons,,Flynn Matheson,J.C. Reynolds,R,R,Fastball,Foul,,,0,-0.615833062,0.593085936
7,0,1,2,'1-2,2025-10-03,Brock Badgers,Guelph Gryphons,,Flynn Matheson,J.C. Reynolds,R,R,Breaking Ball,Ball,,,0,1.577556039,-0.227620657
7,0,2,2,'2-2,2025-10-03,Brock Badgers,Guelph Gryphons,,Flynn Matheson,J.C. Reynolds,R,R,Breaking Ball,Ball,,,0,1.318337327,-0.417014486
7,0,3,2,'3-2,2025-10-03,Brock Badgers,Guelph Gryphons,,Flynn Matheson,J.C. Reynolds,R,R,Fastball,Walk,,,0,1.737075247,0.18273264
7,0,0,0,'0-0,2025-10-03,Brock Badgers,Guelph Gryphons,1.09,Nolan Phelan,J.C. Reynolds,R,R,Fastball,Ball,,,100,1.338277228,0.301103783
7,0,1,0,'1-0,2025-10-03,Brock Badgers,Guelph Gryphons,1.16,Nolan Phelan,J.C. Reynolds,R,R,Fastball,Ball,,,100,1.557616139,0.435257745
7,0,2,0,'2-0,2025-10-03,Brock Badgers,Guelph Gryphons,,Nolan Phelan,J.C. Reynolds,R,R,Fastball,Called Strike,,,100,0.580560993,0.664108622
7,0,2,1,'2-1,2025-10-03,Brock Badgers,Guelph Gryphons,,Nolan Phelan,J.C. Reynolds,R,R,Fastball,Swinging Strike,,,100,0.540681192,0.198515459
7,0,2,2,'2-2,2025-10-03,Brock Badgers,Guelph Gryphons,,Nolan Phelan,J.C. Reynolds,R,R,Fastball,Foul,,,100,0.401101885,0.600977346
7,0,2,2,'2-2,2025-10-03,Brock Badgers,Guelph Gryphons,,Nolan Phelan,J.C. Reynolds,R,R,Fastball,Ball,,,100,1.457916634,-0.251294886
7,0,3,2,'3-2,2025-10-03,Brock Badgers,Guelph Gryphons,,Nolan Phelan,J.C. Reynolds,R,R,Fastball,Single,Line Drive,Straightaway,100,0.30140238,0.506280431
7,0,0,0,'0-0,2025-10-03,Brock Badgers,Guelph Gryphons,,Brady Campbell,J.C. Reynolds,R,R,Fastball,Sacrifice Bunt,Ground Ball,Straightaway,110,0.181762975,0.458931974
7,1,0,0,'0-0,2025-10-03,Brock Badgers,Guelph Gryphons,,Liam Riley,J.C. Reynolds,R,R,Fastball,Called Strike,,,11,0.440981687,0.372126469
7,1,0,1,'0-1,2025-10-03,Brock Badgers,Guelph Gryphons,,Liam Riley,J.C. Reynolds,R,R,Breaking Ball,Ball,,,11,0.879659507,-0.314426162
7,1,1,1,'1-1,2025-10-03,Brock Badgers,Guelph Gryphons,,Liam Riley,J.C. Reynolds,R,R,Fastball,Called Strike,,,11,1.258517625,0.743022718
7,1,1,2,'1-2,2025-10-03,Brock Badgers,Guelph Gryphons,,Liam Riley,J.C. Reynolds,R,R,Breaking Ball,Strikeout Swinging,,,11,1.298397427,-0.17238079
7,2,0,0,'0-0,2025-10-03,Brock Badgers,Guelph Gryphons,,Adam Geddes,J.C. Reynolds,L,R,Fastball,Single,Line Drive,Opposite Field,11,-0.516133557,0.52206325
7,2,0,0,'0-0,2025-10-03,Brock Badgers,Guelph Gryphons,,Nate Parsons,J.C. Reynolds,L,R,Fastball,Double,Fly Ball,Opposite Field,100,-0.35661435,0.166949821
7,2,0,0,'0-0,2025-10-03,Brock Badgers,Guelph Gryphons,,Reid Lunney,Max Rutherford,L,L,Fastball,Ball,,,10,0.839779705,-0.338100391
7,2,1,0,'1-0,2025-10-03,Brock Badgers,Guelph Gryphons,,Reid Lunney,Max Rutherford,L,L,Fastball,Foul,,,10,0.50080139,0.316886602
7,2,1,1,'1-1,2025-10-03,Brock Badgers,Guelph Gryphons,,Reid Lunney,Max Rutherford,L,L,Fastball,Called Strike,,,10,-0.197095143,0.403692107
7,2,1,2,'1-2,2025-10-03,Brock Badgers,Guelph Gryphons,,Reid Lunney,Max Rutherford,L,L,Breaking Ball,Strikeout Looking,,,10,-0.536073458,0.735131308
8,0,0,0,'0-0,2025-10-03,Guelph Gryphons,Brock Badgers,,Marco Da Gama,Jack Cohen,R,R,Fastball,Foul,,,0,0.401101885,0.159058411
8,0,0,1,'0-1,2025-10-03,Guelph Gryphons,Brock Badgers,,Marco Da Gama,Jack Cohen,R,R,Fastball,Ball,,,0,0.261522579,1.113918967
8,0,1,1,'1-1,2025-10-03,Guelph Gryphons,Brock Badgers,,Marco Da Gama,Jack Cohen,R,R,Fastball,Foul,,,0,0.261522579,0.301103783
8,0,1,2,'1-2,2025-10-03,Guelph Gryphons,Brock Badgers,,Marco Da Gama,Jack Cohen,R,R,Fastball,Ball,,,0,1.398096931,-0.448580125
8,0,2,2,'2-2,2025-10-03,Guelph Gryphons,Brock Badgers,,Marco Da Gama,Jack Cohen,R,R,Fastball,Ball,,,0,0.520741291,1.121810376
8,0,3,2,'3-2,2025-10-03,Guelph Gryphons,Brock Badgers,,Marco Da Gama,Jack Cohen,R,R,Fastball,Strikeout Swinging,,,0,-0.635772963,0.301103783
8,1,0,0,'0-0,2025-10-03,Guelph Gryphons,Brock Badgers,,Evan Ogston,Jack Cohen,R,R,Fastball,Double,Fly Ball,Straightaway,0,-0.097395638,0.364235059
8,1,0,0,'0-0,2025-10-03,Guelph Gryphons,Brock Badgers,,Andrew Johnston,Jack Cohen,R,R,Fastball,Ball,,,10,1.358217129,-0.274969115
8,1,1,0,'1-0,2025-10-03,Guelph Gryphons,Brock Badgers,,Andrew Johnston,Jack Cohen,R,R,Fastball,Ball,,,1,1.537676238,0.869285271
8,1,2,0,'2-0,2025-10-03,Guelph Gryphons,Brock Badgers,,Andrew Johnston,Jack Cohen,R,R,Fastball,Ball,,,1,1.59749594,0.206406868
8,1,3,0,'3-0,2025-10-03,Guelph Gryphons,Brock Badgers,,Andrew Johnston,Jack Cohen,R,R,Fastball,Walk,,,1,0.779960003,-0.330208981
8,1,0,0,'0-0,2025-10-03,Guelph Gryphons,Brock Badgers,,Noah Cantwell,Jack Cohen,R,R,Fastball,Foul,,,101,-0.336674449,0.435257745
8,1,0,1,'0-1,2025-10-03,Guelph Gryphons,Brock Badgers,,Noah Cantwell,Jack Cohen,R,R,Slider,Ball,,,101,-1.413429099,0.664108622
8,1,1,1,'1-1,2025-10-03,Guelph Gryphons,Brock Badgers,,Noah Cantwell,Jack Cohen,R,R,Fastball,Popout,Pop Up,Straightaway,101,-0.376554251,0.71145708
8,2,0,0,'0-0,2025-10-03,Guelph Gryphons,Brock Badgers,,Jack Gillis,Jack Cohen,L,R,Fastball,Swinging Strike,,,101,0.520741291,0.853502452
8,2,0,1,'0-1,2025-10-03,Guelph Gryphons,Brock Badgers,,Jack Gillis,Jack Cohen,L,R,Fastball,Ball,,,101,1.79689495,1.05078769
8,2,1,1,'1-1,2025-10-03,Guelph Gryphons,Brock Badgers,,Jack Gillis,Jack Cohen,L,R,Fastball,Swinging Strike,,,101,-0.476253756,0.35634365
8,2,1,2,'1-2,2025-10-03,Guelph Gryphons,Brock Badgers,,Jack Gillis,Jack Cohen,L,R,Fastball,Ball,,,101,-1.672647811,0.17484123
8,2,2,2,'2-2,2025-10-03,Guelph Gryphons,Brock Badgers,,Jack Gillis,Jack Cohen,L,R,Fastball,Double,Line Drive,Pull,101,-0.436373954,0.198515459
8,2,0,0,'0-0,2025-10-03,Guelph Gryphons,Brock Badgers,,Brendan Cooper,Jack Cohen,R,R,Fastball,Groundout,Ground Ball,Opposite Field,11,-0.35661435,0.593085936
8,0,0,0,'0-0,2025-10-03,Brock Badgers,Guelph Gryphons,,Cole Carpenter,Max Rutherford,R,L,Fastball,Called Strike,,,0,0.341282182,0.159058411
8,0,0,1,'0-1,2025-10-03,Brock Badgers,Guelph Gryphons,,Cole Carpenter,Max Rutherford,R,L,Fastball,Ball,,,0,1.218637823,-0.440688715
8,0,1,1,'1-1,2025-10-03,Brock Badgers,Guelph Gryphons,,Cole Carpenter,Max Rutherford,R,L,Fastball,Ball,,,0,1.657315643,-0.211837838
8,0,2,1,'2-1,2025-10-03,Brock Badgers,Guelph Gryphons,,Cole Carpenter,Max Rutherford,R,L,Fastball,Ball,,,0,1.677255544,0.009121629
8,0,3,1,'3-1,2025-10-03,Brock Badgers,Guelph Gryphons,,Cole Carpenter,Max Rutherford,R,L,Fastball,Foul,,,0,0.799899904,0.324778012
8,0,3,2,'3-2,2025-10-03,Brock Badgers,Guelph Gryphons,,Cole Carpenter,Max Rutherford,R,L,Fastball,Walk,,,0,-0.635772963,-0.330208981
8,0,0,0,'0-0,2025-10-03,Brock Badgers,Guelph Gryphons,1.26,Jaden Leeder,Max Rutherford,R,L,Fastball,Called Strike,,,100,-0.376554251,0.072252906
8,0,0,1,'0-1,2025-10-03,Brock Badgers,Guelph Gryphons,1.32,Jaden Leeder,Max Rutherford,R,L,Fastball,Ball,,,100,0.440981687,-0.125032333
8,0,1,1,'1-1,2025-10-03,Brock Badgers,Guelph Gryphons,,Jaden Leeder,Max Rutherford,R,L,Fastball,Ball,,,100,1.517736337,0.821936813
8,0,2,1,'2-1,2025-10-03,Brock Badgers,Guelph Gryphons,1.3,Jaden Leeder,Max Rutherford,R,L,Fastball,Swinging Strike,,,100,-0.416434053,-0.164489381
8,0,2,2,'2-2,2025-10-03,Brock Badgers,Guelph Gryphons,,Jaden Leeder,Max Rutherford,R,L,Fastball,Strikeout Looking,,,100,1.298397427,0.735131308
8,1,0,0,'0-0,2025-10-03,Brock Badgers,Guelph Gryphons,,Flynn Matheson,Max Rutherford,R,L,Fastball,Swinging Strike,,,100,0.600500894,0.829828223
8,1,0,1,'0-1,2025-10-03,Brock Badgers,Guelph Gryphons,,Flynn Matheson,Max Rutherford,R,L,Fastball,Foul,,,100,0.899599408,0.569411708
8,1,0,2,'0-2,2025-10-03,Brock Badgers,Guelph Gryphons,,Flynn Matheson,Max Rutherford,R,L,Fastball,Foul,,,100,0.141883173,0.790371175
8,1,0,2,'0-2,2025-10-03,Brock Badgers,Guelph Gryphons,,Flynn Matheson,Max Rutherford,R,L,Fastball,Foul,,,100,0.261522579,0.451040564
8,1,0,2,'0-2,2025-10-03,Brock Badgers,Guelph Gryphons,,Flynn Matheson,Max Rutherford,R,L,Fastball,Groundout,Pop Up,Opposite Field,100,0.7201403,1.090244738
8,2,0,0,'0-0,2025-10-03,Brock Badgers,Guelph Gryphons,,Nolan Phelan,Max Rutherford,R,L,Fastball,Swinging Strike,,,100,1.37815703,0.206406868
8,2,0,1,'0-1,2025-10-03,Brock Badgers,Guelph Gryphons,,Nolan Phelan,Max Rutherford,R,L,Fastball,Ball,,,100,-0.835171972,-0.440688715
8,2,1,1,'1-1,2025-10-03,Brock Badgers,Guelph Gryphons,,Nolan Phelan,Max Rutherford,R,L,Fastball,Ball,,,100,1.039178715,1.137593195
8,2,2,1,'2-1,2025-10-03,Brock Badgers,Guelph Gryphons,,Nolan Phelan,Max Rutherford,R,L,Fastball,Swinging Strike,,,10,1.198697922,0.293212373
8,2,2,2,'2-2,2025-10-03,Brock Badgers,Guelph Gryphons,,Nolan Phelan,Max Rutherford,R,L,Fastball,Strikeout Swinging,,,10,0.700200399,0.253755326
9,0,0,0,'0-0,2025-10-03,Guelph Gryphons,Brock Badgers,,Tommy Cullen,Jack Cohen,R,R,Fastball,Called Strike,,,0,0.321342281,0.324778012
9,0,0,1,'0-1,2025-10-03,Guelph Gryphons,Brock Badgers,,Tommy Cullen,Jack Cohen,R,R,Fastball,Foul,,,0,-0.595893161,0.719348489
9,0,0,2,'0-2,2025-10-03,Guelph Gryphons,Brock Badgers,,Tommy Cullen,Jack Cohen,R,R,Slider,Ball,,,0,-1.114330585,1.074461919
9,0,1,2,'1-2,2025-10-03,Guelph Gryphons,Brock Badgers,,Tommy Cullen,Jack Cohen,R,R,Fastball,Ball,,,0,1.677255544,0.585194527
9,0,2,2,'2-2,2025-10-03,Guelph Gryphons,Brock Badgers,,Tommy Cullen,Jack Cohen,R,R,Fastball,Strikeout Swinging,,,0,-1.333669495,0.403692107
9,1,0,0,'0-0,2025-10-03,Guelph Gryphons,Brock Badgers,,Noah Chang,Jack Cohen,R,R,Fastball,Ball,,,0,-0.556013359,1.082353329
9,1,1,0,'1-0,2025-10-03,Guelph Gryphons,Brock Badgers,,Noah Chang,Jack Cohen,R,R,Fastball,Called Strike,,,0,0.440981687,0.679891441
9,1,1,1,'1-1,2025-10-03,Guelph Gryphons,Brock Badgers,,Noah Chang,Jack Cohen,R,R,Fastball,Swinging Strike,,,0,-0.536073458,0.798262585
9,1,1,2,'1-2,2025-10-03,Guelph Gryphons,Brock Badgers,,Noah Chang,Jack Cohen,R,R,Slider,Hit By Pitch,,,0,-1.553008405,0.70356567
9,1,0,0,'0-0,2025-10-03,Guelph Gryphons,Brock Badgers,,Jaylen Wood,Jack Cohen,R,R,Fastball,Groundout,Ground Ball,Straightaway,100,-0.336674449,0.340560831
9,2,0,0,'0-0,2025-10-03,Guelph Gryphons,Brock Badgers,,Marco Da Gama,Jack Cohen,R,R,Fastball,Ball,,,100,0.620440795,-0.377557439
9,2,1,0,'1-0,2025-10-03,Guelph Gryphons,Brock Badgers,"1,31",Marco Da Gama,Jack Cohen,R,R,Fastball,Called Strike,,,100,-0.276854746,0.18273264
9,2,1,1,'1-1,2025-10-03,Guelph Gryphons,Brock Badgers,,Marco Da Gama,Jack Cohen,R,R,Fastball,Ball,,,10,0.261522579,1.200724472
9,2,2,1,'2-1,2025-10-03,Guelph Gryphons,Brock Badgers,,Marco Da Gama,Jack Cohen,R,R,Fastball,Ball,,,10,1.617435841,0.230081097
9,2,3,1,'3-1,2025-10-03,Guelph Gryphons,Brock Badgers,,Marco Da Gama,Jack Cohen,R,R,Fastball,Walk,,,10,1.358217129,-0.314426162
9,2,0,0,'0-0,2025-10-03,Guelph Gryphons,Brock Badgers,,Evan Ogston,Jack Cohen,R,R,Fastball,Ball,,,110,1.457916634,0.695674261
9,2,1,0,'1-0,2025-10-03,Guelph Gryphons,Brock Badgers,,Evan Ogston,Jack Cohen,R,R,Fastball,Ball,,,110,1.198697922,-0.424905896
9,2,2,0,'2-0,2025-10-03,Guelph Gryphons,Brock Badgers,,Evan Ogston,Jack Cohen,R,R,Fastball,Ball,,,110,-1.87204682,0.577303117
9,2,3,0,'3-0,2025-10-03,Guelph Gryphons,Brock Badgers,,Evan Ogston,Jack Cohen,R,R,Fastball,Walk,,,11,1.098998417,-0.227620657
9,2,0,0,'0-0,2025-10-03,Guelph Gryphons,Brock Badgers,,Andrew Johnston,Jack Cohen,R,R,Fastball,Ball,,,111,1.37815703,-0.345991801
9,2,1,0,'1-0,2025-10-03,Guelph Gryphons,Brock Badgers,,Andrew Johnston,Jack Cohen,R,R,Fastball,Hit By Pitch,,,111,-1.533068505,0.814045404
9,2,0,0,'0-0,2025-10-03,Guelph Gryphons,Brock Badgers,,Noah Cantwell,Daniel Lucas,R,R,Fastball,Groundout,Ground Ball,Pull,111,-0.476253756,0.672000032
9,0,0,0,'0-0,2025-10-03,Brock Badgers,Guelph Gryphons,,Brady Campbell,Landon Hutar,R,R,Breaking Ball,Ball,,,0,1.637375742,0.52206325
9,0,1,0,'1-0,2025-10-03,Brock Badgers,Guelph Gryphons,,Brady Campbell,Landon Hutar,R,R,Fastball,Popout,Pop Up,Opposite Field,0,-0.316734548,0.861393861
9,1,0,0,'0-0,2025-10-03,Brock Badgers,Guelph Gryphons,,Liam Riley,Landon Hutar,R,R,Fastball,Foul,,,0,0.740080201,0.640434394
9,1,0,1,'0-1,2025-10-03,Brock Badgers,Guelph Gryphons,,Liam Riley,Landon Hutar,R,R,Breaking Ball,Ball,,,0,0.121943272,1.090244738
9,1,1,1,'1-1,2025-10-03,Brock Badgers,Guelph Gryphons,,Liam Riley,Landon Hutar,R,R,Fastball,Swinging Strike,,,0,0.201702876,0.900850909
9,1,1,2,'1-2,2025-10-03,Brock Badgers,Guelph Gryphons,,Liam Riley,Landon Hutar,R,R,Breaking Ball,Popout,Pop Up,Opposite Field,0,0.30140238,0.364235059
9,2,0,0,'0-0,2025-10-03,Brock Badgers,Guelph Gryphons,,Adam Geddes,Landon Hutar,L,R,Breaking Ball,Called Strike,,,0,-0.695592666,0.35634365
9,2,0,1,'0-1,2025-10-03,Brock Badgers,Guelph Gryphons,,Adam Geddes,Landon Hutar,L,R,Breaking Ball,Ball,,,0,0.859719606,-0.219729248
9,2,1,1,'1-1,2025-10-03,Brock Badgers,Guelph Gryphons,,Adam Geddes,Landon Hutar,L,R,Fastball,Foul,,,0,0.121943272,0.135384182
9,2,1,2,'1-2,2025-10-03,Brock Badgers,Guelph Gryphons,,Adam Geddes,Landon Hutar,L,R,Fastball,Ball,,,0,1.677255544,0.159058411
9,2,2,2,'2-2,2025-10-03,Brock Badgers,Guelph Gryphons,,Adam Geddes,Landon Hutar,L,R,Fastball,Single,Ground Ball,Straightaway,0,0.141883173,0.419474926
9,2,0,0,'0-0,2025-10-03,Brock Badgers,Guelph Gryphons,,Nate Parsons,Landon Hutar,L,R,Fastball,Called Strike,,,100,-0.057515836,0.616760165
9,2,0,1,'0-1,2025-10-03,Brock Badgers,Guelph Gryphons,,Nate Parsons,Landon Hutar,L,R,Breaking Ball,Ball,,,100,-0.79529217,1.098136148
9,2,1,1,'1-1,2025-10-03,Brock Badgers,Guelph Gryphons,,Nate Parsons,Landon Hutar,L,R,Fastball,Single,Line Drive,Opposite Field,100,0.540681192,0.285320964
9,2,0,0,'0-0,2025-10-03,Brock Badgers,Guelph Gryphons,,Reid Lunney,Landon Hutar,L,R,,Intentional Walk,,,101,,
9,2,0,0,'0-0,2025-10-03,Brock Badgers,Guelph Gryphons,,Cole Carpenter,Landon Hutar,R,R,Fastball,Ball,,,111,1.577556039,-0.298643343
9,2,1,0,'1-0,2025-10-03,Brock Badgers,Guelph Gryphons,,Cole Carpenter,Landon Hutar,R,R,Fastball,Foul,,,111,-0.496193657,0.829828223
9,2,1,1,'1-1,2025-10-03,Brock Badgers,Guelph Gryphons,,Cole Carpenter,Landon Hutar,R,R,Fastball,Groundout,Ground Ball,Straightaway,111,0.480861489,0.35634365
1,0,0,0,'0-0,2025-10-04,Brock Badgers,Guelph Gryphons,,Gavin Taylor,Daniel Meron,R,R,Fastball,Foul,,,0,-0.157215341,0.908742318
1,0,0,1,'0-1,2025-10-04,Brock Badgers,Guelph Gryphons,,Gavin Taylor,Daniel Meron,R,R,Fastball,Single,Ground Ball,Pull,0,0.30140238,0.395800698
1,0,0,0,'0-0,2025-10-04,Brock Badgers,Guelph Gryphons,,Reid Lunney,Daniel Meron,L,R,Offspeed,Ball,,,100,-1.293789693,-0.061901057
1,0,1,0,'1-0,2025-10-04,Brock Badgers,Guelph Gryphons,,Reid Lunney,Daniel Meron,L,R,Fastball,Called Strike,,,100,-0.13727544,0.34845224
1,0,1,1,'1-1,2025-10-04,Brock Badgers,Guelph Gryphons,,Reid Lunney,Daniel Meron,L,R,Offspeed,Swinging Strike,,,10,0.401101885,-0.322317572
1,0,1,2,'1-2,2025-10-04,Brock Badgers,Guelph Gryphons,,Reid Lunney,Daniel Meron,L,R,Offspeed,Strikeout Swinging,,,10,0.261522579,0.403692107
1,1,0,0,'0-0,2025-10-04,Brock Badgers,Guelph Gryphons,,Cole Carpenter,Daniel Meron,R,R,Fastball,Flyout,Fly Ball,Straightaway,10,-0.256914845,0.261646735
1,2,0,0,'0-0,2025-10-04,Brock Badgers,Guelph Gryphons,,Jaden Leeder,Daniel Meron,R,R,Fastball,Foul,,,10,0.102003371,0.924525138
1,2,0,1,'0-1,2025-10-04,Brock Badgers,Guelph Gryphons,,Jaden Leeder,Daniel Meron,R,R,Fastball,Ball,,,10,0.361222083,1.106027557
1,2,1,1,'1-1,2025-10-04,Brock Badgers,Guelph Gryphons,,Jaden Leeder,Daniel Meron,R,R,Fastball,Flyout,Fly Ball,Opposite Field,10,0.421041786,0.672000032
1,0,0,0,'0-0,2025-10-04,Guelph Gryphons,Brock Badgers,,Marco Da Gama,Ryan Facchini,R,R,Cutter,Ball,,,0,0.520741291,1.177050243
1,0,1,0,'1-0,2025-10-04,Guelph Gryphons,Brock Badgers,,Marco Da Gama,Ryan Facchini,R,R,Cutter,Flyout,Fly Ball,Straightaway,0,0.401101885,0.245863916
1,1,0,0,'0-0,2025-10-04,Guelph Gryphons,Brock Badgers,,Evan Ogston,Ryan Facchini,R,R,Slider,Ball,,,0,-1.373549297,0.750914127
1,1,1,0,'1-0,2025-10-04,Guelph Gryphons,Brock Badgers,,Evan Ogston,Ryan Facchini,R,R,Fastball,Called Strike,,,0,-0.655712864,0.624651575
1,1,1,1,'1-1,2025-10-04,Guelph Gryphons,Brock Badgers,,Evan Ogston,Ryan Facchini,R,R,Cutter,Single,Line Drive,Straightaway,0,-0.197095143,0.600977346
1,1,0,0,'0-0,2025-10-04,Guelph Gryphons,Brock Badgers,,Andrew Johnston,Ryan Facchini,R,R,Cutter,Called Strike,,,100,0.859719606,0.190624049
1,1,0,1,'0-1,2025-10-04,Guelph Gryphons,Brock Badgers,1.11,Andrew Johnston,Ryan Facchini,R,R,Fastball,Called Strike,,,100,-0.675652765,0.419474926
1,1,0,2,'0-2,2025-10-04,Guelph Gryphons,Brock Badgers,,Andrew Johnston,Ryan Facchini,R,R,Cutter,Single,Ground Ball,Pull,100,0.241582678,0.159058411
1,1,0,0,'0-0,2025-10-04,Guelph Gryphons,Brock Badgers,,Noah Cantwell,Ryan Facchini,R,R,Fastball,Foul,,,110,-0.416434053,0.411583517
1,1,0,1,'0-1,2025-10-04,Guelph Gryphons,Brock Badgers,,Noah Cantwell,Ryan Facchini,R,R,Cutter,Single,Line Drive,Pull,110,0.341282182,0.782479766
1,1,0,0,'0-0,2025-10-04,Guelph Gryphons,Brock Badgers,,Noah Cantwell,Ryan Facchini,R,R,,Additional Out,,,11,,
1,2,0,0,'0-0,2025-10-04,Guelph Gryphons,Brock Badgers,,Jack Gillis,Ryan Facchini,L,R,Fastball,Ball,,,11,-0.735472468,1.098136148
1,2,1,0,'1-0,2025-10-04,Guelph Gryphons,Brock Badgers,,Jack Gillis,Ryan Facchini,L,R,Fastball,Ball,,,11,-1.273849793,0.837719632
1,2,2,0,'2-0,2025-10-04,Guelph Gryphons,Brock Badgers,,Jack Gillis,Ryan Facchini,L,R,Fastball,Foul,,,11,-0.496193657,0.845611042
1,2,2,1,'2-1,2025-10-04,Guelph Gryphons,Brock Badgers,,Jack Gillis,Ryan Facchini,L,R,Fastball,Groundout,Ground Ball,Straightaway,11,-0.117335539,0.214298278
2,0,0,0,'0-0,2025-10-04,Brock Badgers,Guelph Gryphons,,Flynn Matheson,Daniel Meron,R,R,Breaking Ball,Ball,,,0,1.876654553,-0.211837838
2,0,1,0,'1-0,2025-10-04,Brock Badgers,Guelph Gryphons,,Flynn Matheson,Daniel Meron,R,R,Fastball,Single,Ground Ball,Opposite Field,0,0.30140238,0.395800698
2,0,0,0,'0-0,2025-10-04,Brock Badgers,Guelph Gryphons,1.02,Nolan Phelan,Daniel Meron,R,R,Fastball,Popout,Pop Up,Pull,100,-0.35661435,0.316886602
2,1,0,0,'0-0,2025-10-04,Brock Badgers,Guelph Gryphons,,Brady Campbell,Daniel Meron,R,R,Fastball,Ball,,,100,-1.413429099,0.127492773
2,1,1,0,'1-0,2025-10-04,Brock Badgers,Guelph Gryphons,,Brady Campbell,Daniel Meron,R,R,Fastball,Single,Line Drive,Straightaway,100,-0.336674449,0.230081097
2,1,0,0,'0-0,2025-10-04,Brock Badgers,Guelph Gryphons,,Liam Riley,Daniel Meron,R,R,Fastball,Called Strike,,,110,0.660320597,0.514171841
2,1,0,1,'0-1,2025-10-04,Brock Badgers,Guelph Gryphons,,Liam Riley,Daniel Meron,R,R,Fastball,Ball,,,110,0.740080201,-0.235512067
2,1,1,1,'1-1,2025-10-04,Brock Badgers,Guelph Gryphons,,Liam Riley,Daniel Meron,R,R,Fastball,Swinging Strike,,,110,-0.336674449,1.074461919
2,1,1,2,'1-2,2025-10-04,Brock Badgers,Guelph Gryphons,,Liam Riley,Daniel Meron,R,R,Breaking Ball,Strikeout Swinging,,,110,0.700200399,0.308995192
2,2,0,0,'0-0,2025-10-04,Brock Badgers,Guelph Gryphons,,Adam Geddes,Daniel Meron,L,R,Offspeed,Swinging Strike,,,110,-0.117335539,0.293212373
2,2,0,1,'0-1,2025-10-04,Brock Badgers,Guelph Gryphons,,Adam Geddes,Daniel Meron,L,R,Offspeed,Ball,,,110,-0.595893161,-0.227620657
2,2,1,1,'1-1,2025-10-04,Brock Badgers,Guelph Gryphons,,Adam Geddes,Daniel Meron,L,R,Offspeed,Ball,,,110,-1.692587712,0.364235059
2,2,2,1,'2-1,2025-10-04,Brock Badgers,Guelph Gryphons,,Adam Geddes,Daniel Meron,L,R,Offspeed,Foul,,,110,0.401101885,0.364235059
2,2,2,2,'2-2,2025-10-04,Brock Badgers,Guelph Gryphons,,Adam Geddes,Daniel Meron,L,R,Offspeed,Strikeout Swinging,,,110,-0.556013359,0.553628889
2,0,0,0,'0-0,2025-10-04,Guelph Gryphons,Brock Badgers,,Sawyer Whitaker,Ryan Facchini,L,R,Fastball,Ball,,,0,-1.253909892,0.774588356
2,0,1,0,'1-0,2025-10-04,Guelph Gryphons,Brock Badgers,,Sawyer Whitaker,Ryan Facchini,L,R,Fastball,Called Strike,,,0,-0.775352269,0.387909288
2,0,1,1,'1-1,2025-10-04,Guelph Gryphons,Brock Badgers,,Sawyer Whitaker,Ryan Facchini,L,R,Fastball,Ball,,,0,-1.513128604,1.113918967
2,0,2,1,'2-1,2025-10-04,Guelph Gryphons,Brock Badgers,,Sawyer Whitaker,Ryan Facchini,L,R,Changeup,Called Strike,,,0,-0.276854746,0.758805537
2,0,2,2,'2-2,2025-10-04,Guelph Gryphons,Brock Badgers,,Sawyer Whitaker,Ryan Facchini,L,R,Fastball,Foul,,,0,0.381161984,0.403692107
2,0,2,2,'2-2,2025-10-04,Guelph Gryphons,Brock Badgers,,Sawyer Whitaker,Ryan Facchini,L,R,Changeup,Groundout,Ground Ball,Straightaway,0,-0.35661435,0.198515459
2,1,0,0,'0-0,2025-10-04,Guelph Gryphons,Brock Badgers,,Tommy Cullen,Ryan Facchini,R,R,Fastball,Swinging Strike,,,0,0.700200399,0.35634365
2,1,0,1,'0-1,2025-10-04,Guelph Gryphons,Brock Badgers,,Tommy Cullen,Ryan Facchini,R,R,Cutter,Ball,,,0,1.258517625,-0.243403476
2,1,1,1,'1-1,2025-10-04,Guelph Gryphons,Brock Badgers,,Tommy Cullen,Ryan Facchini,R,R,Fastball,Called Strike,,,0,-0.715532567,0.52206325
2,1,1,2,'1-2,2025-10-04,Guelph Gryphons,Brock Badgers,,Tommy Cullen,Ryan Facchini,R,R,Fastball,Groundout,Ground Ball,Opposite Field,0,0.421041786,0.159058411
2,2,0,0,'0-0,2025-10-04,Guelph Gryphons,Brock Badgers,,Noah Chang,Ryan Facchini,R,R,Fastball,Swinging Strike,,,0,0.580560993,-0.227620657
2,2,0,1,'0-1,2025-10-04,Guelph Gryphons,Brock Badgers,,Noah Chang,Ryan Facchini,R,R,Cutter,Swinging Strike,,,0,1.577556039,-0.267077705
2,2,0,2,'0-2,2025-10-04,Guelph Gryphons,Brock Badgers,,Noah Chang,Ryan Facchini,R,R,Cutter,Strikeout Swinging,,,0,0.680260498,-0.345991801
3,0,0,0,'0-0,2025-10-04,Brock Badgers,Guelph Gryphons,,Gavin Taylor,Daniel Meron,R,R,Fastball,Groundout,Ground Ball,Straightaway,0,-0.416434053,0.403692107
3,1,0,0,'0-0,2025-10-04,Brock Badgers,Guelph Gryphons,,Reid Lunney,Daniel Meron,L,R,Offspeed,Swinging Strike,,,0,0.421041786,0.135384182
3,1,0,1,'0-1,2025-10-04,Brock Badgers,Guelph Gryphons,,Reid Lunney,Daniel Meron,L,R,Offspeed,Foul,,,0,-0.236974945,0.159058411
3,1,0,2,'0-2,2025-10-04,Brock Badgers,Guelph Gryphons,,Reid Lunney,Daniel Meron,L,R,Fastball,Foul,,,0,0.241582678,0.829828223
3,1,0,2,'0-2,2025-10-04,Brock Badgers,Guelph Gryphons,,Reid Lunney,Daniel Meron,L,R,Breaking Ball,Ball,,,0,-0.536073458,-0.109249514
3,1,1,2,'1-2,2025-10-04,Brock Badgers,Guelph Gryphons,,Reid Lunney,Daniel Meron,L,R,Offspeed,Ball,,,0,-1.453308901,0.230081097
3,1,2,2,'2-2,2025-10-04,Brock Badgers,Guelph Gryphons,,Reid Lunney,Daniel Meron,L,R,Fastball,Groundout,Ground Ball,Straightaway,0,0.640380696,0.427366336
3,2,0,0,'0-0,2025-10-04,Brock Badgers,Guelph Gryphons,,Cole Carpenter,Daniel Meron,R,R,Breaking Ball,Called Strike,,,0,-0.456313855,0.301103783
3,2,0,1,'0-1,2025-10-04,Brock Badgers,Guelph Gryphons,,Cole Carpenter,Daniel Meron,R,R,Breaking Ball,Called Strike,,,0,0.062123569,0.198515459
3,2,0,2,'0-2,2025-10-04,Brock Badgers,Guelph Gryphons,,Cole Carpenter,Daniel Meron,R,R,Fastball,Foul,,,0,0.460921588,0.561520298
3,2,0,2,'0-2,2025-10-04,Brock Badgers,Guelph Gryphons,,Cole Carpenter,Daniel Meron,R,R,Fastball,Ball,,,0,1.896594454,0.301103783
3,2,1,2,'1-2,2025-10-04,Brock Badgers,Guelph Gryphons,,Cole Carpenter,Daniel Meron,R,R,Breaking Ball,Ball,,,0,-1.65270791,0.782479766
3,2,2,2,'2-2,2025-10-04,Brock Badgers,Guelph Gryphons,,Cole Carpenter,Daniel Meron,R,R,Breaking Ball,Strikeout Looking,,,0,0.760020102,0.600977346
3,0,0,0,'0-0,2025-10-04,Guelph Gryphons,Brock Badgers,,Jaylen Wood,Ryan Facchini,R,R,Fastball,Ball,,,0,-0.655712864,-0.1802722
3,0,1,0,'1-0,2025-10-04,Guelph Gryphons,Brock Badgers,,Jaylen Wood,Ryan Facchini,R,R,Fastball,Single,Line Drive,Pull,0,-0.097395638,0.514171841
3,0,0,0,'0-0,2025-10-04,Guelph Gryphons,Brock Badgers,,Marco Da Gama,Ryan Facchini,R,R,Fastball,Called Strike,,,100,-0.79529217,0.316886602
3,0,0,1,'0-1,2025-10-04,Guelph Gryphons,Brock Badgers,,Marco Da Gama,Ryan Facchini,R,R,Fastball,Foul,,,100,0.560621092,0.395800698
3,0,0,2,'0-2,2025-10-04,Guelph Gryphons,Brock Badgers,,Marco Da Gama,Ryan Facchini,R,R,Cutter,Ball,,,100,1.418036832,-0.338100391
3,0,1,2,'1-2,2025-10-04,Guelph Gryphons,Brock Badgers,,Marco Da Gama,Ryan Facchini,R,R,Fastball,Ball,,,10,-0.376554251,-0.377557439
3,0,2,2,'2-2,2025-10-04,Guelph Gryphons,Brock Badgers,,Marco Da Gama,Ryan Facchini,R,R,Cutter,Ball,,,10,-1.473248802,0.293212373
3,0,3,2,'3-2,2025-10-04,Guelph Gryphons,Brock Badgers,,Marco Da Gama,Ryan Facchini,R,R,Fastball,Flyout,Fly Ball,Straightaway,10,-0.376554251,0.143275592
3,1,0,0,'0-0,2025-10-04,Guelph Gryphons,Brock Badgers,,Evan Ogston,Ryan Facchini,R,R,Slider,Swinging Strike,,,10,0.839779705,-0.322317572
3,1,0,1,'0-1,2025-10-04,Guelph Gryphons,Brock Badgers,,Evan Ogston,Ryan Facchini,R,R,Fastball,Called Strike,,,10,0.620440795,0.261646735
3,1,0,2,'0-2,2025-10-04,Guelph Gryphons,Brock Badgers,,Evan Ogston,Ryan Facchini,R,R,Fastball,Double,Line Drive,Pull,10,-0.256914845,0.395800698
3,1,0,0,'0-0,2025-10-04,Guelph Gryphons,Brock Badgers,,Andrew Johnston,Ryan Facchini,R,R,Slider,Ball,,,10,-1.433369,0.151167001
3,1,1,0,'1-0,2025-10-04,Guelph Gryphons,Brock Badgers,,Andrew Johnston,Ryan Facchini,R,R,,Pickoff,,,10,,
3,2,1,0,'1-0,2025-10-04,Guelph Gryphons,Brock Badgers,,Andrew Johnston,Ryan Facchini,R,R,Cutter,Ball,,,0,0.959419111,-0.448580125
3,2,2,0,'2-0,2025-10-04,Guelph Gryphons,Brock Badgers,,Andrew Johnston,Ryan Facchini,R,R,Fastball,Foul,,,0,0.221642777,0.166949821
3,2,2,1,'2-1,2025-10-04,Guelph Gryphons,Brock Badgers,,Andrew Johnston,Ryan Facchini,R,R,Fastball,Ball,,,0,-0.954811378,1.121810376
3,2,3,1,'3-1,2025-10-04,Guelph Gryphons,Brock Badgers,,Andrew Johnston,Ryan Facchini,R,R,Slider,Walk,,,0,-1.413429099,0.222189687
3,2,0,0,'0-0,2025-10-04,Guelph Gryphons,Brock Badgers,,Noah Cantwell,Ryan Facchini,R,R,Fastball,Flyout,Fly Ball,Straightaway,100,0.341282182,0.593085936
4,0,0,0,'0-0,2025-10-04,Brock Badgers,Guelph Gryphons,,Jaden Leeder,Daniel Meron,R,R,Fastball,Groundout,Ground Ball,Straightaway,0,-1.393489198,0.766696947
4,1,0,0,'0-0,2025-10-04,Brock Badgers,Guelph Gryphons,,Flynn Matheson,Daniel Meron,R,R,Breaking Ball,Called Strike,,,0,-0.316734548,0.498389022
4,1,0,1,'0-1,2025-10-04,Brock Badgers,Guelph Gryphons,,Flynn Matheson,Daniel Meron,R,R,Breaking Ball,Ball,,,0,0.321342281,-0.417014486
4,1,1,1,'1-1,2025-10-04,Brock Badgers,Guelph Gryphons,,Flynn Matheson,Daniel Meron,R,R,Breaking Ball,Flyout,Fly Ball,Straightaway,0,-0.35661435,0.648325803
4,2,0,0,'0-0,2025-10-04,Brock Badgers,Guelph Gryphons,,Nolan Phelan,Daniel Meron,R,R,Fastball,Ball,,,0,1.457916634,0.687782851
4,2,1,0,'1-0,2025-10-04,Brock Badgers,Guelph Gryphons,,Nolan Phelan,Daniel Meron,R,R,Fastball,Ball,,,0,1.657315643,0.577303117
4,2,2,0,'2-0,2025-10-04,Brock Badgers,Guelph Gryphons,,Nolan Phelan,Daniel Meron,R,R,Fastball,Foul,,,0,-0.396494152,0.743022718
4,2,2,1,'2-1,2025-10-04,Brock Badgers,Guelph Gryphons,,Nolan Phelan,Daniel Meron,R,R,Fastball,Error,Ground Ball,Straightaway,0,0.261522579,0.451040564
4,2,0,0,'0-0,2025-10-04,Brock Badgers,Guelph Gryphons,,Brady Campbell,Daniel Meron,R,R,Fastball,Popout,Pop Up,Opposite Field,0,-0.376554251,0.932416547
4,0,0,0,'0-0,2025-10-04,Guelph Gryphons,Brock Badgers,,Jack Gillis,Ryan Facchini,L,R,Cutter,Called Strike,,,0,-0.655712864,0.34845224
4,0,0,1,'0-1,2025-10-04,Guelph Gryphons,Brock Badgers,,Jack Gillis,Ryan Facchini,L,R,Cutter,Foul,,,0,0.022243767,0.253755326
4,0,0,2,'0-2,2025-10-04,Guelph Gryphons,Brock Badgers,,Jack Gillis,Ryan Facchini,L,R,Changeup,Foul,,,0,-0.496193657,0.103818544
4,0,0,2,'0-2,2025-10-04,Guelph Gryphons,Brock Badgers,,Jack Gillis,Ryan Facchini,L,R,Cutter,Ball,,,0,0.161823074,1.098136148
4,0,1,2,'1-2,2025-10-04,Guelph Gryphons,Brock Badgers,,Jack Gillis,Ryan Facchini,L,R,Slider,Strikeout Swinging,,,0,-0.336674449,0.048578677
4,1,0,0,'0-0,2025-10-04,Guelph Gryphons,Brock Badgers,,Sawyer Whitaker,Ryan Facchini,L,R,Cutter,Ball,,,0,-0.556013359,1.129701786
4,1,1,0,'1-0,2025-10-04,Guelph Gryphons,Brock Badgers,,Sawyer Whitaker,Ryan Facchini,L,R,Cutter,Called Strike,,,0,0.760020102,0.332669421
4,1,1,1,'1-1,2025-10-04,Guelph Gryphons,Brock Badgers,,Sawyer Whitaker,Ryan Facchini,L,R,Cutter,Foul,,,0,-0.57595326,0.269538145
4,1,1,2,'1-2,2025-10-04,Guelph Gryphons,Brock Badgers,,Sawyer Whitaker,Ryan Facchini,L,R,Cutter,Ball,,,0,-0.157215341,-0.574842678
4,1,2,2,'2-2,2025-10-04,Guelph Gryphons,Brock Badgers,,Sawyer Whitaker,Ryan Facchini,L,R,Cutter,Groundout,Ground Ball,Pull,0,-0.296794647,0.166949821
4,2,0,0,'0-0,2025-10-04,Guelph Gryphons,Brock Badgers,,Tommy Cullen,Ryan Facchini,R,R,Cutter,Ball,,,0,0.859719606,-0.322317572
4,2,1,0,'1-0,2025-10-04,Guelph Gryphons,Brock Badgers,,Tommy Cullen,Ryan Facchini,R,R,Fastball,Foul,,,0,0.460921588,0.372126469
4,2,1,1,'1-1,2025-10-04,Guelph Gryphons,Brock Badgers,,Tommy Cullen,Ryan Facchini,R,R,Slider,Ball,,,0,-0.316734548,-0.401231667
4,2,2,1,'2-1,2025-10-04,Guelph Gryphons,Brock Badgers,,Tommy Cullen,Ryan Facchini,R,R,Slider,Swinging Strike,,,0,0.540681192,-0.196055019
4,2,2,2,'2-2,2025-10-04,Guelph Gryphons,Brock Badgers,,Tommy Cullen,Ryan Facchini,R,R,Slider,Strikeout Looking,,,0,0.341282182,0.585194527
5,0,0,0,'0-0,2025-10-04,Brock Badgers,Guelph Gryphons,,Liam Riley,Daniel Meron,R,R,Fastball,Ball,,,0,0.321342281,-0.219729248
5,0,1,0,'1-0,2025-10-04,Brock Badgers,Guelph Gryphons,,Liam Riley,Daniel Meron,R,R,Fastball,Foul,,,0,0.241582678,0.301103783
5,0,1,1,'1-1,2025-10-04,Brock Badgers,Guelph Gryphons,,Liam Riley,Daniel Meron,R,R,Breaking Ball,Ball,,,0,-1.373549297,0.537846069
5,0,2,1,'2-1,2025-10-04,Brock Badgers,Guelph Gryphons,,Liam Riley,Daniel Meron,R,R,Fastball,Ball,,,0,-0.57595326,1.113918967
5,0,3,1,'3-1,2025-10-04,Brock Badgers,Guelph Gryphons,,Liam Riley,Daniel Meron,R,R,Fastball,Swinging Strike,,,0,0.361222083,0.766696947
5,0,3,2,'3-2,2025-10-04,Brock Badgers,Guelph Gryphons,,Liam Riley,Daniel Meron,R,R,Fastball,Walk,,,0,-1.373549297,0.695674261
5,0,0,0,'0-0,2025-10-04,Brock Badgers,Guelph Gryphons,,Adam Geddes,Daniel Meron,L,R,Offspeed,Called Strike,,,100,0.50080139,0.237972506
5,0,0,1,'0-1,2025-10-04,Brock Badgers,Guelph Gryphons,,Adam Geddes,Daniel Meron,L,R,Fastball,Ball,,,100,-1.592888207,0.837719632
5,0,1,1,'1-1,2025-10-04,Brock Badgers,Guelph Gryphons,,Adam Geddes,Daniel Meron,L,R,Offspeed,Foul,,,10,-0.177155242,0.253755326
5,0,1,2,'1-2,2025-10-04,Brock Badgers,Guelph Gryphons,,Adam Geddes,Daniel Meron,L,R,Offspeed,Groundout,Ground Ball,Pull,10,-0.536073458,0.608868755
5,1,0,0,'0-0,2025-10-04,Brock Badgers,Guelph Gryphons,,Gavin Taylor,Daniel Meron,R,R,Fastball,Flyout,Fly Ball,Opposite Field,1,-0.476253756,0.514171841
5,2,0,0,'0-0,2025-10-04,Brock Badgers,Guelph Gryphons,,Reid Lunney,Daniel Meron,L,R,Offspeed,Called Strike,,,1,-0.516133557,0.71145708
5,2,0,1,'0-1,2025-10-04,Brock Badgers,Guelph Gryphons,,Reid Lunney,Daniel Meron,L,R,Breaking Ball,Ball,,,1,-1.553008405,0.656217213
5,2,1,1,'1-1,2025-10-04,Brock Badgers,Guelph Gryphons,,Reid Lunney,Daniel Meron,L,R,Offspeed,Foul,,,1,-0.595893161,0.245863916
5,2,1,2,'1-2,2025-10-04,Brock Badgers,Guelph Gryphons,,Reid Lunney,Daniel Meron,L,R,Offspeed,Ball,,,1,0.440981687,-0.409123077
5,2,2,2,'2-2,2025-10-04,Brock Badgers,Guelph Gryphons,,Reid Lunney,Daniel Meron,L,R,Breaking Ball,Ball,,,1,1.118938318,-0.53538563
5,2,3,2,'3-2,2025-10-04,Brock Badgers,Guelph Gryphons,,Reid Lunney,Daniel Meron,L,R,Offspeed,Strikeout Looking,,,1,0.560621092,0.577303117
5,0,0,0,'0-0,2025-10-04,Guelph Gryphons,Brock Badgers,,Noah Chang,Ryan Facchini,R,R,Cutter,Called Strike,,,0,0.201702876,0.340560831
5,0,0,1,'0-1,2025-10-04,Guelph Gryphons,Brock Badgers,,Noah Chang,Ryan Facchini,R,R,Slider,Ball,,,0,-1.493188703,0.932416547
5,0,1,1,'1-1,2025-10-04,Guelph Gryphons,Brock Badgers,,Noah Chang,Ryan Facchini,R,R,Slider,Ball,,,0,1.298397427,-0.36177462
5,0,2,1,'2-1,2025-10-04,Guelph Gryphons,Brock Badgers,,Noah Chang,Ryan Facchini,R,R,Cutter,Foul,,,0,0.440981687,0.419474926
5,0,2,2,'2-2,2025-10-04,Guelph Gryphons,Brock Badgers,,Noah Chang,Ryan Facchini,R,R,Cutter,Ball,,,0,-0.894991675,-0.440688715
5,0,3,2,'3-2,2025-10-04,Guelph Gryphons,Brock Badgers,,Noah Chang,Ryan Facchini,R,R,Cutter,Strikeout Swinging,,,0,-0.456313855,0.190624049
5,1,0,0,'0-0,2025-10-04,Guelph Gryphons,Brock Badgers,,Jaylen Wood,Ryan Facchini,R,R,Cutter,Flyout,Fly Ball,Opposite Field,0,0.321342281,0.143275592
5,2,0,0,'0-0,2025-10-04,Guelph Gryphons,Brock Badgers,,Marco Da Gama,Ryan Facchini,R,R,Slider,Swinging Strike,,,0,0.779960003,0.135384182
5,2,0,1,'0-1,2025-10-04,Guelph Gryphons,Brock Badgers,,Marco Da Gama,Ryan Facchini,R,R,Changeup,Groundout,Ground Ball,Pull,0,0.381161984,0.34845224
6,0,0,0,'0-0,2025-10-04,Brock Badgers,Guelph Gryphons,,Cole Carpenter,Daniel Meron,R,R,Fastball,Ball,,,0,-1.313729594,0.766696947
6,0,1,0,'1-0,2025-10-04,Brock Badgers,Guelph Gryphons,,Cole Carpenter,Daniel Meron,R,R,Fastball,Flyout,Fly Ball,Opposite Field,0,0.620440795,0.316886602
6,1,0,0,'0-0,2025-10-04,Brock Badgers,Guelph Gryphons,,Jaden Leeder,Daniel Meron,R,R,Fastball,Ball,,,0,1.776955049,-0.235512067
6,1,1,0,'1-0,2025-10-04,Brock Badgers,Guelph Gryphons,,Jaden Leeder,Daniel Meron,R,R,Fastball,Single,Line Drive,Opposite Field,0,-0.376554251,0.632542984
6,1,0,0,'0-0,2025-10-04,Brock Badgers,Guelph Gryphons,,Flynn Matheson,Daniel Meron,R,R,Fastball,Swinging Strike,,,100,-0.456313855,1.137593195
6,1,0,1,'0-1,2025-10-04,Brock Badgers,Guelph Gryphons,,Flynn Matheson,Daniel Meron,R,R,Fastball,Foul,,,100,0.102003371,0.845611042
6,1,0,2,'0-2,2025-10-04,Brock Badgers,Guelph Gryphons,,Flynn Matheson,Daniel Meron,R,R,Fastball,Double Play,Ground Ball,Straightaway,100,0.381161984,0.308995192
6,0,0,0,'0-0,2025-10-04,Guelph Gryphons,Brock Badgers,,Evan Ogston,Ryan Facchini,R,R,Slider,Ball,,,0,-0.536073458,1.184941653
6,0,1,0,'1-0,2025-10-04,Guelph Gryphons,Brock Badgers,,Evan Ogston,Ryan Facchini,R,R,Cutter,Swinging Strike,,,0,-0.157215341,0.837719632
6,0,1,1,'1-1,2025-10-04,Guelph Gryphons,Brock Badgers,,Evan Ogston,Ryan Facchini,R,R,Cutter,Foul,,,0,-0.496193657,0.569411708
6,0,1,2,'1-2,2025-10-04,Guelph Gryphons,Brock Badgers,,Evan Ogston,Ryan Facchini,R,R,Slider,Ball,,,0,-1.732467514,1.027113462
6,0,2,2,'2-2,2025-10-04,Guelph Gryphons,Brock Badgers,,Evan Ogston,Ryan Facchini,R,R,Slider,Strikeout Swinging,,,0,1.537676238,-0.140815152
6,1,0,0,'0-0,2025-10-04,Guelph Gryphons,Brock Badgers,,Andrew Johnston,Ryan Facchini,R,R,Cutter,Called Strike,,,0,-0.296794647,0.482606203
6,1,0,1,'0-1,2025-10-04,Guelph Gryphons,Brock Badgers,,Andrew Johnston,Ryan Facchini,R,R,Cutter,Ball,,,0,2.01623386,-0.132923743
6,1,1,1,'1-1,2025-10-04,Guelph Gryphons,Brock Badgers,,Andrew Johnston,Ryan Facchini,R,R,Slider,Swinging Strike,,,0,0.680260498,-0.282860524
6,1,1,2,'1-2,2025-10-04,Guelph Gryphons,Brock Badgers,,Andrew Johnston,Ryan Facchini,R,R,Slider,Ball,,,0,0.979359012,-0.36177462
6,1,2,2,'2-2,2025-10-04,Guelph Gryphons,Brock Badgers,,Andrew Johnston,Ryan Facchini,R,R,Cutter,Strikeout Swinging,,,0,-0.197095143,-0.306534753
6,2,0,0,'0-0,2025-10-04,Guelph Gryphons,Brock Badgers,,Noah Cantwell,Ryan Facchini,R,R,Cutter,Flyout,Fly Ball,Pull,0,0.161823074,0.316886602
7,0,0,0,'0-0,2025-10-04,Brock Badgers,Guelph Gryphons,,Nolan Phelan,Daniel Meron,R,R,Fastball,Called Strike,,,0,0.640380696,0.387909288
7,0,0,1,'0-1,2025-10-04,Brock Badgers,Guelph Gryphons,,Nolan Phelan,Daniel Meron,R,R,Breaking Ball,Ball,,,0,0.620440795,-0.401231667
7,0,1,1,'1-1,2025-10-04,Brock Badgers,Guelph Gryphons,,Nolan Phelan,Daniel Meron,R,R,Fastball,Foul,,,0,-0.097395638,0.774588356
7,0,1,2,'1-2,2025-10-04,Brock Badgers,Guelph Gryphons,,Nolan Phelan,Daniel Meron,R,R,Breaking Ball,Error,Ground Ball,Pull,0,0.520741291,0.198515459
7,0,0,0,'0-0,2025-10-04,Brock Badgers,Guelph Gryphons,,Brady Campbell,Daniel Meron,R,R,Fastball,Foul,,,100,0.141883173,1.200724472
7,0,0,1,'0-1,2025-10-04,Brock Badgers,Guelph Gryphons,,Brady Campbell,Daniel Meron,R,R,Fastball,Double,Fly Ball,Straightaway,100,0.460921588,0.640434394
7,0,0,0,'0-0,2025-10-04,Brock Badgers,Guelph Gryphons,,Liam Riley,Daniel Meron,R,R,Fastball,Lineout,Line Drive,Straightaway,11,-0.396494152,0.585194527
7,1,0,0,'0-0,2025-10-04,Brock Badgers,Guelph Gryphons,,Adam Geddes,Daniel Meron,L,R,Offspeed,Double,Fly Ball,Pull,11,0.161823074,0.52206325
7,1,0,0,'0-0,2025-10-04,Brock Badgers,Guelph Gryphons,,Gavin Taylor,Daniel Meron,R,R,Fastball,Double,Fly Ball,Straightaway,10,-0.376554251,0.853502452
7,1,0,0,'0-0,2025-10-04,Brock Badgers,Guelph Gryphons,,Reid Lunney,Daniel Meron,L,R,Offspeed,Ball,,,10,-1.353609396,1.106027557
7,1,1,0,'1-0,2025-10-04,Brock Badgers,Guelph Gryphons,,Reid Lunney,Daniel Meron,L,R,Fastball,Groundout,Ground Ball,Straightaway,10,0.540681192,0.70356567
7,2,0,0,'0-0,2025-10-04,Brock Badgers,Guelph Gryphons,,Cole Carpenter,Daniel Meron,R,R,Fastball,Ball,,,100,-0.516133557,1.145484605
7,2,1,0,'1-0,2025-10-04,Brock Badgers,Guelph Gryphons,,Cole Carpenter,Daniel Meron,R,R,Fastball,Called Strike,,,100,0.440981687,0.600977346
7,2,1,1,'1-1,2025-10-04,Brock Badgers,Guelph Gryphons,,Cole Carpenter,Daniel Meron,R,R,Breaking Ball,Ball,,,100,0.93947921,-0.298643343
7,2,2,1,'2-1,2025-10-04,Brock Badgers,Guelph Gryphons,,Cole Carpenter,Daniel Meron,R,R,Fastball,Single,Ground Ball,Straightaway,11,0.50080139,0.308995192
7,2,0,0,'0-0,2025-10-04,Brock Badgers,Guelph Gryphons,,Jaden Leeder,Daniel Meron,R,R,Fastball,Single,Ground Ball,Straightaway,100,-0.316734548,0.514171841
7,2,0,0,'0-0,2025-10-04,Brock Badgers,Guelph Gryphons,,Flynn Matheson,Landon Hutar,R,R,Breaking Ball,Ball,,,110,-0.256914845,1.287529977
7,2,1,0,'1-0,2025-10-04,Brock Badgers,Guelph Gryphons,,Flynn Matheson,Landon Hutar,R,R,Fastball,Ball,,,110,1.497796436,-0.00666119
7,2,2,0,'2-0,2025-10-04,Brock Badgers,Guelph Gryphons,,Flynn Matheson,Landon Hutar,R,R,Fastball,Double,Fly Ball,Straightaway,110,0.361222083,0.261646735
7,2,0,0,'0-0,2025-10-04,Brock Badgers,Guelph Gryphons,,Nolan Phelan,Landon Hutar,R,R,Fastball,Ball,,,10,1.437976733,0.735131308
7,2,1,0,'1-0,2025-10-04,Brock Badgers,Guelph Gryphons,,Nolan Phelan,Landon Hutar,R,R,Fastball,Foul,,,10,0.620440795,0.34845224
7,2,1,1,'1-1,2025-10-04,Brock Badgers,Guelph Gryphons,,Nolan Phelan,Landon Hutar,R,R,Fastball,Swinging Strike,,,10,-0.236974945,1.090244738
7,2,1,2,'1-2,2025-10-04,Brock Badgers,Guelph Gryphons,,Nolan Phelan,Landon Hutar,R,R,Breaking Ball,Ball,,,10,1.338277228,-0.369666029
7,2,2,2,'2-2,2025-10-04,Brock Badgers,Guelph Gryphons,,Nolan Phelan,Landon Hutar,R,R,Fastball,Strikeout Looking,,,10,0.859719606,0.206406868
7,0,0,0,'0-0,2025-10-04,Guelph Gryphons,Brock Badgers,,Jack Gillis,Ryan Facchini,L,R,Cutter,Foul,,,0,0.700200399,0.214298278
7,0,0,1,'0-1,2025-10-04,Guelph Gryphons,Brock Badgers,,Jack Gillis,Ryan Facchini,L,R,Changeup,Ball,,,0,-0.595893161,1.113918967
7,0,1,1,'1-1,2025-10-04,Guelph Gryphons,Brock Badgers,,Jack Gillis,Ryan Facchini,L,R,Changeup,Groundout,Ground Ball,Straightaway,0,-1.273849793,0.159058411
7,1,0,0,'0-0,2025-10-04,Guelph Gryphons,Brock Badgers,,Sawyer Whitaker,Ryan Facchini,L,R,Changeup,Ball,,,0,0.341282182,1.121810376
7,1,1,0,'1-0,2025-10-04,Guelph Gryphons,Brock Badgers,,Sawyer Whitaker,Ryan Facchini,L,R,Cutter,Called Strike,,,0,-0.316734548,0.332669421
7,1,1,1,'1-1,2025-10-04,Guelph Gryphons,Brock Badgers,,Sawyer Whitaker,Ryan Facchini,L,R,Changeup,Foul,,,0,-0.516133557,0.585194527
7,1,1,2,'1-2,2025-10-04,Guelph Gryphons,Brock Badgers,,Sawyer Whitaker,Ryan Facchini,L,R,Cutter,Ball,,,0,0.779960003,-0.393340258
7,1,2,2,'2-2,2025-10-04,Guelph Gryphons,Brock Badgers,,Sawyer Whitaker,Ryan Facchini,L,R,Slider,Ball,,,0,-1.453308901,-0.267077705
7,1,3,2,'3-2,2025-10-04,Guelph Gryphons,Brock Badgers,,Sawyer Whitaker,Ryan Facchini,L,R,Cutter,Groundout,Ground Ball,Pull,0,0.181762975,0.214298278
7,2,0,0,'0-0,2025-10-04,Guelph Gryphons,Brock Badgers,,Tommy Cullen,Ryan Facchini,R,R,Fastball,Foul,,,0,-0.536073458,0.411583517
7,2,0,1,'0-1,2025-10-04,Guelph Gryphons,Brock Badgers,,Tommy Cullen,Ryan Facchini,R,R,Changeup,Swinging Strike,,,0,-0.416434053,-0.251294886
7,2,0,2,'0-2,2025-10-04,Guelph Gryphons,Brock Badgers,,Tommy Cullen,Ryan Facchini,R,R,Fastball,Strikeout Looking,,,0,0.620440795,0.387909288
8,0,0,0,'0-0,2025-10-04,Brock Badgers,Guelph Gryphons,,Brady Campbell,Alex Picard,R,L,Fastball,Flyout,Fly Ball,Opposite Field,0,-0.077455737,0.498389022
8,1,0,0,'0-0,2025-10-04,Brock Badgers,Guelph Gryphons,,Liam Riley,Alex Picard,R,L,Fastball,Swinging Strike,,,0,-0.177155242,0.640434394
8,1,0,1,'0-1,2025-10-04,Brock Badgers,Guelph Gryphons,,Liam Riley,Alex Picard,R,L,Fastball,Ball,,,0,1.637375742,1.066570509
8,1,1,1,'1-1,2025-10-04,Brock Badgers,Guelph Gryphons,,Liam Riley,Alex Picard,R,L,Fastball,Ball,,,0,-0.276854746,1.106027557
8,1,2,1,'2-1,2025-10-04,Brock Badgers,Guelph Gryphons,,Liam Riley,Alex Picard,R,L,Offspeed,Ball,,,0,-0.57595326,-0.377557439
8,1,3,1,'3-1,2025-10-04,Brock Badgers,Guelph Gryphons,,Liam Riley,Alex Picard,R,L,Fastball,Walk,,,0,-1.473248802,0.403692107
8,1,0,0,'0-0,2025-10-04,Brock Badgers,Guelph Gryphons,,Adam Geddes,Alex Picard,L,L,Fastball,Ball,,,100,1.517736337,0.798262585
8,1,1,0,'1-0,2025-10-04,Brock Badgers,Guelph Gryphons,,Adam Geddes,Alex Picard,L,L,Fastball,Ball,,,100,-0.516133557,1.129701786
8,1,2,0,'2-0,2025-10-04,Brock Badgers,Guelph Gryphons,,Adam Geddes,Alex Picard,L,L,Fastball,Ball,,,100,-0.35661435,1.106027557
8,1,3,0,'3-0,2025-10-04,Brock Badgers,Guelph Gryphons,1.32,Adam Geddes,Alex Picard,L,L,Fastball,Called Strike,,,100,-0.236974945,0.435257745
8,1,3,1,'3-1,2025-10-04,Brock Badgers,Guelph Gryphons,1.4,Adam Geddes,Alex Picard,L,L,Fastball,Walk,,,100,1.557616139,0.648325803
8,1,0,0,'0-0,2025-10-04,Brock Badgers,Guelph Gryphons,,Gavin Taylor,Alex Picard,R,L,Fastball,Popout,Pop Up,Opposite Field,110,0.28146248,0.766696947
8,2,0,0,'0-0,2025-10-04,Brock Badgers,Guelph Gryphons,,Reid Lunney,Alex Picard,L,L,Breaking Ball,Ball,,,110,-1.453308901,-0.203946429
8,2,1,0,'1-0,2025-10-04,Brock Badgers,Guelph Gryphons,,Reid Lunney,Alex Picard,L,L,Fastball,Called Strike,,,110,-0.157215341,0.364235059
8,2,1,1,'1-1,2025-10-04,Brock Badgers,Guelph Gryphons,,Reid Lunney,Alex Picard,L,L,Fastball,Ball,,,110,-1.413429099,0.34845224
8,2,2,1,'2-1,2025-10-04,Brock Badgers,Guelph Gryphons,,Reid Lunney,Alex Picard,L,L,Fastball,Ball,,,110,-0.276854746,1.113918967
8,2,3,1,'3-1,2025-10-04,Brock Badgers,Guelph Gryphons,,Reid Lunney,Alex Picard,L,L,Fastball,Called Strike,,,110,-0.715532567,0.656217213
8,2,3,2,'3-2,2025-10-04,Brock Badgers,Guelph Gryphons,,Reid Lunney,Alex Picard,L,L,Fastball,Strikeout Swinging,,,110,-0.436373954,0.52206325
8,0,0,0,'0-0,2025-10-04,Guelph Gryphons,Brock Badgers,,Noah Chang,Ryan Facchini,R,R,Cutter,Ball,,,0,-0.376554251,1.113918967
8,0,1,0,'1-0,2025-10-04,Guelph Gryphons,Brock Badgers,,Noah Chang,Ryan Facchini,R,R,Cutter,Ball,,,0,0.580560993,1.121810376
8,0,2,0,'2-0,2025-10-04,Guelph Gryphons,Brock Badgers,,Noah Chang,Ryan Facchini,R,R,Cutter,Called Strike,,,0,0.241582678,0.790371175
8,0,2,1,'2-1,2025-10-04,Guelph Gryphons,Brock Badgers,,Noah Chang,Ryan Facchini,R,R,Cutter,Foul,,,0,-0.57595326,0.640434394
8,0,2,2,'2-2,2025-10-04,Guelph Gryphons,Brock Badgers,,Noah Chang,Ryan Facchini,R,R,Fastball,Strikeout Looking,,,0,-0.456313855,-0.140815152
8,1,0,0,'0-0,2025-10-04,Guelph Gryphons,Brock Badgers,,Jaylen Wood,Ryan Facchini,R,R,Cutter,Swinging Strike,,,0,0.181762975,0.245863916
8,1,0,1,'0-1,2025-10-04,Guelph Gryphons,Brock Badgers,,Jaylen Wood,Ryan Facchini,R,R,Cutter,Ball,,,0,0.660320597,0.308995192
8,1,1,1,'1-1,2025-10-04,Guelph Gryphons,Brock Badgers,,Jaylen Wood,Ryan Facchini,R,R,Cutter,Swinging Strike,,,0,1.338277228,-0.267077705
8,1,1,2,'1-2,2025-10-04,Guelph Gryphons,Brock Badgers,,Jaylen Wood,Ryan Facchini,R,R,Cutter,Ball,,,0,1.019238814,-0.298643343
8,1,2,2,'2-2,2025-10-04,Guelph Gryphons,Brock Badgers,,Jaylen Wood,Ryan Facchini,R,R,Fastball,Ball,,,0,-0.675652765,-0.054009647
8,1,3,2,'3-2,2025-10-04,Guelph Gryphons,Brock Badgers,,Jaylen Wood,Ryan Facchini,R,R,Cutter,Strikeout Looking,,,0,-0.755412369,0.269538145
8,2,0,0,'0-0,2025-10-04,Guelph Gryphons,Brock Badgers,,Marco Da Gama,Ryan Facchini,R,R,Cutter,Ball,,,0,1.477856535,0.18273264
8,2,1,0,'1-0,2025-10-04,Guelph Gryphons,Brock Badgers,,Marco Da Gama,Ryan Facchini,R,R,Cutter,Ball,,,0,-0.177155242,-0.35388321
8,2,2,0,'2-0,2025-10-04,Guelph Gryphons,Brock Badgers,,Marco Da Gama,Ryan Facchini,R,R,Cutter,Called Strike,,,0,0.440981687,0.206406868
8,2,2,1,'2-1,2025-10-04,Guelph Gryphons,Brock Badgers,,Marco Da Gama,Ryan Facchini,R,R,Cutter,Hit By Pitch,,,0,-1.572948306,1.003439233
8,2,0,0,'0-0,2025-10-04,Guelph Gryphons,Brock Badgers,,Evan Ogston,Ryan Facchini,R,R,Cutter,Called Strike,,,100,0.839779705,0.514171841
8,2,0,1,'0-1,2025-10-04,Guelph Gryphons,Brock Badgers,,Evan Ogston,Ryan Facchini,R,R,Slider,Ball,,,100,0.520741291,-0.196055019
8,2,1,1,'1-1,2025-10-04,Guelph Gryphons,Brock Badgers,,Evan Ogston,Ryan Facchini,R,R,Cutter,Ball,,,100,0.580560993,-0.345991801
8,2,2,1,'2-1,2025-10-04,Guelph Gryphons,Brock Badgers,,Evan Ogston,Ryan Facchini,R,R,Cutter,Foul,,,100,0.600500894,0.237972506
8,2,2,2,'2-2,2025-10-04,Guelph Gryphons,Brock Badgers,,Evan Ogston,Ryan Facchini,R,R,Changeup,Strikeout Swinging,,,100,-0.57595326,0.340560831
9,0,0,0,'0-0,2025-10-04,Brock Badgers,Guelph Gryphons,,Cole Carpenter,Alex Picard,R,L,Fastball,Flyout,Fly Ball,Straightaway,0,0.520741291,0.561520298
9,1,0,0,'0-0,2025-10-04,Brock Badgers,Guelph Gryphons,,Jaden Leeder,Alex Picard,R,L,Fastball,Swinging Strike,,,0,0.540681192,0.340560831
9,1,0,1,'0-1,2025-10-04,Brock Badgers,Guelph Gryphons,,Jaden Leeder,Alex Picard,R,L,Offspeed,Ball,,,0,1.637375742,0.474714793
9,1,1,1,'1-1,2025-10-04,Brock Badgers,Guelph Gryphons,,Jaden Leeder,Alex Picard,R,L,Fastball,Ball,,,0,0.50080139,1.216507291
9,1,2,1,'2-1,2025-10-04,Brock Badgers,Guelph Gryphons,,Jaden Leeder,Alex Picard,R,L,Fastball,Ball,,,0,1.617435841,0.261646735
9,1,3,1,'3-1,2025-10-04,Brock Badgers,Guelph Gryphons,,Jaden Leeder,Alex Picard,R,L,Fastball,Hit By Pitch,,,0,-1.612828108,0.474714793
9,1,0,0,'0-0,2025-10-04,Brock Badgers,Guelph Gryphons,,Flynn Matheson,Alex Picard,R,L,Fastball,Foul,,,100,0.141883173,0.230081097
9,1,0,1,'0-1,2025-10-04,Brock Badgers,Guelph Gryphons,,Flynn Matheson,Alex Picard,R,L,Fastball,Single,Line Drive,Straightaway,100,0.660320597,0.159058411
9,1,0,0,'0-0,2025-10-04,Brock Badgers,Guelph Gryphons,,Nolan Phelan,Alex Picard,R,L,Fastball,Ball,,,110,1.637375742,0.561520298
9,1,1,0,'1-0,2025-10-04,Brock Badgers,Guelph Gryphons,,Nolan Phelan,Alex Picard,R,L,Fastball,Foul,,,110,0.460921588,1.074461919
9,1,1,1,'1-1,2025-10-04,Brock Badgers,Guelph Gryphons,,Nolan Phelan,Alex Picard,R,L,Fastball,Called Strike,,,110,0.121943272,0.443149155
9,1,1,2,'1-2,2025-10-04,Brock Badgers,Guelph Gryphons,,Nolan Phelan,Alex Picard,R,L,Fastball,Foul,,,110,0.600500894,0.750914127
9,1,1,2,'1-2,2025-10-04,Brock Badgers,Guelph Gryphons,,Nolan Phelan,Alex Picard,R,L,Fastball,Flyout,Fly Ball,Opposite Field,110,0.30140238,0.88506809
9,2,0,0,'0-0,2025-10-04,Brock Badgers,Guelph Gryphons,,Brady Campbell,Alex Picard,R,L,Fastball,Foul,,,110,0.421041786,0.766696947
9,2,0,1,'0-1,2025-10-04,Brock Badgers,Guelph Gryphons,,Brady Campbell,Alex Picard,R,L,Offspeed,Ball,,,110,1.198697922,0.411583517
9,2,1,1,'1-1,2025-10-04,Brock Badgers,Guelph Gryphons,,Brady Campbell,Alex Picard,R,L,Offspeed,Ball,,,110,1.118938318,-0.401231667
9,2,2,1,'2-1,2025-10-04,Brock Badgers,Guelph Gryphons,,Brady Campbell,Alex Picard,R,L,Fastball,Flyout,Fly Ball,Opposite Field,110,0.480861489,0.466823384
9,0,0,0,'0-0,2025-10-04,Guelph Gryphons,Brock Badgers,,Andrew Johnston,Ryan Facchini,R,R,Cutter,Ball,,,0,-1.333669495,0.514171841
9,0,1,0,'1-0,2025-10-04,Guelph Gryphons,Brock Badgers,,Andrew Johnston,Ryan Facchini,R,R,Cutter,Groundout,Ground Ball,Pull,0,0.460921588,0.277429554
9,1,0,0,'0-0,2025-10-04,Guelph Gryphons,Brock Badgers,,Noah Cantwell,Ryan Facchini,R,R,Slider,Single,Fly Ball,Straightaway,0,0.361222083,0.466823384
9,1,0,0,'0-0,2025-10-04,Guelph Gryphons,Brock Badgers,,Jack Gillis,Ryan Facchini,L,R,Cutter,Called Strike,,,100,0.460921588,0.372126469
9,1,0,1,'0-1,2025-10-04,Guelph Gryphons,Brock Badgers,,Jack Gillis,Ryan Facchini,L,R,Changeup,Single,Line Drive,Pull,100,-0.496193657,0.814045404
9,1,0,0,'0-0,2025-10-04,Guelph Gryphons,Brock Badgers,,Brendan Cooper,Ryan Facchini,R,R,Cutter,Foul,,,110,0.241582678,0.135384182
9,1,0,1,'0-1,2025-10-04,Guelph Gryphons,Brock Badgers,,Brendan Cooper,Ryan Facchini,R,R,Cutter,Groundout,Ground Ball,Straightaway,110,0.181762975,0.427366336
9,2,0,0,'0-0,2025-10-04,Guelph Gryphons,Brock Badgers,,Nolan Boyle,Ryan Facchini,R,R,Cutter,Ball,,,101,-0.635772963,-0.385448848
9,2,1,0,'1-0,2025-10-04,Guelph Gryphons,Brock Badgers,,Nolan Boyle,Ryan Facchini,R,R,Cutter,Ball,,,101,-1.413429099,0.056470087
9,2,2,0,'2-0,2025-10-04,Guelph Gryphons,Brock Badgers,,Nolan Boyle,Ryan Facchini,R,R,Cutter,Called Strike,,,101,0.640380696,0.593085936
9,2,2,1,'2-1,2025-10-04,Guelph Gryphons,Brock Badgers,,Nolan Boyle,Ryan Facchini,R,R,Cutter,Groundout,Ground Ball,Straightaway,101,0.121943272,0.237972506
1,0,0,0,'0-0,2026-09-05,Brock Badgers,Wilfrid Laurier Golden Hawks,,Gavin Taylor,Gavin McLean,R,R,Fastball,Ball,,,0,0.879659507,-0.464362944
1,0,1,0,'1-0,2026-09-05,Brock Badgers,Wilfrid Laurier Golden Hawks,,Gavin Taylor,Gavin McLean,R,R,Fastball,Called Strike,,,0,0.361222083,0.829828223
1,0,1,1,'1-1,2026-09-05,Brock Badgers,Wilfrid Laurier Golden Hawks,,Gavin Taylor,Gavin McLean,R,R,Breaking Ball,Foul,,,0,-0.655712864,0.585194527
1,0,1,2,'1-2,2026-09-05,Brock Badgers,Wilfrid Laurier Golden Hawks,,Gavin Taylor,Gavin McLean,R,R,Fastball,Foul,,,0,-0.456313855,0.395800698
1,0,1,2,'1-2,2026-09-05,Brock Badgers,Wilfrid Laurier Golden Hawks,,Gavin Taylor,Gavin McLean,R,R,Fastball,Ball,,,0,-0.536073458,1.192833062
1,0,2,2,'2-2,2026-09-05,Brock Badgers,Wilfrid Laurier Golden Hawks,,Gavin Taylor,Gavin McLean,R,R,Fastball,Ball,,,0,0.600500894,1.129701786
1,0,3,2,'3-2,2026-09-05,Brock Badgers,Wilfrid Laurier Golden Hawks,,Gavin Taylor,Gavin McLean,R,R,Fastball,Strikeout Swinging,,,0,0.381161984,1.098136148
1,1,0,0,'0-0,2026-09-05,Brock Badgers,Wilfrid Laurier Golden Hawks,,Kade Falardeau,Gavin McLean,R,R,Fastball,Called Strike,,,0,0.401101885,0.940307957
1,1,0,1,'0-1,2026-09-05,Brock Badgers,Wilfrid Laurier Golden Hawks,,Kade Falardeau,Gavin McLean,R,R,Fastball,Ball,,,0,0.30140238,1.121810376
1,1,1,1,'1-1,2026-09-05,Brock Badgers,Wilfrid Laurier Golden Hawks,,Kade Falardeau,Gavin McLean,R,R,Fastball,Called Strike,,,0,0.241582678,0.837719632
1,1,1,2,'1-2,2026-09-05,Brock Badgers,Wilfrid Laurier Golden Hawks,,Kade Falardeau,Gavin McLean,R,R,Fastball,Ball,,,0,1.318337327,0.88506809
1,1,2,2,'2-2,2026-09-05,Brock Badgers,Wilfrid Laurier Golden Hawks,,Kade Falardeau,Gavin McLean,R,R,Fastball,Strikeout Swinging,,,0,0.401101885,-0.148706562
1,2,0,0,'0-0,2026-09-05,Brock Badgers,Wilfrid Laurier Golden Hawks,,Jaden Leeder,Gavin McLean,R,R,Fastball,Foul,,,0,-0.635772963,0.451040564
1,2,0,1,'0-1,2026-09-05,Brock Badgers,Wilfrid Laurier Golden Hawks,,Jaden Leeder,Gavin McLean,R,R,Breaking Ball,Called Strike,,,0,-0.217035044,0.774588356
1,2,0,2,'0-2,2026-09-05,Brock Badgers,Wilfrid Laurier Golden Hawks,,Jaden Leeder,Gavin McLean,R,R,Breaking Ball,Ball,,,0,1.358217129,0.119601363
1,2,1,2,'1-2,2026-09-05,Brock Badgers,Wilfrid Laurier Golden Hawks,,Jaden Leeder,Gavin McLean,R,R,Fastball,Ball,,,0,1.358217129,0.916633728
1,2,2,2,'2-2,2026-09-05,Brock Badgers,Wilfrid Laurier Golden Hawks,,Jaden Leeder,Gavin McLean,R,R,Breaking Ball,Ball,,,0,0.700200399,-0.219729248
1,2,3,2,'3-2,2026-09-05,Brock Badgers,Wilfrid Laurier Golden Hawks,,Jaden Leeder,Gavin McLean,R,R,Breaking Ball,Walk,,,0,-0.57595326,1.074461919
1,2,0,0,'0-0,2026-09-05,Brock Badgers,Wilfrid Laurier Golden Hawks,1.15,Flynn Matheson,Gavin McLean,R,R,Breaking Ball,Ball,,,100,1.996293959,-0.109249514
1,2,1,0,'1-0,2026-09-05,Brock Badgers,Wilfrid Laurier Golden Hawks,,Flynn Matheson,Gavin McLean,R,R,Breaking Ball,Called Strike,,,100,-0.376554251,0.695674261
1,2,1,1,'1-1,2026-09-05,Brock Badgers,Wilfrid Laurier Golden Hawks,0.95,Flynn Matheson,Gavin McLean,R,R,Breaking Ball,Ball,,,100,0.859719606,-0.338100391
1,2,2,1,'2-1,2026-09-05,Brock Badgers,Wilfrid Laurier Golden Hawks,,Flynn Matheson,Gavin McLean,R,R,Fastball,Foul,,,100,0.540681192,1.098136148
1,2,2,2,'2-2,2026-09-05,Brock Badgers,Wilfrid Laurier Golden Hawks,,Flynn Matheson,Gavin McLean,R,R,Breaking Ball,Hit By Pitch,,,100,-1.553008405,0.821936813
1,2,0,0,'0-0,2026-09-05,Brock Badgers,Wilfrid Laurier Golden Hawks,,Josh Frazer,Gavin McLean,L,R,Fastball,Foul,,,110,-0.336674449,0.380017878
1,2,0,1,'0-1,2026-09-05,Brock Badgers,Wilfrid Laurier Golden Hawks,,Josh Frazer,Gavin McLean,L,R,Fastball,Popout,Pop Up,Opposite Field,110,-0.675652765,0.316886602
1,0,0,0,'0-0,2026-09-05,Wilfrid Laurier Golden Hawks,Brock Badgers,,Johnny Banks,Charlie Hughes,R,R,Fastball,Ball,,,0,0.28146248,1.24018152
1,0,1,0,'1-0,2026-09-05,Wilfrid Laurier Golden Hawks,Brock Badgers,,Johnny Banks,Charlie Hughes,R,R,Fastball,Called Strike,,,0,0.361222083,0.411583517
1,0,1,1,'1-1,2026-09-05,Wilfrid Laurier Golden Hawks,Brock Badgers,,Johnny Banks,Charlie Hughes,R,R,Fastball,Foul,,,0,0.161823074,0.71145708
1,0,1,2,'1-2,2026-09-05,Wilfrid Laurier Golden Hawks,Brock Badgers,,Johnny Banks,Charlie Hughes,R,R,Curveball,Ball,,,0,0.341282182,1.090244738
1,0,2,2,'2-2,2026-09-05,Wilfrid Laurier Golden Hawks,Brock Badgers,,Johnny Banks,Charlie Hughes,R,R,Fastball,Strikeout Swinging,,,0,0.460921588,0.782479766
1,1,0,0,'0-0,2026-09-05,Wilfrid Laurier Golden Hawks,Brock Badgers,,Lucas Bateman,Charlie Hughes,R,R,Fastball,Ball,,,0,-1.313729594,0.979765004
1,1,1,0,'1-0,2026-09-05,Wilfrid Laurier Golden Hawks,Brock Badgers,,Lucas Bateman,Charlie Hughes,R,R,Fastball,Ball,,,0,0.50080139,1.224398701
1,1,2,0,'2-0,2026-09-05,Wilfrid Laurier Golden Hawks,Brock Badgers,,Lucas Bateman,Charlie Hughes,R,R,Curveball,Ball,,,0,-1.413429099,0.245863916
1,1,3,0,'3-0,2026-09-05,Wilfrid Laurier Golden Hawks,Brock Badgers,,Lucas Bateman,Charlie Hughes,R,R,Fastball,Called Strike,,,0,-0.276854746,0.814045404
1,1,3,1,'3-1,2026-09-05,Wilfrid Laurier Golden Hawks,Brock Badgers,,Lucas Bateman,Charlie Hughes,R,R,Fastball,Called Strike,,,0,0.381161984,0.095927134
1,1,3,2,'3-2,2026-09-05,Wilfrid Laurier Golden Hawks,Brock Badgers,,Lucas Bateman,Charlie Hughes,R,R,Fastball,Walk,,,0,1.298397427,0.750914127
1,1,0,0,'0-0,2026-09-05,Wilfrid Laurier Golden Hawks,Brock Badgers,,Jared Wellman,Charlie Hughes,R,R,Fastball,Swinging Strike,,,100,-0.456313855,1.082353329
1,1,0,1,'0-1,2026-09-05,Wilfrid Laurier Golden Hawks,Brock Badgers,,Jared Wellman,Charlie Hughes,R,R,Fastball,Called Strike,,,100,0.401101885,0.285320964
1,1,0,2,'0-2,2026-09-05,Wilfrid Laurier Golden Hawks,Brock Badgers,,Jared Wellman,Charlie Hughes,R,R,Fastball,Ball,,,100,-1.453308901,0.758805537
1,1,1,2,'1-2,2026-09-05,Wilfrid Laurier Golden Hawks,Brock Badgers,,Jared Wellman,Charlie Hughes,R,R,Curveball,Strikeout Looking,,,10,0.660320597,-0.148706562
1,2,0,0,'0-0,2026-09-05,Wilfrid Laurier Golden Hawks,Brock Badgers,,Griffen Duenkler,Charlie Hughes,L,R,Fastball,Swinging Strike,,,10,-0.715532567,0.719348489
1,2,0,1,'0-1,2026-09-05,Wilfrid Laurier Golden Hawks,Brock Badgers,,Griffen Duenkler,Charlie Hughes,L,R,Fastball,Ball,,,10,-0.595893161,-0.17238079
1,2,1,1,'1-1,2026-09-05,Wilfrid Laurier Golden Hawks,Brock Badgers,,Griffen Duenkler,Charlie Hughes,L,R,Fastball,Single,,,10,-0.456313855,0.230081097
1,2,0,0,'0-0,2026-09-05,Wilfrid Laurier Golden Hawks,Brock Badgers,1.31,Cameron Bendo,Charlie Hughes,R,R,Fastball,Swinging Strike,,,100,-0.914931576,1.106027557
1,2,0,1,'0-1,2026-09-05,Wilfrid Laurier Golden Hawks,Brock Badgers,,Cameron Bendo,Charlie Hughes,R,R,Fastball,Popout,Pop Up,Straightaway,100,-0.595893161,0.892959499
2,0,0,0,'0-0,2026-09-05,Brock Badgers,Wilfrid Laurier Golden Hawks,,Brady Campbell,Gavin McLean,R,R,Breaking Ball,Called Strike,,,0,-0.635772963,0.52995466
2,0,0,1,'0-1,2026-09-05,Brock Badgers,Wilfrid Laurier Golden Hawks,,Brady Campbell,Gavin McLean,R,R,Breaking Ball,Called Strike,,,0,-0.536073458,0.443149155
2,0,0,2,'0-2,2026-09-05,Brock Badgers,Wilfrid Laurier Golden Hawks,,Brady Campbell,Gavin McLean,R,R,Breaking Ball,Strikeout Swinging,,,0,0.799899904,-0.251294886
2,1,0,0,'0-0,2026-09-05,Brock Badgers,Wilfrid Laurier Golden Hawks,,Nate Parsons,Gavin McLean,L,R,Fastball,Ball,,,0,0.201702876,1.23229011
2,1,1,0,'1-0,2026-09-05,Brock Badgers,Wilfrid Laurier Golden Hawks,,Nate Parsons,Gavin McLean,L,R,Fastball,Called Strike,,,0,-0.615833062,0.758805537
2,1,1,1,'1-1,2026-09-05,Brock Badgers,Wilfrid Laurier Golden Hawks,,Nate Parsons,Gavin McLean,L,R,Fastball,Swinging Strike,,,0,-0.416434053,0.853502452
2,1,1,2,'1-2,2026-09-05,Brock Badgers,Wilfrid Laurier Golden Hawks,,Nate Parsons,Gavin McLean,L,R,Fastball,Ball,,,0,-0.157215341,1.216507291
2,1,2,2,'2-2,2026-09-05,Brock Badgers,Wilfrid Laurier Golden Hawks,,Nate Parsons,Gavin McLean,L,R,Fastball,Ball,,,0,-1.293789693,0.222189687
2,1,3,2,'3-2,2026-09-05,Brock Badgers,Wilfrid Laurier Golden Hawks,,Nate Parsons,Gavin McLean,L,R,Fastball,Walk,,,0,-0.496193657,1.161267424
2,1,0,0,'0-0,2026-09-05,Brock Badgers,Wilfrid Laurier Golden Hawks,0.98,Nolan Phelan,Gavin McLean,R,R,Fastball,Ball,,,100,-1.533068505,0.995547824
2,1,1,0,'1-0,2026-09-05,Brock Badgers,Wilfrid Laurier Golden Hawks,,Nolan Phelan,Gavin McLean,R,R,Breaking Ball,Single,Pop Up,Straightaway,100,-0.436373954,0.545737479
2,1,0,0,'0-0,2026-09-05,Brock Badgers,Wilfrid Laurier Golden Hawks,,Adam Geddes,Gavin McLean,L,R,Fastball,Swinging Strike,,,110,-0.695592666,1.106027557
2,1,0,1,'0-1,2026-09-05,Brock Badgers,Wilfrid Laurier Golden Hawks,,Adam Geddes,Gavin McLean,L,R,Offspeed,Ball,,,110,-0.875051774,0.640434394
2,1,1,1,'1-1,2026-09-05,Brock Badgers,Wilfrid Laurier Golden Hawks,,Adam Geddes,Gavin McLean,L,R,Fastball,Ball,,,110,-0.755412369,1.082353329
2,1,2,1,'2-1,2026-09-05,Brock Badgers,Wilfrid Laurier Golden Hawks,,Adam Geddes,Gavin McLean,L,R,Fastball,Swinging Strike,,,110,-0.57595326,0.648325803
2,1,2,2,'2-2,2026-09-05,Brock Badgers,Wilfrid Laurier Golden Hawks,,Adam Geddes,Gavin McLean,L,R,Fastball,Double Play,Ground Ball,Straightaway,110,-0.416434053,0.593085936
2,0,0,0,'0-0,2026-09-05,Wilfrid Laurier Golden Hawks,Brock Badgers,,Brendan Boys,Charlie Hughes,R,R,Curveball,Ball,,,0,0.819839804,-0.243403476
2,0,1,0,'1-0,2026-09-05,Wilfrid Laurier Golden Hawks,Brock Badgers,,Brendan Boys,Charlie Hughes,R,R,Fastball,Called Strike,,,0,0.7201403,0.640434394
2,0,1,1,'1-1,2026-09-05,Wilfrid Laurier Golden Hawks,Brock Badgers,,Brendan Boys,Charlie Hughes,R,R,Fastball,Foul,,,0,-0.396494152,0.380017878
2,0,1,2,'1-2,2026-09-05,Wilfrid Laurier Golden Hawks,Brock Badgers,,Brendan Boys,Charlie Hughes,R,R,Fastball,Ball,,,0,-1.413429099,0.892959499
2,0,2,2,'2-2,2026-09-05,Wilfrid Laurier Golden Hawks,Brock Badgers,,Brendan Boys,Charlie Hughes,R,R,Curveball,Strikeout Swinging,,,0,1.298397427,0.664108622
2,1,0,0,'0-0,2026-09-05,Wilfrid Laurier Golden Hawks,Brock Badgers,,Nolan Goranson,Charlie Hughes,R,R,Fastball,Swinging Strike,,,0,-0.236974945,1.192833062
2,1,0,1,'0-1,2026-09-05,Wilfrid Laurier Golden Hawks,Brock Badgers,,Nolan Goranson,Charlie Hughes,R,R,Fastball,Swinging Strike,,,0,-0.815232071,0.679891441
2,1,0,2,'0-2,2026-09-05,Wilfrid Laurier Golden Hawks,Brock Badgers,,Nolan Goranson,Charlie Hughes,R,R,Fastball,Flyout,Fly Ball,Pull,0,0.261522579,0.837719632
2,2,0,0,'0-0,2026-09-05,Wilfrid Laurier Golden Hawks,Brock Badgers,,Patrick Vieira,Charlie Hughes,R,R,Curveball,Called Strike,,,0,-0.376554251,0.143275592
2,2,0,1,'0-1,2026-09-05,Wilfrid Laurier Golden Hawks,Brock Badgers,,Patrick Vieira,Charlie Hughes,R,R,Fastball,Swinging Strike,,,0,-0.635772963,1.098136148
2,2,0,2,'0-2,2026-09-05,Wilfrid Laurier Golden Hawks,Brock Badgers,,Patrick Vieira,Charlie Hughes,R,R,Fastball,Foul,,,0,0.680260498,0.829828223
2,2,0,2,'0-2,2026-09-05,Wilfrid Laurier Golden Hawks,Brock Badgers,,Patrick Vieira,Charlie Hughes,R,R,Curveball,Flyout,Fly Ball,Straightaway,0,-0.217035044,-0.148706562
3,0,0,0,'0-0,2026-09-05,Brock Badgers,Wilfrid Laurier Golden Hawks,,Gavin Taylor,Gavin McLean,R,R,Breaking Ball,Called Strike,,,0,0.540681192,0.301103783
3,0,0,1,'0-1,2026-09-05,Brock Badgers,Wilfrid Laurier Golden Hawks,,Gavin Taylor,Gavin McLean,R,R,Fastball,Ball,,,0,1.278457526,0.853502452
3,0,1,1,'1-1,2026-09-05,Brock Badgers,Wilfrid Laurier Golden Hawks,,Gavin Taylor,Gavin McLean,R,R,Fastball,Called Strike,,,0,-0.396494152,0.34845224
3,0,1,2,'1-2,2026-09-05,Brock Badgers,Wilfrid Laurier Golden Hawks,,Gavin Taylor,Gavin McLean,R,R,Breaking Ball,Strikeout Swinging,,,0,0.760020102,-0.259186295
3,1,0,0,'0-0,2026-09-05,Brock Badgers,Wilfrid Laurier Golden Hawks,,Kade Falardeau,Gavin McLean,R,R,Fastball,Ball,,,0,-0.35661435,1.169158834
3,1,1,0,'1-0,2026-09-05,Brock Badgers,Wilfrid Laurier Golden Hawks,,Kade Falardeau,Gavin McLean,R,R,Fastball,Ball,,,0,0.022243767,1.279638567
3,1,2,0,'2-0,2026-09-05,Brock Badgers,Wilfrid Laurier Golden Hawks,,Kade Falardeau,Gavin McLean,R,R,Fastball,Called Strike,,,0,-0.256914845,0.190624049
3,1,2,1,'2-1,2026-09-05,Brock Badgers,Wilfrid Laurier Golden Hawks,,Kade Falardeau,Gavin McLean,R,R,Fastball,Ball,,,0,-0.755412369,1.129701786
3,1,3,1,'3-1,2026-09-05,Brock Badgers,Wilfrid Laurier Golden Hawks,,Kade Falardeau,Gavin McLean,R,R,Breaking Ball,Called Strike,,,0,0.520741291,-0.093466695
3,1,3,2,'3-2,2026-09-05,Brock Badgers,Wilfrid Laurier Golden Hawks,,Kade Falardeau,Gavin McLean,R,R,Breaking Ball,Foul,,,0,-0.197095143,0.34845224
3,1,3,2,'3-2,2026-09-05,Brock Badgers,Wilfrid Laurier Golden Hawks,,Kade Falardeau,Gavin McLean,R,R,Breaking Ball,Walk,,,0,0.261522579,1.066570509
3,1,0,0,'0-0,2026-09-05,Brock Badgers,Wilfrid Laurier Golden Hawks,1.24,Jaden Leeder,Gavin McLean,R,R,Fastball,Ball,,,100,0.520741291,1.216507291
3,1,1,0,'1-0,2026-09-05,Brock Badgers,Wilfrid Laurier Golden Hawks,,Jaden Leeder,Gavin McLean,R,R,Fastball,Foul,,,100,0.261522579,0.35634365
3,1,1,1,'1-1,2026-09-05,Brock Badgers,Wilfrid Laurier Golden Hawks,,Jaden Leeder,Gavin McLean,R,R,Breaking Ball,Called Strike,,,100,0.401101885,0.316886602
3,1,1,2,'1-2,2026-09-05,Brock Badgers,Wilfrid Laurier Golden Hawks,0.92,Jaden Leeder,Gavin McLean,R,R,Breaking Ball,Ball,,,100,0.540681192,-0.282860524
3,1,2,2,'2-2,2026-09-05,Brock Badgers,Wilfrid Laurier Golden Hawks,,Jaden Leeder,Gavin McLean,R,R,Breaking Ball,Ball,,,100,0.859719606,-0.385448848
3,1,3,2,'3-2,2026-09-05,Brock Badgers,Wilfrid Laurier Golden Hawks,,Jaden Leeder,Gavin McLean,R,R,Fastball,Walk,,,100,-0.13727544,1.208615881
3,1,0,0,'0-0,2026-09-05,Brock Badgers,Wilfrid Laurier Golden Hawks,,Flynn Matheson,Gavin McLean,R,R,Breaking Ball,Swinging Strike,,,110,0.520741291,0.17484123
3,1,0,1,'0-1,2026-09-05,Brock Badgers,Wilfrid Laurier Golden Hawks,,Flynn Matheson,Gavin McLean,R,R,Breaking Ball,Called Strike,,,110,0.680260498,0.482606203
3,1,0,2,'0-2,2026-09-05,Brock Badgers,Wilfrid Laurier Golden Hawks,,Flynn Matheson,Gavin McLean,R,R,Breaking Ball,Foul,,,110,0.361222083,0.498389022
3,1,0,2,'0-2,2026-09-05,Brock Badgers,Wilfrid Laurier Golden Hawks,,Flynn Matheson,Gavin McLean,R,R,Fastball,Ball,,,110,0.361222083,1.248072929
3,1,1,2,'1-2,2026-09-05,Brock Badgers,Wilfrid Laurier Golden Hawks,,Flynn Matheson,Gavin McLean,R,R,Breaking Ball,Error,Ground Ball,Opposite Field,110,0.421041786,0.35634365
3,1,0,0,'0-0,2026-09-05,Brock Badgers,Wilfrid Laurier Golden Hawks,,Josh Frazer,Gavin McLean,L,R,Fastball,Ball,,,111,-0.236974945,-0.282860524
3,1,1,0,'1-0,2026-09-05,Brock Badgers,Wilfrid Laurier Golden Hawks,,Josh Frazer,Gavin McLean,L,R,Fastball,Ball,,,111,1.298397427,0.821936813
3,1,2,0,'2-0,2026-09-05,Brock Badgers,Wilfrid Laurier Golden Hawks,,Josh Frazer,Gavin McLean,L,R,Breaking Ball,Called Strike,,,111,-0.516133557,0.474714793
3,1,2,1,'2-1,2026-09-05,Brock Badgers,Wilfrid Laurier Golden Hawks,,Josh Frazer,Gavin McLean,L,R,Fastball,Groundout,Ground Ball,Pull,111,-0.456313855,0.624651575
3,2,0,0,'0-0,2026-09-05,Brock Badgers,Wilfrid Laurier Golden Hawks,,Brady Campbell,Gavin McLean,R,R,Fastball,Swinging Strike,,,111,0.520741291,0.632542984
3,2,0,1,'0-1,2026-09-05,Brock Badgers,Wilfrid Laurier Golden Hawks,,Brady Campbell,Gavin McLean,R,R,Breaking Ball,Ball,,,111,0.401101885,1.098136148
3,2,1,1,'1-1,2026-09-05,Brock Badgers,Wilfrid Laurier Golden Hawks,,Brady Campbell,Gavin McLean,R,R,Fastball,Foul,,,111,0.660320597,0.34845224
3,2,1,2,'1-2,2026-09-05,Brock Badgers,Wilfrid Laurier Golden Hawks,,Brady Campbell,Gavin McLean,R,R,Breaking Ball,Ball,,,111,-0.396494152,1.113918967
3,2,2,2,'2-2,2026-09-05,Brock Badgers,Wilfrid Laurier Golden Hawks,,Brady Campbell,Gavin McLean,R,R,Breaking Ball,Flyout,Fly Ball,Straightaway,111,0.361222083,0.482606203
3,0,0,0,'0-0,2026-09-05,Wilfrid Laurier Golden Hawks,Brock Badgers,,Matthew Kong,Charlie Hughes,R,R,Fastball,Called Strike,,,0,0.341282182,0.900850909
3,0,0,1,'0-1,2026-09-05,Wilfrid Laurier Golden Hawks,Brock Badgers,,Matthew Kong,Charlie Hughes,R,R,Curveball,Ball,,,0,0.560621092,-0.345991801
3,0,1,1,'1-1,2026-09-05,Wilfrid Laurier Golden Hawks,Brock Badgers,,Matthew Kong,Charlie Hughes,R,R,Fastball,Single,Line Drive,Opposite Field,0,-0.436373954,0.261646735
3,0,0,0,'0-0,2026-09-05,Wilfrid Laurier Golden Hawks,Brock Badgers,,Johnny Banks,Charlie Hughes,R,R,Fastball,Ball,,,100,-0.516133557,1.263855748
3,0,1,0,'1-0,2026-09-05,Wilfrid Laurier Golden Hawks,Brock Badgers,,Johnny Banks,Charlie Hughes,R,R,Fastball,Foul,,,100,-0.376554251,0.135384182
3,0,1,1,'1-1,2026-09-05,Wilfrid Laurier Golden Hawks,Brock Badgers,,Johnny Banks,Charlie Hughes,R,R,Fastball,Single,Line Drive,Opposite Field,100,-0.536073458,0.506280431
3,0,0,0,'0-0,2026-09-05,Wilfrid Laurier Golden Hawks,Brock Badgers,,Lucas Bateman,Charlie Hughes,R,R,Fastball,Swinging Strike,,,110,-0.177155242,0.198515459
3,0,0,1,'0-1,2026-09-05,Wilfrid Laurier Golden Hawks,Brock Badgers,,Lucas Bateman,Charlie Hughes,R,R,Fastball,Swinging Strike,,,110,0.600500894,0.474714793
3,0,0,2,'0-2,2026-09-05,Wilfrid Laurier Golden Hawks,Brock Badgers,,Lucas Bateman,Charlie Hughes,R,R,Fastball,Strikeout Swinging,,,110,-1.21403009,0.340560831
3,1,0,0,'0-0,2026-09-05,Wilfrid Laurier Golden Hawks,Brock Badgers,,Jared Wellman,Charlie Hughes,R,R,Fastball,Ball,,,110,0.50080139,1.129701786
3,1,1,0,'1-0,2026-09-05,Wilfrid Laurier Golden Hawks,Brock Badgers,,Jared Wellman,Charlie Hughes,R,R,Fastball,Foul,,,110,-0.675652765,0.253755326
3,1,1,1,'1-1,2026-09-05,Wilfrid Laurier Golden Hawks,Brock Badgers,,Jared Wellman,Charlie Hughes,R,R,Fastball,Swinging Strike,,,110,-0.456313855,0.206406868
3,1,1,2,'1-2,2026-09-05,Wilfrid Laurier Golden Hawks,Brock Badgers,,Jared Wellman,Charlie Hughes,R,R,Fastball,Ball,,,110,1.936474256,-0.046118237
3,1,2,2,'2-2,2026-09-05,Wilfrid Laurier Golden Hawks,Brock Badgers,,Jared Wellman,Charlie Hughes,R,R,Curveball,Strikeout Swinging,,,110,0.421041786,-0.1802722
3,2,0,0,'0-0,2026-09-05,Wilfrid Laurier Golden Hawks,Brock Badgers,,Griffen Duenkler,Charlie Hughes,L,R,Fastball,Groundout,Ground Ball,Straightaway,110,-0.57595326,0.166949821
4,0,0,0,'0-0,2026-09-05,Brock Badgers,Wilfrid Laurier Golden Hawks,,Nate Parsons,Gavin McLean,L,R,Fastball,Flyout,Fly Ball,Pull,0,-0.536073458,0.908742318
4,1,0,0,'0-0,2026-09-05,Brock Badgers,Wilfrid Laurier Golden Hawks,,Nolan Phelan,Gavin McLean,R,R,Breaking Ball,Called Strike,,,0,0.640380696,0.593085936
4,1,0,1,'0-1,2026-09-05,Brock Badgers,Wilfrid Laurier Golden Hawks,,Nolan Phelan,Gavin McLean,R,R,Breaking Ball,Ball,,,0,0.580560993,-0.432797306
4,1,1,1,'1-1,2026-09-05,Brock Badgers,Wilfrid Laurier Golden Hawks,,Nolan Phelan,Gavin McLean,R,R,Fastball,Swinging Strike,,,0,-0.476253756,1.082353329
4,1,1,2,'1-2,2026-09-05,Brock Badgers,Wilfrid Laurier Golden Hawks,,Nolan Phelan,Gavin McLean,R,R,Breaking Ball,Ball,,,0,0.50080139,-0.140815152
4,1,2,2,'2-2,2026-09-05,Brock Badgers,Wilfrid Laurier Golden Hawks,,Nolan Phelan,Gavin McLean,R,R,Fastball,Foul,,,0,0.540681192,1.113918967
4,1,2,2,'2-2,2026-09-05,Brock Badgers,Wilfrid Laurier Golden Hawks,,Nolan Phelan,Gavin McLean,R,R,Fastball,Ball,,,0,1.138878219,-0.259186295
4,1,3,2,'3-2,2026-09-05,Brock Badgers,Wilfrid Laurier Golden Hawks,,Nolan Phelan,Gavin McLean,R,R,Breaking Ball,Groundout,Ground Ball,Pull,0,0.361222083,0.308995192
4,2,0,0,'0-0,2026-09-05,Brock Badgers,Wilfrid Laurier Golden Hawks,,Adam Geddes,Gavin McLean,L,R,Fastball,Ball,,,0,-0.735472468,1.082353329
4,2,1,0,'1-0,2026-09-05,Brock Badgers,Wilfrid Laurier Golden Hawks,,Adam Geddes,Gavin McLean,L,R,Fastball,Ball,,,0,0.121943272,1.161267424
4,2,2,0,'2-0,2026-09-05,Brock Badgers,Wilfrid Laurier Golden Hawks,,Adam Geddes,Gavin McLean,L,R,Breaking Ball,Ball,,,0,-0.79529217,-0.188163609
4,2,3,0,'3-0,2026-09-05,Brock Badgers,Wilfrid Laurier Golden Hawks,,Adam Geddes,Gavin McLean,L,R,Fastball,Called Strike,,,0,-0.655712864,0.616760165
4,2,3,1,'3-1,2026-09-05,Brock Badgers,Wilfrid Laurier Golden Hawks,,Adam Geddes,Gavin McLean,L,R,Fastball,Walk,,,0,-0.516133557,1.184941653
4,2,0,0,'0-0,2026-09-05,Brock Badgers,Wilfrid Laurier Golden Hawks,,Gavin Taylor,Jordan Miller,R,L,Fastball,Swinging Strike,,,100,-0.276854746,0.261646735
4,2,0,1,'0-1,2026-09-05,Brock Badgers,Wilfrid Laurier Golden Hawks,,Gavin Taylor,Jordan Miller,R,L,Fastball,Swinging Strike,,,10,0.50080139,0.269538145
4,2,0,2,'0-2,2026-09-05,Brock Badgers,Wilfrid Laurier Golden Hawks,,Gavin Taylor,Jordan Miller,R,L,Offspeed,Ball,,,10,-0.35661435,-0.274969115
4,2,1,2,'1-2,2026-09-05,Brock Badgers,Wilfrid Laurier Golden Hawks,,Gavin Taylor,Jordan Miller,R,L,Fastball,Single,Line Drive,Pull,100,-0.436373954,0.672000032
4,2,0,0,'0-0,2026-09-05,Brock Badgers,Wilfrid Laurier Golden Hawks,,Kade Falardeau,Jordan Miller,R,L,Fastball,Called Strike,,,100,0.640380696,0.151167001
4,2,0,1,'0-1,2026-09-05,Brock Badgers,Wilfrid Laurier Golden Hawks,,Kade Falardeau,Jordan Miller,R,L,Fastball,Single,Ground Ball,Straightaway,100,-0.516133557,0.561520298
4,2,0,0,'0-0,2026-09-05,Brock Badgers,Wilfrid Laurier Golden Hawks,,Jaden Leeder,Jordan Miller,R,L,Breaking Ball,Groundout,Ground Ball,Straightaway,110,0.201702876,0.135384182
4,0,0,0,'0-0,2026-09-05,Wilfrid Laurier Golden Hawks,Brock Badgers,,Cameron Bendo,Charlie Hughes,R,R,Fastball,Foul,,,0,,
4,0,0,1,'0-1,2026-09-05,Wilfrid Laurier Golden Hawks,Brock Badgers,,Cameron Bendo,Charlie Hughes,R,R,Curveball,Called Strike,,,0,0.30140238,-0.164489381
4,0,0,2,'0-2,2026-09-05,Wilfrid Laurier Golden Hawks,Brock Badgers,,Cameron Bendo,Charlie Hughes,R,R,Fastball,Single,Ground Ball,Pull,0,0.640380696,0.798262585
4,0,0,0,'0-0,2026-09-05,Wilfrid Laurier Golden Hawks,Brock Badgers,,Brendan Boys,Charlie Hughes,R,R,Fastball,Sacrifice Bunt,Ground Ball,Straightaway,100,0.221642777,0.474714793
4,1,0,0,'0-0,2026-09-05,Wilfrid Laurier Golden Hawks,Brock Badgers,,Nolan Goranson,Charlie Hughes,R,R,Fastball,Called Strike,,,10,,
4,1,0,1,'0-1,2026-09-05,Wilfrid Laurier Golden Hawks,Brock Badgers,,Nolan Goranson,Charlie Hughes,R,R,Fastball,Foul,,,10,0.361222083,0.372126469
4,1,0,2,'0-2,2026-09-05,Wilfrid Laurier Golden Hawks,Brock Badgers,,Nolan Goranson,Charlie Hughes,R,R,Fastball,Groundout,Ground Ball,Straightaway,10,0.30140238,0.790371175
4,2,0,0,'0-0,2026-09-05,Wilfrid Laurier Golden Hawks,Brock Badgers,,Patrick Vieira,Charlie Hughes,R,R,Fastball,Single,Fly Ball,Pull,1,0.30140238,0.451040564
4,2,0,0,'0-0,2026-09-05,Wilfrid Laurier Golden Hawks,Brock Badgers,,Matthew Kong,Charlie Hughes,R,R,Curveball,Ball,,,10,1.15881812,-0.36177462
4,2,1,0,'1-0,2026-09-05,Wilfrid Laurier Golden Hawks,Brock Badgers,,Matthew Kong,Charlie Hughes,R,R,Curveball,Ball,,,10,0.600500894,-0.290751934
4,2,2,0,'2-0,2026-09-05,Wilfrid Laurier Golden Hawks,Brock Badgers,,Matthew Kong,Charlie Hughes,R,R,Fastball,Called Strike,,,10,0.640380696,0.664108622
4,2,2,1,'2-1,2026-09-05,Wilfrid Laurier Golden Hawks,Brock Badgers,,Matthew Kong,Charlie Hughes,R,R,Fastball,Foul,,,10,0.201702876,0.672000032
4,2,2,2,'2-2,2026-09-05,Wilfrid Laurier Golden Hawks,Brock Badgers,,Matthew Kong,Charlie Hughes,R,R,Curveball,Strikeout Looking,,,10,0.680260498,0.506280431
5,0,0,0,'0-0,2026-09-05,Brock Badgers,Wilfrid Laurier Golden Hawks,,Flynn Matheson,Jordan Miller,R,L,Fastball,Home Run,Fly Ball,Pull,0,-0.416434053,0.427366336
5,0,0,0,'0-0,2026-09-05,Brock Badgers,Wilfrid Laurier Golden Hawks,,Josh Frazer,Cole Geldart,L,R,Fastball,Called Strike,,,0,-0.276854746,0.837719632
5,0,0,1,'0-1,2026-09-05,Brock Badgers,Wilfrid Laurier Golden Hawks,,Josh Frazer,Cole Geldart,L,R,Fastball,Ball,,,0,-0.35661435,1.106027557
5,0,1,1,'1-1,2026-09-05,Brock Badgers,Wilfrid Laurier Golden Hawks,,Josh Frazer,Cole Geldart,L,R,Breaking Ball,Ball,,,0,-1.333669495,0.419474926
5,0,2,1,'2-1,2026-09-05,Brock Badgers,Wilfrid Laurier Golden Hawks,,Josh Frazer,Cole Geldart,L,R,Fastball,Foul,,,0,0.401101885,1.090244738
5,0,2,2,'2-2,2026-09-05,Brock Badgers,Wilfrid Laurier Golden Hawks,,Josh Frazer,Cole Geldart,L,R,Fastball,Ball,,,0,0.480861489,1.208615881
5,0,3,2,'3-2,2026-09-05,Brock Badgers,Wilfrid Laurier Golden Hawks,,Josh Frazer,Cole Geldart,L,R,Breaking Ball,Walk,,,0,0.241582678,-0.1802722
5,0,0,0,'0-0,2026-09-05,Brock Badgers,Wilfrid Laurier Golden Hawks,,Brady Campbell,Cole Geldart,R,R,Fastball,Called Strike,,,100,0.740080201,0.656217213
5,0,0,1,'0-1,2026-09-05,Brock Badgers,Wilfrid Laurier Golden Hawks,0.92,Brady Campbell,Cole Geldart,R,R,Fastball,Ball,,,100,1.557616139,-0.211837838
5,0,1,1,'1-1,2026-09-05,Brock Badgers,Wilfrid Laurier Golden Hawks,1.13,Brady Campbell,Cole Geldart,R,R,Breaking Ball,Flyout,Fly Ball,Opposite Field,100,0.321342281,0.316886602
5,1,0,0,'0-0,2026-09-05,Brock Badgers,Wilfrid Laurier Golden Hawks,,Nate Parsons,Cole Geldart,L,R,Fastball,Foul,,,100,-0.35661435,0.293212373
5,1,0,1,'0-1,2026-09-05,Brock Badgers,Wilfrid Laurier Golden Hawks,,Nate Parsons,Cole Geldart,L,R,Breaking Ball,Ball,,,100,0.08206347,-0.345991801
5,1,1,1,'1-1,2026-09-05,Brock Badgers,Wilfrid Laurier Golden Hawks,,Nate Parsons,Cole Geldart,L,R,Breaking Ball,Hit By Pitch,,,100,1.896594454,0.230081097
5,1,0,0,'0-0,2026-09-05,Brock Badgers,Wilfrid Laurier Golden Hawks,,Nolan Phelan,Cole Geldart,R,R,Fastball,Ball,,,110,0.600500894,1.153376015
5,1,1,0,'1-0,2026-09-05,Brock Badgers,Wilfrid Laurier Golden Hawks,,Nolan Phelan,Cole Geldart,R,R,Fastball,Foul,,,110,0.480861489,1.098136148
5,1,1,1,'1-1,2026-09-05,Brock Badgers,Wilfrid Laurier Golden Hawks,,Nolan Phelan,Cole Geldart,R,R,Breaking Ball,Swinging Strike,,,110,0.799899904,0.372126469
5,1,1,2,'1-2,2026-09-05,Brock Badgers,Wilfrid Laurier Golden Hawks,,Nolan Phelan,Cole Geldart,R,R,Breaking Ball,Foul,,,110,-1.174150288,0.727239899
5,1,1,2,'1-2,2026-09-05,Brock Badgers,Wilfrid Laurier Golden Hawks,,Nolan Phelan,Cole Geldart,R,R,Fastball,Ball,,,110,0.321342281,1.224398701
5,1,2,2,'2-2,2026-09-05,Brock Badgers,Wilfrid Laurier Golden Hawks,,Nolan Phelan,Cole Geldart,R,R,Breaking Ball,Ball,,,110,0.480861489,-0.203946429
5,1,3,2,'3-2,2026-09-05,Brock Badgers,Wilfrid Laurier Golden Hawks,,Nolan Phelan,Cole Geldart,R,R,Breaking Ball,Groundout,Ground Ball,Pull,110,-0.13727544,0.214298278
5,2,0,0,'0-0,2026-09-05,Brock Badgers,Wilfrid Laurier Golden Hawks,,Adam Geddes,Cole Geldart,L,R,Breaking Ball,Ball,,,11,-1.293789693,0.648325803
5,2,1,0,'1-0,2026-09-05,Brock Badgers,Wilfrid Laurier Golden Hawks,,Adam Geddes,Cole Geldart,L,R,Fastball,Ball,,,11,-0.396494152,1.208615881
5,2,2,0,'2-0,2026-09-05,Brock Badgers,Wilfrid Laurier Golden Hawks,,Adam Geddes,Cole Geldart,L,R,Breaking Ball,Ball,,,11,-1.333669495,0.474714793
5,2,3,0,'3-0,2026-09-05,Brock Badgers,Wilfrid Laurier Golden Hawks,,Adam Geddes,Cole Geldart,L,R,Fastball,Walk,,,11,0.08206347,1.192833062
5,2,0,0,'0-0,2026-09-05,Brock Badgers,Wilfrid Laurier Golden Hawks,,Gavin Taylor,Cole Geldart,R,R,Fastball,Ball,,,111,-0.735472468,1.090244738
5,2,1,0,'1-0,2026-09-05,Brock Badgers,Wilfrid Laurier Golden Hawks,,Gavin Taylor,Cole Geldart,R,R,Breaking Ball,Called Strike,,,111,-0.615833062,0.214298278
5,2,1,1,'1-1,2026-09-05,Brock Badgers,Wilfrid Laurier Golden Hawks,,Gavin Taylor,Cole Geldart,R,R,Breaking Ball,Called Strike,,,111,0.620440795,0.119601363
5,2,1,2,'1-2,2026-09-05,Brock Badgers,Wilfrid Laurier Golden Hawks,,Gavin Taylor,Cole Geldart,R,R,Fastball,Ball,,,111,0.839779705,1.184941653
5,2,2,2,'2-2,2026-09-05,Brock Badgers,Wilfrid Laurier Golden Hawks,,Gavin Taylor,Cole Geldart,R,R,Breaking Ball,Ball,,,111,0.819839804,-0.306534753
5,2,3,2,'3-2,2026-09-05,Brock Badgers,Wilfrid Laurier Golden Hawks,,Gavin Taylor,Cole Geldart,R,R,Breaking Ball,Strikeout Looking,,,111,-0.655712864,0.103818544
5,0,0,0,'0-0,2026-09-05,Wilfrid Laurier Golden Hawks,Brock Badgers,,Johnny Banks,Charlie Hughes,R,R,Curveball,Called Strike,,,0,0.28146248,0.127492773
5,0,0,1,'0-1,2026-09-05,Wilfrid Laurier Golden Hawks,Brock Badgers,,Johnny Banks,Charlie Hughes,R,R,Curveball,Called Strike,,,0,0.221642777,0.332669421
5,0,0,2,'0-2,2026-09-05,Wilfrid Laurier Golden Hawks,Brock Badgers,,Johnny Banks,Charlie Hughes,R,R,Curveball,Ball,,,0,1.617435841,0.151167001
5,0,1,2,'1-2,2026-09-05,Wilfrid Laurier Golden Hawks,Brock Badgers,,Johnny Banks,Charlie Hughes,R,R,Fastball,Single,Line Drive,Opposite Field,0,0.401101885,0.821936813
5,0,0,0,'0-0,2026-09-05,Wilfrid Laurier Golden Hawks,Brock Badgers,,Lucas Bateman,Charlie Hughes,R,R,Curveball,Called Strike,,,100,0.740080201,0.34845224
5,0,0,1,'0-1,2026-09-05,Wilfrid Laurier Golden Hawks,Brock Badgers,,Lucas Bateman,Charlie Hughes,R,R,Fastball,Foul,,,10,-0.755412369,0.340560831
5,0,0,2,'0-2,2026-09-05,Wilfrid Laurier Golden Hawks,Brock Badgers,,Lucas Bateman,Charlie Hughes,R,R,Curveball,Groundout,Ground Ball,Pull,10,0.620440795,0.230081097
5,1,0,0,'0-0,2026-09-05,Wilfrid Laurier Golden Hawks,Brock Badgers,,Jared Wellman,Charlie Hughes,R,R,Curveball,Ball,,,10,1.079058516,-0.306534753
5,1,1,0,'1-0,2026-09-05,Wilfrid Laurier Golden Hawks,Brock Badgers,,Jared Wellman,Charlie Hughes,R,R,Fastball,Swinging Strike,,,10,0.660320597,0.648325803
5,1,1,1,'1-1,2026-09-05,Wilfrid Laurier Golden Hawks,Brock Badgers,,Jared Wellman,Charlie Hughes,R,R,Fastball,Swinging Strike,,,10,0.28146248,0.727239899
5,1,1,2,'1-2,2026-09-05,Wilfrid Laurier Golden Hawks,Brock Badgers,,Jared Wellman,Charlie Hughes,R,R,Curveball,Strikeout Swinging,,,10,0.560621092,-0.101358104
5,2,0,0,'0-0,2026-09-05,Wilfrid Laurier Golden Hawks,Brock Badgers,,Griffen Duenkler,Charlie Hughes,L,R,Curveball,Called Strike,,,10,-0.79529217,0.593085936
5,2,0,1,'0-1,2026-09-05,Wilfrid Laurier Golden Hawks,Brock Badgers,,Griffen Duenkler,Charlie Hughes,L,R,Curveball,Ball,,,10,0.740080201,-0.338100391
5,2,1,1,'1-1,2026-09-05,Wilfrid Laurier Golden Hawks,Brock Badgers,,Griffen Duenkler,Charlie Hughes,L,R,Fastball,Called Strike,,,10,1.37815703,0.253755326
5,2,1,2,'1-2,2026-09-05,Wilfrid Laurier Golden Hawks,Brock Badgers,,Griffen Duenkler,Charlie Hughes,L,R,Fastball,Ball,,,10,0.740080201,1.121810376
5,2,2,2,'2-2,2026-09-05,Wilfrid Laurier Golden Hawks,Brock Badgers,,Griffen Duenkler,Charlie Hughes,L,R,Fastball,Single,Line Drive,Straightaway,10,0.600500894,0.111709954
5,2,0,0,'0-0,2026-09-05,Wilfrid Laurier Golden Hawks,Brock Badgers,,Cameron Bendo,Charlie Hughes,R,R,Fastball,Flyout,Fly Ball,Pull,100,-0.416434053,0.372126469
6,0,0,0,'0-0,2026-09-05,Brock Badgers,Wilfrid Laurier Golden Hawks,,Kade Falardeau,Benjamin Ondevilla,R,R,Fastball,Ball,,,0,-0.536073458,1.161267424
6,0,1,0,'1-0,2026-09-05,Brock Badgers,Wilfrid Laurier Golden Hawks,,Kade Falardeau,Benjamin Ondevilla,R,R,Fastball,Ball,,,0,1.457916634,0.198515459
6,0,2,0,'2-0,2026-09-05,Brock Badgers,Wilfrid Laurier Golden Hawks,,Kade Falardeau,Benjamin Ondevilla,R,R,Fastball,Called Strike,,,0,0.540681192,0.798262585
6,0,2,1,'2-1,2026-09-05,Brock Badgers,Wilfrid Laurier Golden Hawks,,Kade Falardeau,Benjamin Ondevilla,R,R,Breaking Ball,Called Strike,,,0,0.540681192,0.190624049
6,0,2,2,'2-2,2026-09-05,Brock Badgers,Wilfrid Laurier Golden Hawks,,Kade Falardeau,Benjamin Ondevilla,R,R,Breaking Ball,Foul,,,0,0.321342281,0.34845224
6,0,2,2,'2-2,2026-09-05,Brock Badgers,Wilfrid Laurier Golden Hawks,,Kade Falardeau,Benjamin Ondevilla,R,R,Fastball,Foul,,,0,-0.197095143,0.806153994
6,0,2,2,'2-2,2026-09-05,Brock Badgers,Wilfrid Laurier Golden Hawks,,Kade Falardeau,Benjamin Ondevilla,R,R,Breaking Ball,Ball,,,0,0.600500894,-0.338100391
6,0,3,2,'3-2,2026-09-05,Brock Badgers,Wilfrid Laurier Golden Hawks,,Kade Falardeau,Benjamin Ondevilla,R,R,Fastball,Foul,,,0,0.660320597,0.616760165
6,0,3,2,'3-2,2026-09-05,Brock Badgers,Wilfrid Laurier Golden Hawks,,Kade Falardeau,Benjamin Ondevilla,R,R,Breaking Ball,Double,Line Drive,Pull,0,-0.336674449,0.151167001
6,0,0,0,'0-0,2026-09-05,Brock Badgers,Wilfrid Laurier Golden Hawks,,Jaden Leeder,Benjamin Ondevilla,R,R,Fastball,Ball,,,10,0.620440795,1.082353329
6,0,1,0,'1-0,2026-09-05,Brock Badgers,Wilfrid Laurier Golden Hawks,,Jaden Leeder,Benjamin Ondevilla,R,R,Fastball,Ball,,,10,1.537676238,0.679891441
6,0,2,0,'2-0,2026-09-05,Brock Badgers,Wilfrid Laurier Golden Hawks,,Jaden Leeder,Benjamin Ondevilla,R,R,Fastball,Ball,,,10,1.657315643,1.035004871
6,0,3,0,'3-0,2026-09-05,Brock Badgers,Wilfrid Laurier Golden Hawks,,Jaden Leeder,Benjamin Ondevilla,R,R,Fastball,Walk,,,10,1.278457526,1.082353329
6,0,0,0,'0-0,2026-09-05,Brock Badgers,Wilfrid Laurier Golden Hawks,,Flynn Matheson,Benjamin Ondevilla,R,R,Breaking Ball,Ball,,,110,-0.296794647,1.098136148
6,0,1,0,'1-0,2026-09-05,Brock Badgers,Wilfrid Laurier Golden Hawks,,Flynn Matheson,Benjamin Ondevilla,R,R,Breaking Ball,Ball,,,110,-1.253909892,1.208615881
6,0,2,0,'2-0,2026-09-05,Brock Badgers,Wilfrid Laurier Golden Hawks,,Flynn Matheson,Benjamin Ondevilla,R,R,Fastball,Foul,,,110,0.30140238,0.672000032
6,0,2,1,'2-1,2026-09-05,Brock Badgers,Wilfrid Laurier Golden Hawks,,Flynn Matheson,Benjamin Ondevilla,R,R,Breaking Ball,Ball,,,110,-1.273849793,0.593085936
6,0,3,1,'3-1,2026-09-05,Brock Badgers,Wilfrid Laurier Golden Hawks,,Flynn Matheson,Benjamin Ondevilla,R,R,Fastball,Walk,,,110,0.999298913,-0.251294886
6,0,0,0,'0-0,2026-09-05,Brock Badgers,Wilfrid Laurier Golden Hawks,,Josh Frazer,Jack Comper,L,R,Fastball,Ball,,,111,0.7201403,-0.259186295
6,0,1,0,'1-0,2026-09-05,Brock Badgers,Wilfrid Laurier Golden Hawks,,Josh Frazer,Jack Comper,L,R,Fastball,Single,Line Drive,Pull,111,-0.077455737,0.829828223
6,0,0,0,'0-0,2026-09-05,Brock Badgers,Wilfrid Laurier Golden Hawks,,Brady Campbell,Jack Comper,R,R,Fastball,Foul,,,11,-0.516133557,0.727239899
6,0,0,1,'0-1,2026-09-05,Brock Badgers,Wilfrid Laurier Golden Hawks,,Brady Campbell,Jack Comper,R,R,Breaking Ball,Ball,,,11,1.198697922,-0.282860524
6,0,1,1,'1-1,2026-09-05,Brock Badgers,Wilfrid Laurier Golden Hawks,,Brady Campbell,Jack Comper,R,R,Fastball,Called Strike,,,11,0.401101885,0.340560831
6,0,1,2,'1-2,2026-09-05,Brock Badgers,Wilfrid Laurier Golden Hawks,,Brady Campbell,Jack Comper,R,R,Fastball,Foul,,,11,0.241582678,0.18273264
6,0,1,2,'1-2,2026-09-05,Brock Badgers,Wilfrid Laurier Golden Hawks,,Brady Campbell,Jack Comper,R,R,Breaking Ball,Foul,,,11,-0.496193657,0.458931974
6,0,1,2,'1-2,2026-09-05,Brock Badgers,Wilfrid Laurier Golden Hawks,,Brady Campbell,Jack Comper,R,R,Fastball,Foul,,,11,0.381161984,0.806153994
6,0,1,2,'1-2,2026-09-05,Brock Badgers,Wilfrid Laurier Golden Hawks,,Brady Campbell,Jack Comper,R,R,Breaking Ball,Foul,,,11,1.418036832,0.056470087
6,0,1,2,'1-2,2026-09-05,Brock Badgers,Wilfrid Laurier Golden Hawks,,Brady Campbell,Jack Comper,R,R,Fastball,Strikeout Swinging,,,11,-0.595893161,1.090244738
6,1,0,0,'0-0,2026-09-05,Brock Badgers,Wilfrid Laurier Golden Hawks,,Nate Parsons,Jack Comper,L,R,Fastball,Single,Line Drive,Straightaway,11,-0.197095143,0.640434394
6,1,0,0,'0-0,2026-09-05,Brock Badgers,Wilfrid Laurier Golden Hawks,,Nolan Phelan,Jack Comper,R,R,Breaking Ball,Called Strike,,,100,-0.855111873,0.159058411
6,1,0,1,'0-1,2026-09-05,Brock Badgers,Wilfrid Laurier Golden Hawks,,Nolan Phelan,Jack Comper,R,R,Fastball,Foul,,,10,-0.635772963,0.814045404
6,1,0,2,'0-2,2026-09-05,Brock Badgers,Wilfrid Laurier Golden Hawks,,Nolan Phelan,Jack Comper,R,R,Breaking Ball,Ball,,,10,-0.236974945,-0.235512067
6,1,1,2,'1-2,2026-09-05,Brock Badgers,Wilfrid Laurier Golden Hawks,,Nolan Phelan,Jack Comper,R,R,Breaking Ball,Ball,,,10,0.700200399,-0.211837838
6,1,2,2,'2-2,2026-09-05,Brock Badgers,Wilfrid Laurier Golden Hawks,,Nolan Phelan,Jack Comper,R,R,Fastball,Foul,,,0,-0.775352269,0.411583517
6,1,2,2,'2-2,2026-09-05,Brock Badgers,Wilfrid Laurier Golden Hawks,,Nolan Phelan,Jack Comper,R,R,Breaking Ball,Ball,,,0,0.740080201,0.135384182
6,1,3,2,'3-2,2026-09-05,Brock Badgers,Wilfrid Laurier Golden Hawks,,Nolan Phelan,Jack Comper,R,R,Fastball,Foul,,,0,0.102003371,0.166949821
6,1,3,2,'3-2,2026-09-05,Brock Badgers,Wilfrid Laurier Golden Hawks,,Nolan Phelan,Jack Comper,R,R,Fastball,Strikeout Looking,,,0,0.740080201,0.403692107
6,2,0,0,'0-0,2026-09-05,Brock Badgers,Wilfrid Laurier Golden Hawks,,Adam Geddes,Jack Comper,L,R,Fastball,Ball,,,0,-0.516133557,-0.17238079
6,2,1,0,'1-0,2026-09-05,Brock Badgers,Wilfrid Laurier Golden Hawks,,Adam Geddes,Jack Comper,L,R,Breaking Ball,Ball,,,0,-1.353609396,0.482606203
6,2,2,0,'2-0,2026-09-05,Brock Badgers,Wilfrid Laurier Golden Hawks,,Adam Geddes,Jack Comper,L,R,Fastball,Ball,,,0,-1.493188703,0.687782851
6,2,3,0,'3-0,2026-09-05,Brock Badgers,Wilfrid Laurier Golden Hawks,,Adam Geddes,Jack Comper,L,R,Fastball,Called Strike,,,0,-0.536073458,0.253755326
6,2,3,1,'3-1,2026-09-05,Brock Badgers,Wilfrid Laurier Golden Hawks,,Adam Geddes,Jack Comper,L,R,Fastball,Called Strike,,,0,-0.635772963,0.537846069
6,2,3,2,'3-2,2026-09-05,Brock Badgers,Wilfrid Laurier Golden Hawks,,Adam Geddes,Jack Comper,L,R,Fastball,Groundout,Ground Ball,Opposite Field,0,-0.57595326,0.458931974
6,0,0,0,'0-0,2026-09-05,Wilfrid Laurier Golden Hawks,Brock Badgers,,Brendan Boys,Charlie Hughes,R,R,Fastball,Popout,Pop Up,Straightaway,0,0.201702876,0.774588356
6,1,0,0,'0-0,2026-09-05,Wilfrid Laurier Golden Hawks,Brock Badgers,,Nolan Goranson,Charlie Hughes,R,R,Curveball,Ball,,,0,0.321342281,-0.314426162
6,1,1,0,'1-0,2026-09-05,Wilfrid Laurier Golden Hawks,Brock Badgers,,Nolan Goranson,Charlie Hughes,R,R,Fastball,Ball,,,0,1.457916634,0.821936813
6,1,2,0,'2-0,2026-09-05,Wilfrid Laurier Golden Hawks,Brock Badgers,,Nolan Goranson,Charlie Hughes,R,R,Fastball,Ball,,,0,1.856714652,0.632542984
6,1,3,0,'3-0,2026-09-05,Wilfrid Laurier Golden Hawks,Brock Badgers,,Nolan Goranson,Charlie Hughes,R,R,Fastball,Called Strike,,,0,-0.615833062,0.537846069
6,1,3,1,'3-1,2026-09-05,Wilfrid Laurier Golden Hawks,Brock Badgers,,Nolan Goranson,Charlie Hughes,R,R,Fastball,Double,Fly Ball,Pull,0,-0.655712864,0.687782851
6,1,0,0,'0-0,2026-09-05,Wilfrid Laurier Golden Hawks,Brock Badgers,,Patrick Vieira,Charlie Hughes,R,R,Curveball,Swinging Strike,,,10,0.839779705,-0.243403476
6,1,0,1,'0-1,2026-09-05,Wilfrid Laurier Golden Hawks,Brock Badgers,,Patrick Vieira,Charlie Hughes,R,R,Curveball,Called Strike,,,10,-0.615833062,0.159058411
6,1,0,2,'0-2,2026-09-05,Wilfrid Laurier Golden Hawks,Brock Badgers,,Patrick Vieira,Charlie Hughes,R,R,Fastball,Ball,,,10,0.600500894,1.098136148
6,1,1,2,'1-2,2026-09-05,Wilfrid Laurier Golden Hawks,Brock Badgers,,Patrick Vieira,Charlie Hughes,R,R,Fastball,Ball,,,10,-0.894991675,1.23229011
6,1,2,2,'2-2,2026-09-05,Wilfrid Laurier Golden Hawks,Brock Badgers,,Patrick Vieira,Charlie Hughes,R,R,Curveball,Foul,,,10,-0.655712864,0.616760165
6,1,2,2,'2-2,2026-09-05,Wilfrid Laurier Golden Hawks,Brock Badgers,,Patrick Vieira,Charlie Hughes,R,R,Curveball,Ball,,,10,0.899599408,-0.377557439
6,1,3,2,'3-2,2026-09-05,Wilfrid Laurier Golden Hawks,Brock Badgers,,Patrick Vieira,Charlie Hughes,R,R,Fastball,Walk,,,10,1.298397427,-0.188163609
6,1,0,0,'0-0,2026-09-05,Wilfrid Laurier Golden Hawks,Brock Badgers,,Matthew Kong,Jack Tiessen,R,R,Fastball,Groundout,Ground Ball,Straightaway,110,-0.276854746,0.648325803
6,2,0,0,'0-0,2026-09-05,Wilfrid Laurier Golden Hawks,Brock Badgers,,Johnny Banks,Jack Tiessen,R,R,Fastball,Foul,,,101,-1.174150288,0.206406868
6,2,0,1,'0-1,2026-09-05,Wilfrid Laurier Golden Hawks,Brock Badgers,,Johnny Banks,Jack Tiessen,R,R,Fastball,Groundout,Ground Ball,Straightaway,101,0.401101885,0.585194527
7,0,0,0,'0-0,2026-09-05,Brock Badgers,Wilfrid Laurier Golden Hawks,,Gavin Taylor,Jack Comper,R,R,Fastball,Ball,,,0,-1.353609396,0.222189687
7,0,1,0,'1-0,2026-09-05,Brock Badgers,Wilfrid Laurier Golden Hawks,,Gavin Taylor,Jack Comper,R,R,Fastball,Single,Fly Ball,Straightaway,0,0.421041786,0.790371175
7,0,0,0,'0-0,2026-09-05,Brock Badgers,Wilfrid Laurier Golden Hawks,,Kade Falardeau,Jack Comper,R,R,Fastball,Swinging Strike,,,100,1.497796436,0.593085936
7,0,0,1,'0-1,2026-09-05,Brock Badgers,Wilfrid Laurier Golden Hawks,,Kade Falardeau,Jack Comper,R,R,Fastball,Ball,,,10,-0.635772963,1.192833062
7,0,1,1,'1-1,2026-09-05,Brock Badgers,Wilfrid Laurier Golden Hawks,,Kade Falardeau,Jack Comper,R,R,Breaking Ball,Hit By Pitch,,,10,-1.732467514,0.214298278
7,0,0,0,'0-0,2026-09-05,Brock Badgers,Wilfrid Laurier Golden Hawks,,Jaden Leeder,Jack Comper,R,R,Fastball,Foul,,,110,0.50080139,0.948199366
7,0,0,1,'0-1,2026-09-05,Brock Badgers,Wilfrid Laurier Golden Hawks,,Jaden Leeder,Jack Comper,R,R,Fastball,Called Strike,,,110,0.680260498,0.17484123
7,0,0,2,'0-2,2026-09-05,Brock Badgers,Wilfrid Laurier Golden Hawks,,Jaden Leeder,Jack Comper,R,R,Fastball,Ball,,,110,-1.373549297,1.019222052
7,0,1,2,'1-2,2026-09-05,Brock Badgers,Wilfrid Laurier Golden Hawks,,Jaden Leeder,Jack Comper,R,R,Breaking Ball,Single,Ground Ball,Straightaway,110,-0.316734548,0.214298278
7,0,0,0,'0-0,2026-09-05,Brock Badgers,Wilfrid Laurier Golden Hawks,,Flynn Matheson,Jack Comper,R,R,Breaking Ball,Ball,,,111,-1.513128604,1.137593195
7,0,1,0,'1-0,2026-09-05,Brock Badgers,Wilfrid Laurier Golden Hawks,,Flynn Matheson,Jack Comper,R,R,Fastball,Ball,,,111,0.520741291,1.121810376
7,0,2,0,'2-0,2026-09-05,Brock Badgers,Wilfrid Laurier Golden Hawks,,Flynn Matheson,Jack Comper,R,R,Fastball,Called Strike,,,111,0.181762975,0.821936813
7,0,2,1,'2-1,2026-09-05,Brock Badgers,Wilfrid Laurier Golden Hawks,,Flynn Matheson,Jack Comper,R,R,Fastball,Ball,,,111,-0.077455737,1.23229011
7,0,3,1,'3-1,2026-09-05,Brock Badgers,Wilfrid Laurier Golden Hawks,,Flynn Matheson,Jack Comper,R,R,Breaking Ball,Walk,,,111,-1.612828108,0.837719632
7,0,0,0,'0-0,2026-09-05,Brock Badgers,Wilfrid Laurier Golden Hawks,,Josh Frazer,Jack Comper,L,R,Fastball,Double,Fly Ball,Straightaway,111,-0.296794647,0.214298278
7,0,0,0,'0-0,2026-09-05,Brock Badgers,Wilfrid Laurier Golden Hawks,,Brady Campbell,Jack Comper,R,R,Fastball,Ball,,,11,0.839779705,-0.211837838
7,0,1,0,'1-0,2026-09-05,Brock Badgers,Wilfrid Laurier Golden Hawks,,Brady Campbell,Jack Comper,R,R,Breaking Ball,Foul,,,11,-0.615833062,0.411583517
7,0,1,1,'1-1,2026-09-05,Brock Badgers,Wilfrid Laurier Golden Hawks,,Brady Campbell,Jack Comper,R,R,Fastball,Single,Ground Ball,Pull,11,0.440981687,0.245863916
7,0,0,0,'0-0,2026-09-05,Brock Badgers,Wilfrid Laurier Golden Hawks,,Nate Parsons,Jack Comper,L,R,Fastball,Foul,,,101,0.321342281,0.127492773
7,0,0,1,'0-1,2026-09-05,Brock Badgers,Wilfrid Laurier Golden Hawks,,Nate Parsons,Jack Comper,L,R,Fastball,Ball,,,101,-1.433369,1.106027557
7,0,1,1,'1-1,2026-09-05,Brock Badgers,Wilfrid Laurier Golden Hawks,,Nate Parsons,Jack Comper,L,R,Fastball,Foul,,,101,-0.835171972,0.821936813
7,0,1,2,'1-2,2026-09-05,Brock Badgers,Wilfrid Laurier Golden Hawks,,Nate Parsons,Jack Comper,L,R,Fastball,Groundout,,,101,0.261522579,0.198515459
7,1,0,0,'0-0,2026-09-05,Brock Badgers,Wilfrid Laurier Golden Hawks,,Colin Mockford,Jack Comper,L,R,Fastball,Ball,,,101,,
7,1,1,0,'1-0,2026-09-05,Brock Badgers,Wilfrid Laurier Golden Hawks,,Colin Mockford,Jack Comper,L,R,Fastball,Called Strike,,,0,,
7,1,1,1,'1-1,2026-09-05,Brock Badgers,Wilfrid Laurier Golden Hawks,,Colin Mockford,Jack Comper,L,R,Fastball,Flyout,Fly Ball,Opposite Field,0,,
7,2,0,0,'0-0,2026-09-05,Brock Badgers,Wilfrid Laurier Golden Hawks,,Adam Geddes,Jack Comper,L,R,Fastball,Ball,,,0,,
7,2,1,0,'1-0,2026-09-05,Brock Badgers,Wilfrid Laurier Golden Hawks,,Adam Geddes,Jack Comper,L,R,Breaking Ball,Ball,,,0,,
7,2,2,0,'2-0,2026-09-05,Brock Badgers,Wilfrid Laurier Golden Hawks,,Adam Geddes,Jack Comper,L,R,Fastball,Ball,,,0,,
7,2,3,0,'3-0,2026-09-05,Brock Badgers,Wilfrid Laurier Golden Hawks,,Adam Geddes,Jack Comper,L,R,Fastball,Popout,Pop Up,Straightaway,0,,
7,0,0,0,'0-0,2026-09-05,Wilfrid Laurier Golden Hawks,Brock Badgers,,Lucas Bateman,Nolan McFarlane,R,R,Slider,Called Strike,,,0,0.440981687,0.861393861
7,0,0,1,'0-1,2026-09-05,Wilfrid Laurier Golden Hawks,Brock Badgers,,Lucas Bateman,Nolan McFarlane,R,R,Fastball,Ball,,,0,0.680260498,-0.243403476
7,0,1,1,'1-1,2026-09-05,Wilfrid Laurier Golden Hawks,Brock Badgers,,Lucas Bateman,Nolan McFarlane,R,R,Slider,Swinging Strike,,,0,0.819839804,0.632542984
7,0,1,2,'1-2,2026-09-05,Wilfrid Laurier Golden Hawks,Brock Badgers,,Lucas Bateman,Nolan McFarlane,R,R,Fastball,Ball,,,0,0.660320597,1.098136148
7,0,2,2,'2-2,2026-09-05,Wilfrid Laurier Golden Hawks,Brock Badgers,,Lucas Bateman,Nolan McFarlane,R,R,Fastball,Strikeout Looking,,,0,0.640380696,0.103818544
7,1,0,0,'0-0,2026-09-05,Wilfrid Laurier Golden Hawks,Brock Badgers,,Jared Wellman,Nolan McFarlane,R,R,Slider,Called Strike,,,0,0.680260498,0.474714793
7,1,0,1,'0-1,2026-09-05,Wilfrid Laurier Golden Hawks,Brock Badgers,,Jared Wellman,Nolan McFarlane,R,R,Slider,Ball,,,0,1.677255544,0.301103783
7,1,1,1,'1-1,2026-09-05,Wilfrid Laurier Golden Hawks,Brock Badgers,,Jared Wellman,Nolan McFarlane,R,R,Slider,Ball,,,0,0.560621092,-0.298643343
7,1,2,1,'2-1,2026-09-05,Wilfrid Laurier Golden Hawks,Brock Badgers,,Jared Wellman,Nolan McFarlane,R,R,Changeup,Ball,,,0,0.700200399,-0.156597971
7,1,3,1,'3-1,2026-09-05,Wilfrid Laurier Golden Hawks,Brock Badgers,,Jared Wellman,Nolan McFarlane,R,R,Changeup,Foul,,,0,-0.595893161,0.411583517
7,1,3,2,'3-2,2026-09-05,Wilfrid Laurier Golden Hawks,Brock Badgers,,Jared Wellman,Nolan McFarlane,R,R,Slider,Foul,,,0,0.620440795,0.766696947
7,1,3,2,'3-2,2026-09-05,Wilfrid Laurier Golden Hawks,Brock Badgers,,Jared Wellman,Nolan McFarlane,R,R,Slider,Walk,,,0,1.757015148,0.00123022
7,1,0,0,'0-0,2026-09-05,Wilfrid Laurier Golden Hawks,Brock Badgers,,Griffen Duenkler,Nolan McFarlane,L,R,Changeup,Ball,,,100,-0.57595326,1.145484605
7,1,1,0,'1-0,2026-09-05,Wilfrid Laurier Golden Hawks,Brock Badgers,,Griffen Duenkler,Nolan McFarlane,L,R,Changeup,Foul,,,100,-0.236974945,0.403692107
7,1,1,1,'1-1,2026-09-05,Wilfrid Laurier Golden Hawks,Brock Badgers,,Griffen Duenkler,Nolan McFarlane,L,R,Fastball,Called Strike,,,100,0.30140238,0.095927134
7,1,1,2,'1-2,2026-09-05,Wilfrid Laurier Golden Hawks,Brock Badgers,,Griffen Duenkler,Nolan McFarlane,L,R,Fastball,Foul,,,100,0.401101885,-0.125032333
7,1,1,2,'1-2,2026-09-05,Wilfrid Laurier Golden Hawks,Brock Badgers,,Griffen Duenkler,Nolan McFarlane,L,R,Fastball,Popout,Pop Up,Opposite Field,100,-0.635772963,0.853502452
7,2,0,0,'0-0,2026-09-05,Wilfrid Laurier Golden Hawks,Brock Badgers,,Cameron Bendo,Nolan McFarlane,L,R,Fastball,Groundout,Ground Ball,Pull,100,0.321342281,0.750914127
1,0,0,0,'0-0,2026-09-05,Brock Badgers,Wilfrid Laurier Golden Hawks,,Gavin Taylor,Jack Rosseti,R,R,Fastball,Single,Line Drive,Opposite Field,0,0.30140238,0.316886602
1,0,0,0,'0-0,2026-09-05,Brock Badgers,Wilfrid Laurier Golden Hawks,,Kade Falardeau,Jack Rosseti,R,R,Fastball,Ball,,,100,1.398096931,0.159058411
1,0,1,0,'1-0,2026-09-05,Brock Badgers,Wilfrid Laurier Golden Hawks,,Kade Falardeau,Jack Rosseti,R,R,Fastball,Ball,,,100,1.178758021,-0.282860524
1,0,2,0,'2-0,2026-09-05,Brock Badgers,Wilfrid Laurier Golden Hawks,,Kade Falardeau,Jack Rosseti,R,R,Fastball,Ball,,,100,1.477856535,-0.132923743
1,0,3,0,'3-0,2026-09-05,Brock Badgers,Wilfrid Laurier Golden Hawks,,Kade Falardeau,Jack Rosseti,R,R,Fastball,Walk,,,100,1.717135346,0.009121629
1,0,0,0,'0-0,2026-09-05,Brock Badgers,Wilfrid Laurier Golden Hawks,,Jaden Leeder,Jack Rosseti,R,R,Fastball,Swinging Strike,,,110,-0.615833062,1.082353329
1,0,0,1,'0-1,2026-09-05,Brock Badgers,Wilfrid Laurier Golden Hawks,,Jaden Leeder,Jack Rosseti,R,R,Fastball,Swinging Strike,,,110,-0.516133557,0.869285271
1,0,0,2,'0-2,2026-09-05,Brock Badgers,Wilfrid Laurier Golden Hawks,,Jaden Leeder,Jack Rosseti,R,R,Breaking Ball,Foul,,,110,0.460921588,0.269538145
1,0,0,2,'0-2,2026-09-05,Brock Badgers,Wilfrid Laurier Golden Hawks,,Jaden Leeder,Jack Rosseti,R,R,Fastball,Strikeout Swinging,,,110,0.520741291,0.837719632
1,1,0,0,'0-0,2026-09-05,Brock Badgers,Wilfrid Laurier Golden Hawks,,Flynn Matheson,Jack Rosseti,R,R,Breaking Ball,Swinging Strike,,,110,-0.35661435,0.679891441
1,1,0,1,'0-1,2026-09-05,Brock Badgers,Wilfrid Laurier Golden Hawks,,Flynn Matheson,Jack Rosseti,R,R,Fastball,Called Strike,,,110,0.361222083,0.222189687
1,1,0,2,'0-2,2026-09-05,Brock Badgers,Wilfrid Laurier Golden Hawks,,Flynn Matheson,Jack Rosseti,R,R,Breaking Ball,Strikeout Swinging,,,110,0.421041786,0.664108622
1,2,0,0,'0-0,2026-09-05,Brock Badgers,Wilfrid Laurier Golden Hawks,,,,R,R,,Additional Out,,,110,,
1,0,0,0,'0-0,2026-09-05,Wilfrid Laurier Golden Hawks,Brock Badgers,,Johnny Banks,Evan Marks,R,R,Fastball,Single,Line Drive,Opposite Field,0,0.201702876,0.561520298
1,0,0,0,'0-0,2026-09-05,Wilfrid Laurier Golden Hawks,Brock Badgers,,Lucas Bateman,Evan Marks,R,R,Splitter,Called Strike,,,100,-0.276854746,0.679891441
1,0,0,1,'0-1,2026-09-05,Wilfrid Laurier Golden Hawks,Brock Badgers,,Lucas Bateman,Evan Marks,R,R,Cutter,Ball,,,100,0.560621092,1.113918967
1,0,1,1,'1-1,2026-09-05,Wilfrid Laurier Golden Hawks,Brock Badgers,,Lucas Bateman,Evan Marks,R,R,Fastball,Ball,,,100,-0.615833062,1.066570509
1,0,2,1,'2-1,2026-09-05,Wilfrid Laurier Golden Hawks,Brock Badgers,,Lucas Bateman,Evan Marks,R,R,Splitter,Foul,,,100,-0.476253756,0.380017878
1,0,2,2,'2-2,2026-09-05,Wilfrid Laurier Golden Hawks,Brock Badgers,,Lucas Bateman,Evan Marks,R,R,Fastball,Single,Line Drive,Straightaway,100,-0.595893161,0.222189687
1,0,0,0,'0-0,2026-09-05,Wilfrid Laurier Golden Hawks,Brock Badgers,,Cameron Bendo,Evan Marks,R,R,Splitter,Lineout,Line Drive,Pull,110,-0.595893161,0.514171841
1,1,0,0,'0-0,2026-09-05,Wilfrid Laurier Golden Hawks,Brock Badgers,,Griffen Duenkler,Evan Marks,L,R,Splitter,Double,Fly Ball,Pull,110,-0.755412369,0.35634365
1,1,0,0,'0-0,2026-09-05,Wilfrid Laurier Golden Hawks,Brock Badgers,,Jared Wellman,Evan Marks,R,R,Fastball,Called Strike,,,10,0.361222083,0.332669421
1,1,0,1,'0-1,2026-09-05,Wilfrid Laurier Golden Hawks,Brock Badgers,,Jared Wellman,Evan Marks,R,R,Fastball,Single,Ground Ball,Pull,10,0.321342281,0.435257745
1,1,0,0,'0-0,2026-09-05,Wilfrid Laurier Golden Hawks,Brock Badgers,,Brendan Boys,Evan Marks,R,R,Splitter,Ball,,,101,1.577556039,0.932416547
1,1,1,0,'1-0,2026-09-05,Wilfrid Laurier Golden Hawks,Brock Badgers,,Brendan Boys,Evan Marks,R,R,Cutter,Groundout,Ground Ball,Pull,101,0.700200399,0.695674261
1,2,0,0,'0-0,2026-09-05,Wilfrid Laurier Golden Hawks,Brock Badgers,,Nolan Goranson,Evan Marks,R,R,Cutter,Swinging Strike,,,100,0.381161984,0.790371175
1,2,0,1,'0-1,2026-09-05,Wilfrid Laurier Golden Hawks,Brock Badgers,,Nolan Goranson,Evan Marks,R,R,Fastball,Foul,,,100,0.50080139,0.916633728
1,2,0,2,'0-2,2026-09-05,Wilfrid Laurier Golden Hawks,Brock Badgers,,Nolan Goranson,Evan Marks,R,R,Cutter,Single,Ground Ball,Opposite Field,100,0.819839804,0.340560831
1,2,0,0,'0-0,2026-09-05,Wilfrid Laurier Golden Hawks,Brock Badgers,,Daniel Leonard,Evan Marks,R,R,Fastball,Single,Ground Ball,Opposite Field,110,-0.35661435,0.127492773
1,2,0,0,'0-0,2026-09-05,Wilfrid Laurier Golden Hawks,Brock Badgers,,Cole Geldart,Evan Marks,L,R,Cutter,Foul,,,110,-0.675652765,0.285320964
1,2,0,1,'0-1,2026-09-05,Wilfrid Laurier Golden Hawks,Brock Badgers,,Cole Geldart,Evan Marks,L,R,Splitter,Called Strike,,,110,-0.715532567,0.119601363
1,2,0,2,'0-2,2026-09-05,Wilfrid Laurier Golden Hawks,Brock Badgers,,Cole Geldart,Evan Marks,L,R,Splitter,Strikeout Looking,,,110,0.161823074,0.395800698
2,0,0,0,'0-0,2026-09-05,Brock Badgers,Wilfrid Laurier Golden Hawks,,Josh Frazer,Jack Rosseti,L,R,Fastball,Ball,,,0,,
2,0,1,0,'1-0,2026-09-05,Brock Badgers,Wilfrid Laurier Golden Hawks,,Josh Frazer,Jack Rosseti,L,R,Offspeed,Ball,,,,-1.553008405,0.009121629
2,0,2,0,'2-0,2026-09-05,Brock Badgers,Wilfrid Laurier Golden Hawks,,Josh Frazer,Jack Rosseti,L,R,Fastball,Ball,,,,-0.914931576,1.137593195
2,0,3,0,'3-0,2026-09-05,Brock Badgers,Wilfrid Laurier Golden Hawks,,Josh Frazer,Jack Rosseti,L,R,Fastball,Called Strike,,,,-0.695592666,0.490497612
2,0,3,1,'3-1,2026-09-05,Brock Badgers,Wilfrid Laurier Golden Hawks,,Josh Frazer,Jack Rosseti,L,R,Offspeed,Swinging Strike,,,,-0.914931576,0.798262585
2,0,3,2,'3-2,2026-09-05,Brock Badgers,Wilfrid Laurier Golden Hawks,,Josh Frazer,Jack Rosseti,L,R,Offspeed,Single,Ground Ball,Pull,0,-0.675652765,0.324778012
2,0,0,0,'0-0,2026-09-05,Brock Badgers,Wilfrid Laurier Golden Hawks,,Brady Campbell,Jack Rosseti,R,R,Breaking Ball,Ball,,,100,0.680260498,-0.503819992
2,0,1,0,'1-0,2026-09-05,Brock Badgers,Wilfrid Laurier Golden Hawks,,Brady Campbell,Jack Rosseti,R,R,Fastball,Single,Line Drive,Straightaway,100,0.341282182,0.261646735
2,0,0,0,'0-0,2026-09-05,Brock Badgers,Wilfrid Laurier Golden Hawks,,Nolan Phelan,Jack Rosseti,R,R,Fastball,Ball,,,110,0.660320597,1.145484605
2,0,1,0,'1-0,2026-09-05,Brock Badgers,Wilfrid Laurier Golden Hawks,,Nolan Phelan,Jack Rosseti,R,R,Breaking Ball,Foul,,,110,-0.13727544,0.70356567
2,0,1,1,'1-1,2026-09-05,Brock Badgers,Wilfrid Laurier Golden Hawks,,Nolan Phelan,Jack Rosseti,R,R,Breaking Ball,Ball,,,110,-0.296794647,-0.53538563
2,0,2,1,'2-1,2026-09-05,Brock Badgers,Wilfrid Laurier Golden Hawks,,Nolan Phelan,Jack Rosseti,R,R,Fastball,Single,Line Drive,Straightaway,110,-0.376554251,0.656217213
2,0,0,0,'0-0,2026-09-05,Brock Badgers,Wilfrid Laurier Golden Hawks,,Adam Geddes,Jack Rosseti,L,R,Fastball,Foul,,,111,-0.476253756,0.143275592
2,0,0,1,'0-1,2026-09-05,Brock Badgers,Wilfrid Laurier Golden Hawks,,Adam Geddes,Jack Rosseti,L,R,Breaking Ball,Ball,,,111,-0.894991675,-0.472254353
2,0,1,1,'1-1,2026-09-05,Brock Badgers,Wilfrid Laurier Golden Hawks,,Adam Geddes,Jack Rosseti,L,R,Breaking Ball,Ball,,,111,-1.194090189,-0.338100391
2,0,2,1,'2-1,2026-09-05,Brock Badgers,Wilfrid Laurier Golden Hawks,,Adam Geddes,Jack Rosseti,L,R,Fastball,Groundout,Ground Ball,Pull,111,-0.516133557,0.253755326
2,1,0,0,'0-0,2026-09-05,Brock Badgers,Wilfrid Laurier Golden Hawks,,Brayden Sowrey,Jack Rosseti,R,R,Breaking Ball,Called Strike,,,11,0.520741291,0.490497612
2,1,0,1,'0-1,2026-09-05,Brock Badgers,Wilfrid Laurier Golden Hawks,,Brayden Sowrey,Jack Rosseti,R,R,Fastball,Ball,,,11,1.019238814,1.192833062
2,1,1,1,'1-1,2026-09-05,Brock Badgers,Wilfrid Laurier Golden Hawks,,Brayden Sowrey,Jack Rosseti,R,R,Fastball,Ball,,,11,1.138878219,-0.235512067
2,1,2,1,'2-1,2026-09-05,Brock Badgers,Wilfrid Laurier Golden Hawks,,Brayden Sowrey,Jack Rosseti,R,R,Fastball,Swinging Strike,,,1,0.50080139,0.135384182
2,1,2,2,'2-2,2026-09-05,Brock Badgers,Wilfrid Laurier Golden Hawks,,Brayden Sowrey,Jack Rosseti,R,R,Fastball,Strikeout Swinging,,,1,0.161823074,0.340560831
2,2,0,0,'0-0,2026-09-05,Brock Badgers,Wilfrid Laurier Golden Hawks,,Gavin Taylor,Jack Rosseti,R,R,Offspeed,Ball,,,1,-0.416434053,-0.424905896
2,2,1,0,'1-0,2026-09-05,Brock Badgers,Wilfrid Laurier Golden Hawks,,Gavin Taylor,Jack Rosseti,R,R,Fastball,Ball,,,1,-0.396494152,1.216507291
2,2,2,0,'2-0,2026-09-05,Brock Badgers,Wilfrid Laurier Golden Hawks,,Gavin Taylor,Jack Rosseti,R,R,Fastball,Popout,Pop Up,Opposite Field,1,-0.296794647,0.482606203
2,0,0,0,'0-0,2026-09-05,Wilfrid Laurier Golden Hawks,Brock Badgers,,Johnny Banks,Evan Marks,R,R,Cutter,Called Strike,,,0,0.261522579,0.498389022
2,0,0,1,'0-1,2026-09-05,Wilfrid Laurier Golden Hawks,Brock Badgers,,Johnny Banks,Evan Marks,R,R,Fastball,Flyout,Fly Ball,Opposite Field,0,-0.595893161,0.261646735
2,1,0,0,'0-0,2026-09-05,Wilfrid Laurier Golden Hawks,Brock Badgers,,Lucas Bateman,Evan Marks,R,R,Cutter,Called Strike,,,0,0.401101885,0.798262585
2,1,0,1,'0-1,2026-09-05,Wilfrid Laurier Golden Hawks,Brock Badgers,,Lucas Bateman,Evan Marks,R,R,Cutter,Flyout,Fly Ball,Opposite Field,0,-0.35661435,0.419474926
2,2,0,0,'0-0,2026-09-05,Wilfrid Laurier Golden Hawks,Brock Badgers,,Cameron Bendo,Evan Marks,R,R,Cutter,Called Strike,,,0,0.261522579,0.727239899
2,2,0,1,'0-1,2026-09-05,Wilfrid Laurier Golden Hawks,Brock Badgers,,Cameron Bendo,Evan Marks,R,R,Cutter,Ball,,,0,0.680260498,-0.511711401
2,2,1,1,'1-1,2026-09-05,Wilfrid Laurier Golden Hawks,Brock Badgers,,Cameron Bendo,Evan Marks,R,R,Fastball,Swinging Strike,,,0,-1.313729594,0.277429554
2,2,1,2,'1-2,2026-09-05,Wilfrid Laurier Golden Hawks,Brock Badgers,,Cameron Bendo,Evan Marks,R,R,Cutter,Foul,,,0,-0.755412369,0.451040564
2,2,1,2,'1-2,2026-09-05,Wilfrid Laurier Golden Hawks,Brock Badgers,,Cameron Bendo,Evan Marks,R,R,Cutter,Flyout,Fly Ball,Pull,0,0.121943272,0.766696947
3,0,0,0,'0-0,2026-09-05,Brock Badgers,Wilfrid Laurier Golden Hawks,,Kade Falardeau,Jack Rosseti,R,R,Fastball,Swinging Strike,,,0,-0.476253756,0.814045404
3,0,0,1,'0-1,2026-09-05,Brock Badgers,Wilfrid Laurier Golden Hawks,,Kade Falardeau,Jack Rosseti,R,R,Fastball,Foul,,,0,0.580560993,0.324778012
3,0,0,2,'0-2,2026-09-05,Brock Badgers,Wilfrid Laurier Golden Hawks,,Kade Falardeau,Jack Rosseti,R,R,Fastball,Flyout,Fly Ball,Straightaway,0,-0.057515836,0.727239899
3,1,0,0,'0-0,2026-09-05,Brock Badgers,Wilfrid Laurier Golden Hawks,,Jaden Leeder,Jack Rosseti,R,R,Fastball,Called Strike,,,0,0.700200399,0.837719632
3,1,0,1,'0-1,2026-09-05,Brock Badgers,Wilfrid Laurier Golden Hawks,,Jaden Leeder,Jack Rosseti,R,R,Fastball,Ball,,,0,1.318337327,0.814045404
3,1,1,1,'1-1,2026-09-05,Brock Badgers,Wilfrid Laurier Golden Hawks,,Jaden Leeder,Jack Rosseti,R,R,Breaking Ball,Ball,,,0,-0.695592666,1.098136148
3,1,2,1,'2-1,2026-09-05,Brock Badgers,Wilfrid Laurier Golden Hawks,,Jaden Leeder,Jack Rosseti,R,R,Fastball,Swinging Strike,,,0,0.341282182,-0.109249514
3,1,2,2,'2-2,2026-09-05,Brock Badgers,Wilfrid Laurier Golden Hawks,,Jaden Leeder,Jack Rosseti,R,R,Fastball,Strikeout Looking,,,0,0.560621092,0.230081097
3,2,0,0,'0-0,2026-09-05,Brock Badgers,Wilfrid Laurier Golden Hawks,,Flynn Matheson,Jack Rosseti,R,R,Fastball,Ball,,,0,1.238577724,-0.188163609
3,2,1,0,'1-0,2026-09-05,Brock Badgers,Wilfrid Laurier Golden Hawks,,Flynn Matheson,Jack Rosseti,R,R,Fastball,Ball,,,0,0.919539309,0.261646735
3,2,2,0,'2-0,2026-09-05,Brock Badgers,Wilfrid Laurier Golden Hawks,,Flynn Matheson,Jack Rosseti,R,R,Fastball,Swinging Strike,,,0,-1.233969991,0.253755326
3,2,2,1,'2-1,2026-09-05,Brock Badgers,Wilfrid Laurier Golden Hawks,,Flynn Matheson,Jack Rosseti,R,R,Fastball,Ball,,,0,-1.253909892,0.821936813
3,2,3,1,'3-1,2026-09-05,Brock Badgers,Wilfrid Laurier Golden Hawks,,Flynn Matheson,Jack Rosseti,R,R,Fastball,Foul,,,0,0.381161984,0.814045404
3,2,3,2,'3-2,2026-09-05,Brock Badgers,Wilfrid Laurier Golden Hawks,,Flynn Matheson,Jack Rosseti,R,R,Fastball,Groundout,Ground Ball,Opposite Field,0,0.440981687,0.664108622
3,0,0,0,'0-0,2026-09-05,Wilfrid Laurier Golden Hawks,Brock Badgers,,Griffen Duenkler,Evan Marks,L,R,Fastball,Foul,,,0,-0.615833062,0.750914127
3,0,0,1,'0-1,2026-09-05,Wilfrid Laurier Golden Hawks,Brock Badgers,,Griffen Duenkler,Evan Marks,L,R,Splitter,Double,Fly Ball,Straightaway,0,-0.536073458,0.237972506
3,0,0,0,'0-0,2026-09-05,Wilfrid Laurier Golden Hawks,Brock Badgers,,Jared Wellman,Evan Marks,R,R,Fastball,Single,Line Drive,Straightaway,10,-0.276854746,0.364235059
3,0,0,0,'0-0,2026-09-05,Wilfrid Laurier Golden Hawks,Brock Badgers,,Brendan Boys,Max Van Dam,R,L,Fastball,Ball,,,100,0.361222083,1.177050243
3,0,1,0,'1-0,2026-09-05,Wilfrid Laurier Golden Hawks,Brock Badgers,,Brendan Boys,Max Van Dam,R,L,Fastball,Foul,,,100,1.477856535,0.387909288
3,0,1,1,'1-1,2026-09-05,Wilfrid Laurier Golden Hawks,Brock Badgers,,Brendan Boys,Max Van Dam,R,L,Fastball,Ball,,,100,-1.253909892,0.821936813
3,0,2,1,'2-1,2026-09-05,Wilfrid Laurier Golden Hawks,Brock Badgers,,Brendan Boys,Max Van Dam,R,L,Fastball,Popout,Pop Up,Pull,100,0.460921588,0.127492773
3,1,0,0,'0-0,2026-09-05,Wilfrid Laurier Golden Hawks,Brock Badgers,,Nolan Goranson,Max Van Dam,R,L,Fastball,Ball,,,100,1.697195445,0.750914127
3,1,1,0,'1-0,2026-09-05,Wilfrid Laurier Golden Hawks,Brock Badgers,,Nolan Goranson,Max Van Dam,R,L,Fastball,Groundout,Ground Ball,Straightaway,100,0.580560993,0.308995192
3,2,0,0,'0-0,2026-09-05,Wilfrid Laurier Golden Hawks,Brock Badgers,,Daniel Leonard,Max Van Dam,R,L,Fastball,Ball,,,10,1.916534355,0.656217213
3,2,1,0,'1-0,2026-09-05,Wilfrid Laurier Golden Hawks,Brock Badgers,,Daniel Leonard,Max Van Dam,R,L,Slider,Foul,,,10,-1.194090189,0.372126469
3,2,1,1,'1-1,2026-09-05,Wilfrid Laurier Golden Hawks,Brock Badgers,,Daniel Leonard,Max Van Dam,R,L,Changeup,Ball,,,10,-0.914931576,-0.251294886
3,2,2,1,'2-1,2026-09-05,Wilfrid Laurier Golden Hawks,Brock Badgers,,Daniel Leonard,Max Van Dam,R,L,Fastball,Lineout,Line Drive,Opposite Field,10,0.640380696,0.269538145
4,0,0,0,'0-0,2026-09-05,Brock Badgers,Wilfrid Laurier Golden Hawks,,Josh Frazer,Jack Rosseti,L,R,Fastball,Ball,,,0,-0.715532567,1.121810376
4,0,1,0,'1-0,2026-09-05,Brock Badgers,Wilfrid Laurier Golden Hawks,,Josh Frazer,Jack Rosseti,L,R,Fastball,Called Strike,,,0,-1.353609396,0.411583517
4,0,1,1,'1-1,2026-09-05,Brock Badgers,Wilfrid Laurier Golden Hawks,,Josh Frazer,Jack Rosseti,L,R,Fastball,Ball,,,0,-1.353609396,0.916633728
4,0,2,1,'2-1,2026-09-05,Brock Badgers,Wilfrid Laurier Golden Hawks,,Josh Frazer,Jack Rosseti,L,R,Fastball,Home Run,Fly Ball,Pull,0,-0.197095143,0.814045404
4,0,0,0,'0-0,2026-09-05,Brock Badgers,Wilfrid Laurier Golden Hawks,,Brady Campbell,Jack Rosseti,R,R,Fastball,Ball,,,0,1.37815703,0.151167001
4,0,1,0,'1-0,2026-09-05,Brock Badgers,Wilfrid Laurier Golden Hawks,,Brady Campbell,Jack Rosseti,R,R,Fastball,Foul,,,0,0.480861489,0.88506809
4,0,1,1,'1-1,2026-09-05,Brock Badgers,Wilfrid Laurier Golden Hawks,,Brady Campbell,Jack Rosseti,R,R,Breaking Ball,Foul,,,0,-0.516133557,0.545737479
4,0,1,2,'1-2,2026-09-05,Brock Badgers,Wilfrid Laurier Golden Hawks,,Brady Campbell,Jack Rosseti,R,R,Fastball,Ball,,,0,1.118938318,1.137593195
4,0,2,2,'2-2,2026-09-05,Brock Badgers,Wilfrid Laurier Golden Hawks,,Brady Campbell,Jack Rosseti,R,R,Fastball,Foul,,,0,-0.516133557,0.372126469
4,0,2,2,'2-2,2026-09-05,Brock Badgers,Wilfrid Laurier Golden Hawks,,Brady Campbell,Jack Rosseti,R,R,Breaking Ball,Ball,,,0,-1.194090189,1.177050243
4,0,3,2,'3-2,2026-09-05,Brock Badgers,Wilfrid Laurier Golden Hawks,,Brady Campbell,Jack Rosseti,R,R,Fastball,Strikeout Swinging,,,0,0.640380696,1.106027557
4,1,0,0,'0-0,2026-09-05,Brock Badgers,Wilfrid Laurier Golden Hawks,,Nolan Phelan,Jack Rosseti,R,R,Fastball,Called Strike,,,0,0.560621092,0.632542984
4,1,0,1,'0-1,2026-09-05,Brock Badgers,Wilfrid Laurier Golden Hawks,,Nolan Phelan,Jack Rosseti,R,R,Fastball,Called Strike,,,0,0.321342281,0.340560831
4,1,0,2,'0-2,2026-09-05,Brock Badgers,Wilfrid Laurier Golden Hawks,,Nolan Phelan,Jack Rosseti,R,R,Fastball,Foul,,,0,0.50080139,0.237972506
4,1,0,2,'0-2,2026-09-05,Brock Badgers,Wilfrid Laurier Golden Hawks,,Nolan Phelan,Jack Rosseti,R,R,Breaking Ball,Flyout,Fly Ball,Pull,0,-0.276854746,0.679891441
4,2,0,0,'0-0,2026-09-05,Brock Badgers,Wilfrid Laurier Golden Hawks,,Adam Geddes,Jack Rosseti,L,R,Breaking Ball,Ball,,,0,-1.373549297,0.70356567
4,2,1,0,'1-0,2026-09-05,Brock Badgers,Wilfrid Laurier Golden Hawks,,Adam Geddes,Jack Rosseti,L,R,Fastball,Groundout,Ground Ball,Straightaway,0,-0.775352269,0.656217213
4,0,0,0,'0-0,2026-09-05,Wilfrid Laurier Golden Hawks,Brock Badgers,,Cole Geldart,Max Van Dam,L,L,Fastball,Foul,,,0,-0.037575935,0.790371175
4,0,0,1,'0-1,2026-09-05,Wilfrid Laurier Golden Hawks,Brock Badgers,,Cole Geldart,Max Van Dam,L,L,Fastball,Ball,,,0,-1.373549297,0.190624049
4,0,1,1,'1-1,2026-09-05,Wilfrid Laurier Golden Hawks,Brock Badgers,,Cole Geldart,Max Van Dam,L,L,Slider,Ball,,,0,1.398096931,1.042896281
4,0,2,1,'2-1,2026-09-05,Wilfrid Laurier Golden Hawks,Brock Badgers,,Cole Geldart,Max Van Dam,L,L,Fastball,Groundout,Ground Ball,Straightaway,0,-0.476253756,0.640434394
4,1,0,0,'0-0,2026-09-05,Wilfrid Laurier Golden Hawks,Brock Badgers,,Johnny Banks,Max Van Dam,R,L,Fastball,Ball,,,0,-1.393489198,-0.101358104
4,1,1,0,'1-0,2026-09-05,Wilfrid Laurier Golden Hawks,Brock Badgers,,Johnny Banks,Max Van Dam,R,L,Fastball,Single,Ground Ball,Straightaway,0,-0.236974945,0.151167001
4,1,0,0,'0-0,2026-09-05,Wilfrid Laurier Golden Hawks,Brock Badgers,,Lucas Bateman,Max Van Dam,R,L,Fastball,Ball,,,100,-1.393489198,0.474714793
4,1,1,0,'1-0,2026-09-05,Wilfrid Laurier Golden Hawks,Brock Badgers,,Lucas Bateman,Max Van Dam,R,L,Fastball,Foul,,,100,0.261522579,0.230081097
4,1,1,1,'1-1,2026-09-05,Wilfrid Laurier Golden Hawks,Brock Badgers,,Lucas Bateman,Max Van Dam,R,L,Changeup,Double Play,Ground Ball,Pull,100,0.7201403,0.261646735
5,0,0,0,'0-0,2026-09-05,Brock Badgers,Wilfrid Laurier Golden Hawks,,Nate Parsons,Jack Rosseti,L,R,Fastball,Ball,,,0,-0.615833062,1.153376015
5,0,1,0,'1-0,2026-09-05,Brock Badgers,Wilfrid Laurier Golden Hawks,,Nate Parsons,Jack Rosseti,L,R,Fastball,Ball,,,0,-1.273849793,1.129701786
5,0,2,0,'2-0,2026-09-05,Brock Badgers,Wilfrid Laurier Golden Hawks,,Nate Parsons,Jack Rosseti,L,R,Offspeed,Foul,,,0,-0.516133557,0.206406868
5,0,2,1,'2-1,2026-09-05,Brock Badgers,Wilfrid Laurier Golden Hawks,,Nate Parsons,Jack Rosseti,L,R,Fastball,Popout,Pop Up,Opposite Field,0,0.381161984,0.308995192
5,1,0,0,'0-0,2026-09-05,Brock Badgers,Wilfrid Laurier Golden Hawks,,Gavin Taylor,Jack Rosseti,R,R,Breaking Ball,Swinging Strike,,,0,0.460921588,0.151167001
5,1,0,1,'0-1,2026-09-05,Brock Badgers,Wilfrid Laurier Golden Hawks,,Gavin Taylor,Jack Rosseti,R,R,Fastball,Ball,,,0,0.899599408,0.427366336
5,1,1,1,'1-1,2026-09-05,Brock Badgers,Wilfrid Laurier Golden Hawks,,Gavin Taylor,Jack Rosseti,R,R,Fastball,Ball,,,0,-1.393489198,0.948199366
5,1,2,1,'2-1,2026-09-05,Brock Badgers,Wilfrid Laurier Golden Hawks,,Gavin Taylor,Jack Rosseti,R,R,Fastball,Swinging Strike,,,0,-0.396494152,0.672000032
5,1,2,2,'2-2,2026-09-05,Brock Badgers,Wilfrid Laurier Golden Hawks,,Gavin Taylor,Jack Rosseti,R,R,Breaking Ball,Ball,,,0,-1.413429099,0.758805537
5,1,3,2,'3-2,2026-09-05,Brock Badgers,Wilfrid Laurier Golden Hawks,,Gavin Taylor,Jack Rosseti,R,R,Fastball,Foul,,,0,0.421041786,0.806153994
5,1,3,2,'3-2,2026-09-05,Brock Badgers,Wilfrid Laurier Golden Hawks,,Gavin Taylor,Jack Rosseti,R,R,Fastball,Flyout,Fly Ball,Pull,0,-0.436373954,0.34845224
5,2,0,0,'0-0,2026-09-05,Brock Badgers,Wilfrid Laurier Golden Hawks,,Kade Falardeau,Jack Rosseti,R,R,Breaking Ball,Ball,,,0,1.398096931,0.088035725
5,2,1,0,'1-0,2026-09-05,Brock Badgers,Wilfrid Laurier Golden Hawks,,Kade Falardeau,Jack Rosseti,R,R,Fastball,Ball,,,0,0.760020102,-0.306534753
5,2,2,0,'2-0,2026-09-05,Brock Badgers,Wilfrid Laurier Golden Hawks,,Kade Falardeau,Jack Rosseti,R,R,Fastball,Called Strike,,,0,0.560621092,0.435257745
5,2,2,1,'2-1,2026-09-05,Brock Badgers,Wilfrid Laurier Golden Hawks,,Kade Falardeau,Jack Rosseti,R,R,Fastball,Foul,,,0,-0.735472468,0.119601363
5,2,2,2,'2-2,2026-09-05,Brock Badgers,Wilfrid Laurier Golden Hawks,,Kade Falardeau,Jack Rosseti,R,R,Fastball,Strikeout Looking,,,0,0.30140238,0.080144315
5,0,0,0,'0-0,2026-09-05,Wilfrid Laurier Golden Hawks,Brock Badgers,,Cameron Bendo,Max Van Dam,R,L,Fastball,Flyout,Fly Ball,Straightaway,0,0.261522579,0.71145708
5,1,0,0,'0-0,2026-09-05,Wilfrid Laurier Golden Hawks,Brock Badgers,,Griffen Duenkler,Max Van Dam,L,L,Slider,Swinging Strike,,,0,-1.453308901,-0.227620657
5,1,0,1,'0-1,2026-09-05,Wilfrid Laurier Golden Hawks,Brock Badgers,,Griffen Duenkler,Max Van Dam,L,L,Slider,Groundout,Ground Ball,Straightaway,0,0.201702876,0.466823384
5,2,0,0,'0-0,2026-09-05,Wilfrid Laurier Golden Hawks,Brock Badgers,,Jared Wellman,Max Van Dam,R,L,Fastball,Ball,,,0,-0.635772963,0.34845224
5,2,1,0,'1-0,2026-09-05,Wilfrid Laurier Golden Hawks,Brock Badgers,,Jared Wellman,Max Van Dam,R,L,Fastball,Ball,,,0,1.717135346,-0.196055019
5,2,2,0,'2-0,2026-09-05,Wilfrid Laurier Golden Hawks,Brock Badgers,,Jared Wellman,Max Van Dam,R,L,Fastball,Swinging Strike,,,0,0.30140238,0.735131308
5,2,2,1,'2-1,2026-09-05,Wilfrid Laurier Golden Hawks,Brock Badgers,,Jared Wellman,Max Van Dam,R,L,Changeup,Ball,,,0,-1.473248802,0.17484123
5,2,3,1,'3-1,2026-09-05,Wilfrid Laurier Golden Hawks,Brock Badgers,,Jared Wellman,Max Van Dam,R,L,Fastball,Foul,,,0,0.580560993,0.253755326
5,2,3,2,'3-2,2026-09-05,Wilfrid Laurier Golden Hawks,Brock Badgers,,Jared Wellman,Max Van Dam,R,L,Fastball,Foul,,,0,0.28146248,0.198515459
5,2,3,2,'3-2,2026-09-05,Wilfrid Laurier Golden Hawks,Brock Badgers,,Jared Wellman,Max Van Dam,R,L,Changeup,Groundout,Ground Ball,Pull,0,0.660320597,0.135384182
6,0,0,0,'0-0,2026-09-05,Brock Badgers,Wilfrid Laurier Golden Hawks,,Jaden Leeder,Jack Rosseti,R,R,Fastball,Ball,,,0,-0.735472468,1.224398701
6,0,1,0,'1-0,2026-09-05,Brock Badgers,Wilfrid Laurier Golden Hawks,,Jaden Leeder,Jack Rosseti,R,R,Fastball,Ball,,,0,0.560621092,1.200724472
6,0,2,0,'2-0,2026-09-05,Brock Badgers,Wilfrid Laurier Golden Hawks,,Jaden Leeder,Jack Rosseti,R,R,Fastball,Ball,,,0,0.760020102,-0.298643343
6,0,3,0,'3-0,2026-09-05,Brock Badgers,Wilfrid Laurier Golden Hawks,,Jaden Leeder,Jack Rosseti,R,R,Fastball,Walk,,,0,-1.493188703,0.064361496
6,0,0,0,'0-0,2026-09-05,Brock Badgers,Wilfrid Laurier Golden Hawks,,Flynn Matheson,Jack Rosseti,R,R,Fastball,Ball,,,100,1.457916634,0.332669421
6,0,1,0,'1-0,2026-09-05,Brock Badgers,Wilfrid Laurier Golden Hawks,1.13,Flynn Matheson,Jack Rosseti,R,R,Fastball,Ball,,,100,-1.453308901,0.261646735
6,0,2,0,'2-0,2026-09-05,Brock Badgers,Wilfrid Laurier Golden Hawks,,Flynn Matheson,Jack Rosseti,R,R,Fastball,Single,Ground Ball,Pull,100,0.361222083,0.35634365
6,0,0,0,'0-0,2026-09-05,Brock Badgers,Wilfrid Laurier Golden Hawks,,Josh Frazer,Jack Rosseti,L,R,Fastball,Groundout,Ground Ball,Straightaway,110,-0.416434053,0.782479766
6,1,0,0,'0-0,2026-09-05,Brock Badgers,Wilfrid Laurier Golden Hawks,,Brady Campbell,Jack Rosseti,R,R,Breaking Ball,Called Strike,,,110,0.241582678,0.774588356
6,1,0,1,'0-1,2026-09-05,Brock Badgers,Wilfrid Laurier Golden Hawks,,Brady Campbell,Jack Rosseti,R,R,Fastball,Foul,,,110,0.700200399,0.198515459
6,1,0,2,'0-2,2026-09-05,Brock Badgers,Wilfrid Laurier Golden Hawks,,Brady Campbell,Jack Rosseti,R,R,Fastball,Single,Line Drive,Opposite Field,110,0.560621092,0.695674261
6,1,0,0,'0-0,2026-09-05,Brock Badgers,Wilfrid Laurier Golden Hawks,,Nolan Phelan,Jack Rosseti,R,R,Breaking Ball,Foul,,,111,-0.217035044,0.435257745
6,1,0,1,'0-1,2026-09-05,Brock Badgers,Wilfrid Laurier Golden Hawks,,Nolan Phelan,Jack Rosseti,R,R,Fastball,Foul,,,111,0.201702876,0.419474926
6,1,0,2,'0-2,2026-09-05,Brock Badgers,Wilfrid Laurier Golden Hawks,,Nolan Phelan,Jack Rosseti,R,R,Fastball,Ball,,,111,1.477856535,1.082353329
6,1,1,2,'1-2,2026-09-05,Brock Badgers,Wilfrid Laurier Golden Hawks,,Nolan Phelan,Jack Rosseti,R,R,Breaking Ball,Sacrifice Fly,Fly Ball,Pull,111,0.421041786,0.18273264
6,2,0,0,'0-0,2026-09-05,Brock Badgers,Wilfrid Laurier Golden Hawks,,Adam Geddes,Jack Rosseti,L,R,Breaking Ball,Called Strike,,,110,-0.894991675,0.52995466
6,2,0,1,'0-1,2026-09-05,Brock Badgers,Wilfrid Laurier Golden Hawks,,Adam Geddes,Jack Rosseti,L,R,Fastball,Called Strike,,,110,0.341282182,1.090244738
6,2,0,2,'0-2,2026-09-05,Brock Badgers,Wilfrid Laurier Golden Hawks,,Adam Geddes,Jack Rosseti,L,R,Fastball,Single,,,110,-0.35661435,0.735131308
6,2,0,0,'0-0,2026-09-05,Brock Badgers,Wilfrid Laurier Golden Hawks,,Nate Parsons,Jack Rosseti,L,R,Fastball,Called Strike,,,110,-0.336674449,0.411583517
6,2,0,1,'0-1,2026-09-05,Brock Badgers,Wilfrid Laurier Golden Hawks,,Nate Parsons,Jack Rosseti,L,R,Fastball,Ball,,,110,-1.054510882,1.184941653
6,2,1,1,'1-1,2026-09-05,Brock Badgers,Wilfrid Laurier Golden Hawks,,Nate Parsons,Jack Rosseti,L,R,Breaking Ball,Called Strike,,,110,-1.313729594,0.143275592
6,2,1,2,'1-2,2026-09-05,Brock Badgers,Wilfrid Laurier Golden Hawks,,Nate Parsons,Jack Rosseti,L,R,Fastball,Strikeout Swinging,,,110,-0.815232071,-0.219729248
6,0,0,0,'0-0,2026-09-05,Wilfrid Laurier Golden Hawks,Brock Badgers,,Brendan Boys,Max Van Dam,R,L,Fastball,Ball,,,0,0.08206347,1.145484605
6,0,1,0,'1-0,2026-09-05,Wilfrid Laurier Golden Hawks,Brock Badgers,,Brendan Boys,Max Van Dam,R,L,Fastball,Swinging Strike,,,0,0.740080201,0.435257745
6,0,1,1,'1-1,2026-09-05,Wilfrid Laurier Golden Hawks,Brock Badgers,,Brendan Boys,Max Van Dam,R,L,Fastball,Flyout,Fly Ball,Opposite Field,0,0.480861489,0.166949821
6,1,0,0,'0-0,2026-09-05,Wilfrid Laurier Golden Hawks,Brock Badgers,,Nolan Goranson,Max Van Dam,R,L,Fastball,Single,Ground Ball,Pull,0,0.381161984,0.782479766
6,1,0,0,'0-0,2026-09-05,Wilfrid Laurier Golden Hawks,Brock Badgers,,Daniel Leonard,Max Van Dam,R,L,Fastball,Swinging Strike,,,100,-0.336674449,0.829828223
6,1,0,1,'0-1,2026-09-05,Wilfrid Laurier Golden Hawks,Brock Badgers,1.37,Daniel Leonard,Max Van Dam,R,L,Fastball,Swinging Strike,,,100,-0.556013359,0.924525138
6,1,0,2,'0-2,2026-09-05,Wilfrid Laurier Golden Hawks,Brock Badgers,,Daniel Leonard,Max Van Dam,R,L,Fastball,Foul,,,100,0.30140238,0.253755326
6,1,0,2,'0-2,2026-09-05,Wilfrid Laurier Golden Hawks,Brock Badgers,1.47,Daniel Leonard,Max Van Dam,R,L,Fastball,Ball,,,100,1.37815703,1.106027557
6,1,1,2,'1-2,2026-09-05,Wilfrid Laurier Golden Hawks,Brock Badgers,1.54,Daniel Leonard,Max Van Dam,R,L,Changeup,Ball,,,100,-1.572948306,-0.046118237
6,1,2,2,'2-2,2026-09-05,Wilfrid Laurier Golden Hawks,Brock Badgers,,Daniel Leonard,Max Van Dam,R,L,Fastball,Double Play,Ground Ball,Straightaway,100,0.401101885,0.443149155
7,0,0,0,'0-0,2026-09-05,Brock Badgers,Wilfrid Laurier Golden Hawks,,Gavin Taylor,Jack Rosseti,R,R,Fastball,Single,Ground Ball,Straightaway,0,0.062123569,0.403692107
7,0,0,0,'0-0,2026-09-05,Brock Badgers,Wilfrid Laurier Golden Hawks,,Kade Falardeau,Jack Rosseti,R,R,Breaking Ball,Ball,,,100,0.600500894,-0.401231667
7,0,1,0,'1-0,2026-09-05,Brock Badgers,Wilfrid Laurier Golden Hawks,,Kade Falardeau,Jack Rosseti,R,R,Fastball,Groundout,Ground Ball,Opposite Field,10,0.580560993,0.190624049
7,1,0,0,'0-0,2026-09-05,Brock Badgers,Wilfrid Laurier Golden Hawks,,Jaden Leeder,Jack Rosseti,R,R,Breaking Ball,Ball,,,1,-0.037575935,-0.338100391
7,1,1,0,'1-0,2026-09-05,Brock Badgers,Wilfrid Laurier Golden Hawks,,Jaden Leeder,Jack Rosseti,R,R,Fastball,Single,Line Drive,Opposite Field,1,0.241582678,0.151167001
7,1,0,0,'0-0,2026-09-05,Brock Badgers,Wilfrid Laurier Golden Hawks,,Flynn Matheson,Mattheo Tsebelis,R,R,Fastball,Flyout,Fly Ball,Straightaway,100,0.28146248,0.285320964
7,2,0,0,'0-0,2026-09-05,Brock Badgers,Wilfrid Laurier Golden Hawks,,Josh Frazer,Mattheo Tsebelis,L,R,Fastball,Hit By Pitch,,,100,1.557616139,0.301103783
7,2,0,0,'0-0,2026-09-05,Brock Badgers,Wilfrid Laurier Golden Hawks,,Brady Campbell,Mattheo Tsebelis,R,R,Fastball,Swinging Strike,,,110,0.341282182,0.71145708
7,2,0,1,'0-1,2026-09-05,Brock Badgers,Wilfrid Laurier Golden Hawks,,Brady Campbell,Mattheo Tsebelis,R,R,Fastball,Swinging Strike,,,110,-0.436373954,1.129701786
7,2,0,2,'0-2,2026-09-05,Brock Badgers,Wilfrid Laurier Golden Hawks,,Brady Campbell,Mattheo Tsebelis,R,R,Breaking Ball,Groundout,Ground Ball,Straightaway,110,0.341282182,0.372126469
7,0,0,0,'0-0,2026-09-05,Wilfrid Laurier Golden Hawks,Brock Badgers,,Gabriel Lopez,Max Van Dam,R,L,Fastball,Ball,,,0,0.93947921,1.121810376
7,0,1,0,'1-0,2026-09-05,Wilfrid Laurier Golden Hawks,Brock Badgers,,Gabriel Lopez,Max Van Dam,R,L,Fastball,Single,Fly Ball,Straightaway,0,0.560621092,0.17484123
7,0,0,0,'0-0,2026-09-05,Wilfrid Laurier Golden Hawks,Brock Badgers,,Johnny Banks,Max Van Dam,R,L,Fastball,Flyout,Fly Ball,Opposite Field,100,0.540681192,0.443149155
7,1,0,0,'0-0,2026-09-05,Wilfrid Laurier Golden Hawks,Brock Badgers,,Lucas Bateman,Max Van Dam,R,L,Fastball,Called Strike,,,100,-0.376554251,0.624651575
7,1,0,1,'0-1,2026-09-05,Wilfrid Laurier Golden Hawks,Brock Badgers,,Lucas Bateman,Max Van Dam,R,L,Fastball,Ball,,,100,1.697195445,1.090244738
7,1,1,1,'1-1,2026-09-05,Wilfrid Laurier Golden Hawks,Brock Badgers,,Lucas Bateman,Max Van Dam,R,L,Fastball,Ball,,,100,1.617435841,0.277429554
7,1,2,1,'2-1,2026-09-05,Wilfrid Laurier Golden Hawks,Brock Badgers,,Lucas Bateman,Max Van Dam,R,L,Fastball,Flyout,Fly Ball,Straightaway,100,0.28146248,0.616760165
7,2,0,0,'0-0,2026-09-05,Wilfrid Laurier Golden Hawks,Brock Badgers,,Cameron Bendo,Max Van Dam,R,L,Fastball,Foul,,,100,0.560621092,0.308995192
7,2,0,1,'0-1,2026-09-05,Wilfrid Laurier Golden Hawks,Brock Badgers,,Cameron Bendo,Max Van Dam,R,L,Fastball,Foul,,,100,-0.536073458,0.316886602
7,2,0,2,'0-2,2026-09-05,Wilfrid Laurier Golden Hawks,Brock Badgers,,Cameron Bendo,Max Van Dam,R,L,Changeup,Strikeout Swinging,,,100,0.779960003,0.048578677
1,0,0,0,'0-0,2026-09-06,Windsor Lancers,Brock Badgers,,Gannon Djekic,Ryan Facchini,L,R,Fastball,Called Strike,,,0,0.30140238,0.340560831
1,0,0,1,'0-1,2026-09-06,Windsor Lancers,Brock Badgers,,Gannon Djekic,Ryan Facchini,L,R,Changeup,Ball,,,0,-1.393489198,0.750914127
1,0,1,1,'1-1,2026-09-06,Windsor Lancers,Brock Badgers,,Gannon Djekic,Ryan Facchini,L,R,Fastball,Ball,,,0,-0.217035044,1.24018152
1,0,2,1,'2-1,2026-09-06,Windsor Lancers,Brock Badgers,,Gannon Djekic,Ryan Facchini,L,R,Fastball,Foul,,,0,-0.695592666,0.648325803
1,0,2,2,'2-2,2026-09-06,Windsor Lancers,Brock Badgers,,Gannon Djekic,Ryan Facchini,L,R,Fastball,Single,Ground Ball,Straightaway,0,0.30140238,0.230081097
1,0,0,0,'0-0,2026-09-06,Windsor Lancers,Brock Badgers,,Tennyson Seguin,Ryan Facchini,L,R,Fastball,Ball,,,100,-0.715532567,-0.164489381
1,0,1,0,'1-0,2026-09-06,Windsor Lancers,Brock Badgers,,Tennyson Seguin,Ryan Facchini,L,R,Fastball,Single,Fly Ball,Opposite Field,100,-0.57595326,0.159058411
1,0,0,0,'0-0,2026-09-06,Windsor Lancers,Brock Badgers,,Matteo Tedesco,Ryan Facchini,R,R,Cutter,Called Strike,,,110,0.440981687,0.656217213
1,0,0,1,'0-1,2026-09-06,Windsor Lancers,Brock Badgers,,Matteo Tedesco,Ryan Facchini,R,R,Cutter,Single,Ground Ball,Pull,110,-0.13727544,0.853502452
1,0,0,0,'0-0,2026-09-06,Windsor Lancers,Brock Badgers,,Jake Colombe,Ryan Facchini,L,R,Fastball,Single,Ground Ball,Straightaway,10,-0.117335539,0.490497612
1,0,0,0,'0-0,2026-09-06,Windsor Lancers,Brock Badgers,,Parker Starkiss,Ryan Facchini,R,R,Cutter,Swinging Strike,,,101,-0.476253756,-0.1802722
1,0,0,1,'0-1,2026-09-06,Windsor Lancers,Brock Badgers,,Parker Starkiss,Ryan Facchini,R,R,Fastball,Ball,,,101,-1.333669495,1.153376015
1,0,1,1,'1-1,2026-09-06,Windsor Lancers,Brock Badgers,,Parker Starkiss,Ryan Facchini,R,R,Slider,Called Strike,,,101,0.421041786,0.758805537
1,0,1,2,'1-2,2026-09-06,Windsor Lancers,Brock Badgers,,Parker Starkiss,Ryan Facchini,R,R,Slider,Foul,,,101,0.460921588,0.198515459
1,0,1,2,'1-2,2026-09-06,Windsor Lancers,Brock Badgers,,Parker Starkiss,Ryan Facchini,R,R,Fastball,Ball,,,101,0.600500894,1.121810376
1,0,2,2,'2-2,2026-09-06,Windsor Lancers,Brock Badgers,,Parker Starkiss,Ryan Facchini,R,R,Slider,Strikeout Looking,,,101,-0.615833062,0.451040564
1,1,0,0,'0-0,2026-09-06,Windsor Lancers,Brock Badgers,,Jack Marcotte,Ryan Facchini,L,R,Fastball,Called Strike,,,101,-0.755412369,0.766696947
1,1,0,1,'0-1,2026-09-06,Windsor Lancers,Brock Badgers,,Jack Marcotte,Ryan Facchini,L,R,Cutter,Single,Line Drive,Pull,101,-0.715532567,0.640434394
1,1,0,0,'0-0,2026-09-06,Windsor Lancers,Brock Badgers,,Stephen Vavoulas,Ryan Facchini,L,R,Fastball,Flyout,Fly Ball,Opposite Field,101,0.181762975,0.214298278
1,2,0,0,'0-0,2026-09-06,Windsor Lancers,Brock Badgers,,Ben Recker,Ryan Facchini,R,R,Slider,Called Strike,,,101,0.50080139,0.411583517
1,2,0,1,'0-1,2026-09-06,Windsor Lancers,Brock Badgers,,Ben Recker,Ryan Facchini,R,R,Cutter,Ball,,,101,-1.293789693,0.656217213
1,2,1,1,'1-1,2026-09-06,Windsor Lancers,Brock Badgers,,Ben Recker,Ryan Facchini,R,R,Fastball,Ball,,,101,-1.852106919,0.127492773
1,2,2,1,'2-1,2026-09-06,Windsor Lancers,Brock Badgers,,Ben Recker,Ryan Facchini,R,R,Fastball,Ball,,,101,1.278457526,0.143275592
1,2,3,1,'3-1,2026-09-06,Windsor Lancers,Brock Badgers,,Ben Recker,Ryan Facchini,R,R,Slider,Walk,,,101,1.278457526,0.664108622
1,2,0,0,'0-0,2026-09-06,Windsor Lancers,Brock Badgers,,Keaton Ruttle,Ryan Facchini,R,R,Fastball,Swinging Strike,,,111,-0.416434053,0.806153994
1,2,0,1,'0-1,2026-09-06,Windsor Lancers,Brock Badgers,,Keaton Ruttle,Ryan Facchini,R,R,Fastball,Ball,,,111,-0.715532567,1.098136148
1,2,1,1,'1-1,2026-09-06,Windsor Lancers,Brock Badgers,,Keaton Ruttle,Ryan Facchini,R,R,Slider,Called Strike,,,111,0.440981687,0.664108622
1,2,1,2,'1-2,2026-09-06,Windsor Lancers,Brock Badgers,,Keaton Ruttle,Ryan Facchini,R,R,Slider,Groundout,Ground Ball,Straightaway,111,0.440981687,0.308995192
1,0,0,0,'0-0,2026-09-06,Brock Badgers,Windsor Lancers,,Gavin Taylor,Nathan Dufour,R,R,Fastball,Ball,,,0,-1.353609396,0.222189687
1,0,1,0,'1-0,2026-09-06,Brock Badgers,Windsor Lancers,,Gavin Taylor,Nathan Dufour,R,R,Breaking Ball,Ball,,,0,1.298397427,0.308995192
1,0,2,0,'2-0,2026-09-06,Brock Badgers,Windsor Lancers,,Gavin Taylor,Nathan Dufour,R,R,Fastball,Ball,,,0,-1.413429099,0.806153994
1,0,3,0,'3-0,2026-09-06,Brock Badgers,Windsor Lancers,,Gavin Taylor,Nathan Dufour,R,R,Fastball,Walk,,,0,-0.396494152,1.224398701
1,0,0,0,'0-0,2026-09-06,Brock Badgers,Windsor Lancers,,Kade Falardeau,Nathan Dufour,R,R,Fastball,Ball,,,100,-0.57595326,-0.322317572
1,0,1,0,'1-0,2026-09-06,Brock Badgers,Windsor Lancers,1.12,Kade Falardeau,Nathan Dufour,R,R,Fastball,Ball,,,100,-1.353609396,0.103818544
1,0,2,0,'2-0,2026-09-06,Brock Badgers,Windsor Lancers,,Kade Falardeau,Nathan Dufour,R,R,Fastball,Called Strike,,,100,-0.775352269,0.585194527
1,0,2,1,'2-1,2026-09-06,Brock Badgers,Windsor Lancers,1.51,Kade Falardeau,Nathan Dufour,R,R,Fastball,Swinging Strike,,,100,0.440981687,0.253755326
1,0,2,2,'2-2,2026-09-06,Brock Badgers,Windsor Lancers,,Kade Falardeau,Nathan Dufour,R,R,Fastball,Foul,,,100,0.620440795,0.135384182
1,0,2,2,'2-2,2026-09-06,Brock Badgers,Windsor Lancers,,Kade Falardeau,Nathan Dufour,R,R,Fastball,Groundout,Ground Ball,Straightaway,100,-0.536073458,0.403692107
1,1,0,0,'0-0,2026-09-06,Brock Badgers,Windsor Lancers,,Jaden Leeder,Nathan Dufour,R,R,Fastball,Foul,,,10,-0.715532567,0.285320964
1,1,0,1,'0-1,2026-09-06,Brock Badgers,Windsor Lancers,,Jaden Leeder,Nathan Dufour,R,R,Breaking Ball,Ball,,,10,1.577556039,-0.077683876
1,1,1,1,'1-1,2026-09-06,Brock Badgers,Windsor Lancers,,Jaden Leeder,Nathan Dufour,R,R,Fastball,Single,Ground Ball,Pull,10,0.201702876,0.237972506
1,1,0,0,'0-0,2026-09-06,Brock Badgers,Windsor Lancers,,Flynn Matheson,Nathan Dufour,R,R,Fastball,Ball,,,101,-1.194090189,0.159058411
1,1,1,0,'1-0,2026-09-06,Brock Badgers,Windsor Lancers,,Flynn Matheson,Nathan Dufour,R,R,Fastball,Ball,,,101,-1.194090189,0.87717668
1,1,2,0,'2-0,2026-09-06,Brock Badgers,Windsor Lancers,,,,,,,Caught Stealing,,,,,
1,2,2,0,'2-0,2026-09-06,Brock Badgers,Windsor Lancers,,Flynn Matheson,Nathan Dufour,R,R,Fastball,Called Strike,,,101,0.401101885,0.151167001
1,2,2,1,'2-1,2026-09-06,Brock Badgers,Windsor Lancers,,Flynn Matheson,Nathan Dufour,R,R,Fastball,Ball,,,101,-0.675652765,1.153376015
1,2,3,1,'3-1,2026-09-06,Brock Badgers,Windsor Lancers,,Flynn Matheson,Nathan Dufour,R,R,Fastball,Flyout,Fly Ball,Straightaway,1,-0.376554251,0.18273264
2,0,0,0,'0-0,2026-09-06,Windsor Lancers,Brock Badgers,,Gannon Djekic,Ryan Facchini,L,R,Splitter,Single,Ground Ball,Straightaway,0,-0.436373954,0.237972506
2,0,0,0,'0-0,2026-09-06,Windsor Lancers,Brock Badgers,,Tennyson Seguin,Ryan Facchini,L,R,Fastball,Ball,,,100,-1.313729594,0.853502452
2,0,1,0,'1-0,2026-09-06,Windsor Lancers,Brock Badgers,,Tennyson Seguin,Ryan Facchini,L,R,Fastball,Flyout,Fly Ball,Straightaway,100,-0.715532567,0.316886602
2,1,0,0,'0-0,2026-09-06,Windsor Lancers,Brock Badgers,,Matteo Tedesco,Ryan Facchini,R,R,Fastball,Called Strike,,,100,0.30140238,0.245863916
2,1,0,1,'0-1,2026-09-06,Windsor Lancers,Brock Badgers,,Matteo Tedesco,Ryan Facchini,R,R,Slider,Called Strike,,,100,0.401101885,0.806153994
2,1,0,2,'0-2,2026-09-06,Windsor Lancers,Brock Badgers,,Matteo Tedesco,Ryan Facchini,R,R,Splitter,Ball,,,100,-0.536073458,-0.36177462
2,1,1,2,'1-2,2026-09-06,Windsor Lancers,Brock Badgers,,Matteo Tedesco,Ryan Facchini,R,R,Fastball,Single,Fly Ball,Straightaway,100,0.640380696,0.301103783
2,1,0,0,'0-0,2026-09-06,Windsor Lancers,Brock Badgers,,Jake Colombe,Ryan Facchini,L,R,Cutter,Ball,,,110,1.497796436,0.88506809
2,1,1,0,'1-0,2026-09-06,Windsor Lancers,Brock Badgers,,Jake Colombe,Ryan Facchini,L,R,Fastball,Ball,,,110,1.577556039,0.466823384
2,1,2,0,'2-0,2026-09-06,Windsor Lancers,Brock Badgers,,Jake Colombe,Ryan Facchini,L,R,Slider,Swinging Strike,,,110,1.537676238,0.166949821
2,1,2,1,'2-1,2026-09-06,Windsor Lancers,Brock Badgers,,Jake Colombe,Ryan Facchini,L,R,Slider,Swinging Strike,,,110,0.580560993,0.080144315
2,1,2,2,'2-2,2026-09-06,Windsor Lancers,Brock Badgers,,Jake Colombe,Ryan Facchini,L,R,Changeup,Strikeout Looking,,,110,-0.675652765,0.672000032
2,2,0,0,'0-0,2026-09-06,Windsor Lancers,Brock Badgers,,Parker Starkiss,Ryan Facchini,R,R,Fastball,Ball,,,110,1.896594454,0.056470087
2,2,1,0,'1-0,2026-09-06,Windsor Lancers,Brock Badgers,,Parker Starkiss,Ryan Facchini,R,R,Fastball,Foul,,,110,0.480861489,0.387909288
2,2,1,1,'1-1,2026-09-06,Windsor Lancers,Brock Badgers,,Parker Starkiss,Ryan Facchini,R,R,Fastball,Ball,,,110,-1.373549297,0.656217213
2,2,2,1,'2-1,2026-09-06,Windsor Lancers,Brock Badgers,,Parker Starkiss,Ryan Facchini,R,R,Fastball,Ball,,,11,-1.154210387,0.853502452
2,2,3,1,'3-1,2026-09-06,Windsor Lancers,Brock Badgers,,Parker Starkiss,Ryan Facchini,R,R,Fastball,Error,Ground Ball,Straightaway,11,0.460921588,0.608868755
2,2,0,0,'0-0,2026-09-06,Windsor Lancers,Brock Badgers,,Jack Marcotte,Ryan Facchini,L,R,Fastball,Swinging Strike,,,100,0.480861489,1.098136148
2,2,0,1,'0-1,2026-09-06,Windsor Lancers,Brock Badgers,,Jack Marcotte,Ryan Facchini,L,R,Fastball,Called Strike,,,100,-0.615833062,0.230081097
2,2,0,2,'0-2,2026-09-06,Windsor Lancers,Brock Badgers,,Jack Marcotte,Ryan Facchini,L,R,Cutter,Single,Fly Ball,Opposite Field,100,0.740080201,0.71145708
2,2,0,0,'0-0,2026-09-06,Windsor Lancers,Brock Badgers,,Stephen Vavoulas,Ryan Facchini,L,R,Fastball,Hit By Pitch,,,11,1.577556039,-0.290751934
2,2,0,0,'0-0,2026-09-06,Windsor Lancers,Brock Badgers,,Ben Recker,Ryan Facchini,R,R,Fastball,Called Strike,,,111,-0.635772963,0.308995192
2,2,0,1,'0-1,2026-09-06,Windsor Lancers,Brock Badgers,,Ben Recker,Ryan Facchini,R,R,Fastball,Foul,,,111,-0.615833062,0.135384182
2,2,0,2,'0-2,2026-09-06,Windsor Lancers,Brock Badgers,,Ben Recker,Ryan Facchini,R,R,Slider,Swinging Strike,,,111,1.757015148,0.095927134
2,2,0,2,'0-2,2026-09-06,Windsor Lancers,Brock Badgers,,Ben Recker,Ryan Facchini,R,R,Fastball,Strikeout Looking,,,111,-0.815232071,0.17484123
2,0,0,0,'0-0,2026-09-06,Brock Badgers,Windsor Lancers,,Josh Frazer,Nathan Dufour,L,R,Fastball,Called Strike,,,0,-0.615833062,0.35634365
2,0,0,1,'0-1,2026-09-06,Brock Badgers,Windsor Lancers,,Josh Frazer,Nathan Dufour,L,R,Fastball,Foul,,,0,1.497796436,0.159058411
2,0,0,2,'0-2,2026-09-06,Brock Badgers,Windsor Lancers,,Josh Frazer,Nathan Dufour,L,R,Offspeed,Ball,,,0,-1.812227117,-0.109249514
2,0,1,2,'1-2,2026-09-06,Brock Badgers,Windsor Lancers,,Josh Frazer,Nathan Dufour,L,R,Breaking Ball,Strikeout Swinging,,,0,-0.655712864,0.17484123
2,1,0,0,'0-0,2026-09-06,Brock Badgers,Windsor Lancers,,Brady Campbell,Nathan Dufour,R,R,Fastball,Ball,,,0,-0.556013359,1.121810376
2,1,1,0,'1-0,2026-09-06,Brock Badgers,Windsor Lancers,,Brady Campbell,Nathan Dufour,R,R,Breaking Ball,Called Strike,,,0,0.460921588,0.277429554
2,1,1,1,'1-1,2026-09-06,Brock Badgers,Windsor Lancers,,Brady Campbell,Nathan Dufour,R,R,Breaking Ball,Ball,,,0,-1.353609396,0.332669421
2,1,2,1,'2-1,2026-09-06,Brock Badgers,Windsor Lancers,,Brady Campbell,Nathan Dufour,R,R,Fastball,Foul,,,0,0.560621092,0.916633728
2,1,2,2,'2-2,2026-09-06,Brock Badgers,Windsor Lancers,,Brady Campbell,Nathan Dufour,R,R,Fastball,Foul,,,0,0.560621092,0.774588356
2,1,2,2,'2-2,2026-09-06,Brock Badgers,Windsor Lancers,,Brady Campbell,Nathan Dufour,R,R,Breaking Ball,Ball,,,0,-0.855111873,-0.282860524
2,1,3,2,'3-2,2026-09-06,Brock Badgers,Windsor Lancers,,Brady Campbell,Nathan Dufour,R,R,Fastball,Flyout,Fly Ball,Opposite Field,0,0.50080139,0.395800698
2,2,0,0,'0-0,2026-09-06,Brock Badgers,Windsor Lancers,,Nate Parsons,Nathan Dufour,L,R,Fastball,Ball,,,0,-1.393489198,0.758805537
2,2,1,0,'1-0,2026-09-06,Brock Badgers,Windsor Lancers,,Nate Parsons,Nathan Dufour,L,R,Fastball,Ball,,,0,0.959419111,-0.401231667
2,2,2,0,'2-0,2026-09-06,Brock Badgers,Windsor Lancers,,Nate Parsons,Nathan Dufour,L,R,Breaking Ball,Ball,,,0,1.238577724,0.608868755
2,2,3,0,'3-0,2026-09-06,Brock Badgers,Windsor Lancers,,Nate Parsons,Nathan Dufour,L,R,Fastball,Called Strike,,,0,-0.934871477,0.245863916
2,2,3,1,'3-1,2026-09-06,Brock Badgers,Windsor Lancers,,Nate Parsons,Nathan Dufour,L,R,Fastball,Single,Line Drive,Straightaway,0,0.401101885,0.103818544
2,2,0,0,'0-0,2026-09-06,Brock Badgers,Windsor Lancers,1.14,Nolan Phelan,Nathan Dufour,R,R,Fastball,Hit By Pitch,,,100,-1.572948306,0.230081097
2,2,0,0,'0-0,2026-09-06,Brock Badgers,Windsor Lancers,,Adam Geddes,Nathan Dufour,L,R,Offspeed,Called Strike,,,110,-0.615833062,0.103818544
2,2,0,1,'0-1,2026-09-06,Brock Badgers,Windsor Lancers,,Adam Geddes,Nathan Dufour,L,R,Fastball,Foul,,,110,-0.695592666,0.561520298
2,2,0,2,'0-2,2026-09-06,Brock Badgers,Windsor Lancers,,Adam Geddes,Nathan Dufour,L,R,Fastball,Flyout,Fly Ball,Opposite Field,110,-0.755412369,0.482606203
3,0,0,0,'0-0,2026-09-06,Windsor Lancers,Brock Badgers,,Keaton Ruttle,Ryan Facchini,R,R,Slider,Foul,,,0,0.221642777,0.206406868
3,0,0,1,'0-1,2026-09-06,Windsor Lancers,Brock Badgers,,Keaton Ruttle,Ryan Facchini,R,R,Slider,Called Strike,,,0,0.640380696,0.095927134
3,0,0,2,'0-2,2026-09-06,Windsor Lancers,Brock Badgers,,Keaton Ruttle,Ryan Facchini,R,R,Fastball,Ball,,,0,-0.715532567,1.129701786
3,0,1,2,'1-2,2026-09-06,Windsor Lancers,Brock Badgers,,Keaton Ruttle,Ryan Facchini,R,R,Slider,Strikeout Swinging,,,0,0.540681192,0.198515459
3,1,0,0,'0-0,2026-09-06,Windsor Lancers,Brock Badgers,,Gannon Djekic,Ryan Facchini,L,R,Splitter,Swinging Strike,,,0,-0.496193657,-0.235512067
3,1,0,1,'0-1,2026-09-06,Windsor Lancers,Brock Badgers,,Gannon Djekic,Ryan Facchini,L,R,Changeup,Called Strike,,,0,-0.835171972,0.301103783
3,1,0,2,'0-2,2026-09-06,Windsor Lancers,Brock Badgers,,Gannon Djekic,Ryan Facchini,L,R,Fastball,Foul,,,0,0.321342281,0.829828223
3,1,0,2,'0-2,2026-09-06,Windsor Lancers,Brock Badgers,,Gannon Djekic,Ryan Facchini,L,R,Splitter,Ball,,,0,-1.273849793,-0.298643343
3,1,1,2,'1-2,2026-09-06,Windsor Lancers,Brock Badgers,,Gannon Djekic,Ryan Facchini,L,R,Fastball,Ball,,,0,1.537676238,-0.093466695
3,1,2,2,'2-2,2026-09-06,Windsor Lancers,Brock Badgers,,Gannon Djekic,Ryan Facchini,L,R,Fastball,Strikeout Looking,,,0,-0.536073458,0.798262585
3,2,0,0,'0-0,2026-09-06,Windsor Lancers,Brock Badgers,,Tennyson Seguin,Ryan Facchini,L,R,Splitter,Ball,,,0,0.401101885,-0.156597971
3,2,1,0,'1-0,2026-09-06,Windsor Lancers,Brock Badgers,,Tennyson Seguin,Ryan Facchini,L,R,Fastball,Called Strike,,,0,0.181762975,0.324778012
3,2,1,1,'1-1,2026-09-06,Windsor Lancers,Brock Badgers,,Tennyson Seguin,Ryan Facchini,L,R,Splitter,Ball,,,0,-0.236974945,-0.409123077
3,2,2,1,'2-1,2026-09-06,Windsor Lancers,Brock Badgers,,Tennyson Seguin,Ryan Facchini,L,R,Splitter,Hit By Pitch,,,0,1.298397427,-0.338100391
3,2,0,0,'0-0,2026-09-06,Windsor Lancers,Brock Badgers,,Matteo Tedesco,Ryan Facchini,R,R,Fastball,Groundout,Ground Ball,Straightaway,100,0.361222083,0.616760165
3,0,0,0,'0-0,2026-09-06,Brock Badgers,Windsor Lancers,,Gavin Taylor,Nathan Dufour,R,R,Fastball,Single,Ground Ball,Pull,0,-0.256914845,0.214298278
3,0,0,0,'0-0,2026-09-06,Brock Badgers,Windsor Lancers,,Kade Falardeau,Nathan Dufour,R,R,Fastball,Flyout,Fly Ball,Opposite Field,100,0.381161984,0.932416547
3,1,0,0,'0-0,2026-09-06,Brock Badgers,Windsor Lancers,,Jaden Leeder,Nathan Dufour,R,R,Breaking Ball,Ball,,,100,1.916534355,-0.030335418
3,1,1,0,'1-0,2026-09-06,Brock Badgers,Windsor Lancers,,Jaden Leeder,Nathan Dufour,R,R,Fastball,Foul,,,100,0.221642777,1.090244738
3,1,1,1,'1-1,2026-09-06,Brock Badgers,Windsor Lancers,,Jaden Leeder,Nathan Dufour,R,R,Fastball,Flyout,Fly Ball,Opposite Field,10,0.361222083,0.34845224
3,2,0,0,'0-0,2026-09-06,Brock Badgers,Windsor Lancers,,Flynn Matheson,Nathan Dufour,R,R,Fastball,Foul,,,10,-0.396494152,0.088035725
3,2,0,1,'0-1,2026-09-06,Brock Badgers,Windsor Lancers,,Flynn Matheson,Nathan Dufour,R,R,Fastball,Double,Ground Ball,Pull,10,0.460921588,0.135384182
3,2,0,0,'0-0,2026-09-06,Brock Badgers,Windsor Lancers,,Josh Frazer,Nathan Dufour,L,R,Fastball,Ball,,,10,-1.433369,0.632542984
3,2,1,0,'1-0,2026-09-06,Brock Badgers,Windsor Lancers,,Josh Frazer,Nathan Dufour,L,R,Fastball,Home Run,Fly Ball,Pull,10,0.321342281,0.198515459
3,2,0,0,'0-0,2026-09-06,Brock Badgers,Windsor Lancers,,Brady Campbell,Nathan Dufour,R,R,Fastball,Ball,,,0,-0.416434053,1.248072929
3,2,1,0,'1-0,2026-09-06,Brock Badgers,Windsor Lancers,,Brady Campbell,Nathan Dufour,R,R,Breaking Ball,Ball,,,0,-0.476253756,1.161267424
3,2,2,0,'2-0,2026-09-06,Brock Badgers,Windsor Lancers,,Brady Campbell,Nathan Dufour,R,R,Fastball,Single,Ground Ball,Pull,0,0.381161984,0.640434394
3,2,0,0,'0-0,2026-09-06,Brock Badgers,Windsor Lancers,,Nate Parsons,Nathan Dufour,L,R,Breaking Ball,Called Strike,,,100,-0.595893161,0.206406868
3,2,0,1,'0-1,2026-09-06,Brock Badgers,Windsor Lancers,,Nate Parsons,Nathan Dufour,L,R,Breaking Ball,Ball,,,100,-1.353609396,0.814045404
3,2,1,1,'1-1,2026-09-06,Brock Badgers,Windsor Lancers,,Nate Parsons,Nathan Dufour,L,R,Breaking Ball,Ball,,,100,-0.635772963,1.074461919
3,2,2,1,'2-1,2026-09-06,Brock Badgers,Windsor Lancers,,Nate Parsons,Nathan Dufour,L,R,Fastball,Called Strike,,,100,0.241582678,0.569411708
3,2,2,2,'2-2,2026-09-06,Brock Badgers,Windsor Lancers,,Nate Parsons,Nathan Dufour,L,R,Fastball,Groundout,Ground Ball,Pull,10,-0.516133557,0.443149155
4,0,0,0,'0-0,2026-09-06,Windsor Lancers,Brock Badgers,,Jake Colombe,Ryan Facchini,L,R,Changeup,Ball,,,0,-1.353609396,0.790371175
4,0,1,0,'1-0,2026-09-06,Windsor Lancers,Brock Badgers,,Jake Colombe,Ryan Facchini,L,R,Fastball,Ball,,,0,-1.533068505,0.411583517
4,0,2,0,'2-0,2026-09-06,Windsor Lancers,Brock Badgers,,Jake Colombe,Ryan Facchini,L,R,Fastball,Ball,,,0,-0.276854746,-0.117140923
4,0,3,0,'3-0,2026-09-06,Windsor Lancers,Brock Badgers,,Jake Colombe,Ryan Facchini,L,R,Fastball,Walk,,,0,-1.453308901,0.222189687
4,0,0,0,'0-0,2026-09-06,Windsor Lancers,Brock Badgers,,Parker Starkiss,Ryan Facchini,R,R,Fastball,Called Strike,,,100,0.241582678,0.308995192
4,0,0,1,'0-1,2026-09-06,Windsor Lancers,Brock Badgers,,Parker Starkiss,Ryan Facchini,R,R,Fastball,Ball,,,100,0.440981687,-0.282860524
4,0,1,1,'1-1,2026-09-06,Windsor Lancers,Brock Badgers,,Parker Starkiss,Ryan Facchini,R,R,Cutter,Called Strike,,,100,0.740080201,0.088035725
4,0,1,2,'1-2,2026-09-06,Windsor Lancers,Brock Badgers,,Parker Starkiss,Ryan Facchini,R,R,Fastball,Double Play,Ground Ball,Straightaway,100,0.460921588,0.135384182
4,2,0,0,'0-0,2026-09-06,Windsor Lancers,Brock Badgers,,Jack Marcotte,Ryan Facchini,L,R,Splitter,Ball,,,0,-0.655712864,-0.314426162
4,2,1,0,'1-0,2026-09-06,Windsor Lancers,Brock Badgers,,Jack Marcotte,Ryan Facchini,L,R,Fastball,Ball,,,0,-1.433369,-0.148706562
4,2,2,0,'2-0,2026-09-06,Windsor Lancers,Brock Badgers,,Jack Marcotte,Ryan Facchini,L,R,Fastball,Ball,,,0,1.577556039,0.088035725
4,2,3,0,'3-0,2026-09-06,Windsor Lancers,Brock Badgers,,Jack Marcotte,Ryan Facchini,L,R,Fastball,Walk,,,0,-1.553008405,0.080144315
4,2,0,0,'0-0,2026-09-06,Windsor Lancers,Brock Badgers,,Stephen Vavoulas,Ryan Facchini,L,R,Fastball,Ball,,,100,-0.974751279,-0.369666029
4,2,1,0,'1-0,2026-09-06,Windsor Lancers,Brock Badgers,,Stephen Vavoulas,Ryan Facchini,L,R,Fastball,Ball,,,100,-0.396494152,-0.219729248
4,2,2,0,'2-0,2026-09-06,Windsor Lancers,Brock Badgers,,Stephen Vavoulas,Ryan Facchini,L,R,Fastball,Called Strike,,,100,0.480861489,0.301103783
4,2,2,1,'2-1,2026-09-06,Windsor Lancers,Brock Badgers,,Stephen Vavoulas,Ryan Facchini,L,R,Fastball,Foul,,,100,0.28146248,0.569411708
4,2,2,2,'2-2,2026-09-06,Windsor Lancers,Brock Badgers,,Stephen Vavoulas,Ryan Facchini,L,R,Fastball,Ball,,,100,-0.35661435,1.161267424
4,2,3,2,'3-2,2026-09-06,Windsor Lancers,Brock Badgers,,Stephen Vavoulas,Ryan Facchini,L,R,Fastball,Strikeout Swinging,,,100,0.480861489,1.098136148
4,0,0,0,'0-0,2026-09-06,Brock Badgers,Windsor Lancers,,Nolan Phelan,Nathan Dufour,R,R,Fastball,Foul,,,0,-0.376554251,0.293212373
4,0,0,1,'0-1,2026-09-06,Brock Badgers,Windsor Lancers,,Nolan Phelan,Nathan Dufour,R,R,Fastball,Ball,,,0,-0.496193657,1.161267424
4,0,1,1,'1-1,2026-09-06,Brock Badgers,Windsor Lancers,,Nolan Phelan,Nathan Dufour,R,R,Breaking Ball,Ball,,,0,1.856714652,-0.125032333
4,0,2,1,'2-1,2026-09-06,Brock Badgers,Windsor Lancers,,Nolan Phelan,Nathan Dufour,R,R,Fastball,Groundout,Ground Ball,Straightaway,0,0.560621092,0.727239899
4,1,0,0,'0-0,2026-09-06,Brock Badgers,Windsor Lancers,,Adam Geddes,Nathan Dufour,L,R,Fastball,Single,Line Drive,Straightaway,0,0.50080139,0.261646735
4,1,0,0,'0-0,2026-09-06,Brock Badgers,Windsor Lancers,,Gavin Taylor,Nathan Dufour,R,R,Breaking Ball,Ball,,,100,1.557616139,0.829828223
4,1,1,0,'1-0,2026-09-06,Brock Badgers,Windsor Lancers,,Gavin Taylor,Nathan Dufour,R,R,Fastball,Ball,,,100,-1.333669495,0.766696947
4,1,2,0,'2-0,2026-09-06,Brock Badgers,Windsor Lancers,,Gavin Taylor,Nathan Dufour,R,R,Fastball,Groundout,Ground Ball,Pull,100,-0.35661435,0.127492773
4,2,0,0,'0-0,2026-09-06,Brock Badgers,Windsor Lancers,,Kade Falardeau,Nathan Dufour,R,R,Breaking Ball,Called Strike,,,10,0.361222083,0.514171841
4,2,0,1,'0-1,2026-09-06,Brock Badgers,Windsor Lancers,,Kade Falardeau,Nathan Dufour,R,R,Fastball,Double,Fly Ball,Opposite Field,10,0.341282182,0.301103783
4,2,0,0,'0-0,2026-09-06,Brock Badgers,Windsor Lancers,,Jaden Leeder,Nathan Dufour,R,R,Breaking Ball,Ball,,,10,0.50080139,1.090244738
4,2,1,0,'1-0,2026-09-06,Brock Badgers,Windsor Lancers,,Jaden Leeder,Nathan Dufour,R,R,Breaking Ball,Called Strike,,,10,0.700200399,0.198515459
4,2,1,1,'1-1,2026-09-06,Brock Badgers,Windsor Lancers,,Jaden Leeder,Nathan Dufour,R,R,Breaking Ball,Called Strike,,,10,0.779960003,-0.109249514
4,2,1,2,'1-2,2026-09-06,Brock Badgers,Windsor Lancers,,Jaden Leeder,Nathan Dufour,R,R,Breaking Ball,Ball,,,10,1.118938318,-0.227620657
4,2,2,2,'2-2,2026-09-06,Brock Badgers,Windsor Lancers,,Jaden Leeder,Nathan Dufour,R,R,Fastball,Ball,,,10,-0.835171972,1.121810376
4,2,3,2,'3-2,2026-09-06,Brock Badgers,Windsor Lancers,,Jaden Leeder,Nathan Dufour,R,R,Breaking Ball,Strikeout Looking,,,10,-0.057515836,0.790371175
5,0,0,0,'0-0,2026-09-06,Windsor Lancers,Brock Badgers,,Ben Recker,Ryan Facchini,R,R,Cutter,Ball,,,0,-0.775352269,1.113918967
5,0,1,0,'1-0,2026-09-06,Windsor Lancers,Brock Badgers,,Ben Recker,Ryan Facchini,R,R,Slider,Called Strike,,,0,0.421041786,0.71145708
5,0,1,1,'1-1,2026-09-06,Windsor Lancers,Brock Badgers,,Ben Recker,Ryan Facchini,R,R,Slider,Ball,,,0,-0.236974945,-0.227620657
5,0,2,1,'2-1,2026-09-06,Windsor Lancers,Brock Badgers,,Ben Recker,Ryan Facchini,R,R,Fastball,Ball,,,0,-1.353609396,0.679891441
5,0,3,1,'3-1,2026-09-06,Windsor Lancers,Brock Badgers,,Ben Recker,Ryan Facchini,R,R,Fastball,Called Strike,,,0,-0.675652765,0.782479766
5,0,3,2,'3-2,2026-09-06,Windsor Lancers,Brock Badgers,,Ben Recker,Ryan Facchini,R,R,Slider,Walk,,,0,1.537676238,-0.219729248
5,0,0,0,'0-0,2026-09-06,Windsor Lancers,Brock Badgers,,Keaton Ruttle,Ryan Facchini,R,R,Fastball,Error,Ground Ball,Straightaway,100,-0.416434053,0.245863916
5,0,0,0,'0-0,2026-09-06,Windsor Lancers,Brock Badgers,,Gannon Djekic,Jack Tiessen,L,R,Fastball,Ball,,,11,0.819839804,1.106027557
5,0,1,0,'1-0,2026-09-06,Windsor Lancers,Brock Badgers,,Gannon Djekic,Jack Tiessen,L,R,Fastball,Foul,,,11,0.480861489,0.332669421
5,0,1,1,'1-1,2026-09-06,Windsor Lancers,Brock Badgers,,Gannon Djekic,Jack Tiessen,L,R,Fastball,Ball,,,11,0.779960003,-0.219729248
5,0,2,1,'2-1,2026-09-06,Windsor Lancers,Brock Badgers,,Gannon Djekic,Jack Tiessen,L,R,Fastball,Called Strike,,,11,-0.635772963,0.269538145
5,0,2,2,'2-2,2026-09-06,Windsor Lancers,Brock Badgers,,Gannon Djekic,Jack Tiessen,L,R,Fastball,Ball,,,11,0.779960003,0.750914127
5,0,3,2,'3-2,2026-09-06,Windsor Lancers,Brock Badgers,,Gannon Djekic,Jack Tiessen,L,R,Fastball,Double Play,Ground Ball,Straightaway,11,-0.396494152,0.103818544
5,2,0,0,'0-0,2026-09-06,Windsor Lancers,Brock Badgers,,Tennyson Seguin,Jack Tiessen,L,R,Fastball,Single,Fly Ball,Straightaway,10,-0.57595326,0.18273264
5,2,0,0,'0-0,2026-09-06,Windsor Lancers,Brock Badgers,,Matteo Tedesco,Jack Tiessen,R,R,Fastball,Ball,,,100,1.098998417,-0.401231667
5,2,1,0,'1-0,2026-09-06,Windsor Lancers,Brock Badgers,,Matteo Tedesco,Jack Tiessen,R,R,Fastball,Ball,,,100,-0.516133557,-0.36177462
5,2,2,0,'2-0,2026-09-06,Windsor Lancers,Brock Badgers,,Matteo Tedesco,Jack Tiessen,R,R,Fastball,Ball,,,100,-1.453308901,0.656217213
5,2,3,0,'3-0,2026-09-06,Windsor Lancers,Brock Badgers,,Matteo Tedesco,Jack Tiessen,R,R,Fastball,Walk,,,100,-1.21403009,0.261646735
5,2,0,0,'0-0,2026-09-06,Windsor Lancers,Brock Badgers,,Jake Colombe,Jack Tiessen,L,R,Fastball,Called Strike,,,110,-0.436373954,0.782479766
5,2,0,1,'0-1,2026-09-06,Windsor Lancers,Brock Badgers,,Jake Colombe,Jack Tiessen,L,R,Fastball,Called Strike,,,110,0.440981687,0.695674261
5,2,0,2,'0-2,2026-09-06,Windsor Lancers,Brock Badgers,,Jake Colombe,Jack Tiessen,L,R,Fastball,Ball,,,110,-1.174150288,1.184941653
5,2,1,2,'1-2,2026-09-06,Windsor Lancers,Brock Badgers,,Jake Colombe,Jack Tiessen,L,R,Fastball,Strikeout Swinging,,,110,0.28146248,1.129701786
5,0,0,0,'0-0,2026-09-06,Brock Badgers,Windsor Lancers,,Flynn Matheson,Nathan Dufour,R,R,Breaking Ball,Ball,,,0,-0.436373954,-0.35388321
5,0,1,0,'1-0,2026-09-06,Brock Badgers,Windsor Lancers,,Flynn Matheson,Nathan Dufour,R,R,Fastball,Foul,,,0,0.560621092,0.608868755
5,0,1,1,'1-1,2026-09-06,Brock Badgers,Windsor Lancers,,Flynn Matheson,Nathan Dufour,R,R,Fastball,Ball,,,0,1.398096931,0.821936813
5,0,2,1,'2-1,2026-09-06,Brock Badgers,Windsor Lancers,,Flynn Matheson,Nathan Dufour,R,R,Fastball,Groundout,Ground Ball,Pull,0,-0.276854746,0.198515459
5,1,0,0,'0-0,2026-09-06,Brock Badgers,Windsor Lancers,,Josh Frazer,Nathan Dufour,R,R,Breaking Ball,Swinging Strike,,,0,-0.635772963,-0.338100391
5,1,0,1,'0-1,2026-09-06,Brock Badgers,Windsor Lancers,,Josh Frazer,Nathan Dufour,R,R,Breaking Ball,Ball,,,0,0.540681192,-0.298643343
5,1,1,1,'1-1,2026-09-06,Brock Badgers,Windsor Lancers,,Josh Frazer,Nathan Dufour,R,R,Breaking Ball,Ball,,,0,-0.476253756,1.208615881
5,1,2,1,'2-1,2026-09-06,Brock Badgers,Windsor Lancers,,Josh Frazer,Nathan Dufour,R,R,Fastball,Ball,,,0,-0.236974945,1.295421386
5,1,3,1,'3-1,2026-09-06,Brock Badgers,Windsor Lancers,,Josh Frazer,Nathan Dufour,R,R,Fastball,Walk,,,0,-0.496193657,1.082353329
5,1,0,0,'0-0,2026-09-06,Brock Badgers,Windsor Lancers,,Brady Campbell,Nathan Dufour,R,R,Fastball,Swinging Strike,,,100,-0.177155242,0.806153994
5,1,0,1,'0-1,2026-09-06,Brock Badgers,Windsor Lancers,,Brady Campbell,Nathan Dufour,R,R,Fastball,Flyout,Fly Ball,Opposite Field,100,-0.57595326,0.577303117
5,2,0,0,'0-0,2026-09-06,Brock Badgers,Windsor Lancers,,Nate Parsons,Nathan Dufour,L,R,Fastball,Swinging Strike,,,100,-0.177155242,1.098136148
5,2,0,1,'0-1,2026-09-06,Brock Badgers,Windsor Lancers,,Nate Parsons,Nathan Dufour,L,R,Fastball,Called Strike,,,100,-0.695592666,0.443149155
5,2,0,2,'0-2,2026-09-06,Brock Badgers,Windsor Lancers,,Nate Parsons,Nathan Dufour,L,R,Fastball,Foul,,,100,-0.376554251,0.332669421
5,2,0,2,'0-2,2026-09-06,Brock Badgers,Windsor Lancers,,Nate Parsons,Nathan Dufour,L,R,Fastball,Ball,,,100,-1.353609396,0.687782851
5,2,1,2,'1-2,2026-09-06,Brock Badgers,Windsor Lancers,,Nate Parsons,Nathan Dufour,L,R,Breaking Ball,Hit By Pitch,,,100,0.879659507,-0.417014486
5,2,0,0,'0-0,2026-09-06,Brock Badgers,Windsor Lancers,,Nolan Phelan,Kurtis Joseph,R,R,Fastball,Single,Fly Ball,Opposite Field,110,0.819839804,0.70356567
5,2,0,0,'0-0,2026-09-06,Brock Badgers,Windsor Lancers,,Adam Geddes,Kurtis Joseph,L,R,Breaking Ball,Called Strike,,,11,0.381161984,0.245863916
5,2,0,1,'0-1,2026-09-06,Brock Badgers,Windsor Lancers,,Adam Geddes,Kurtis Joseph,L,R,Breaking Ball,Ball,,,11,-0.516133557,-0.322317572
5,2,1,1,'1-1,2026-09-06,Brock Badgers,Windsor Lancers,,Adam Geddes,Kurtis Joseph,L,R,Fastball,Called Strike,,,11,0.620440795,0.308995192
5,2,1,2,'1-2,2026-09-06,Brock Badgers,Windsor Lancers,,Adam Geddes,Kurtis Joseph,L,R,Fastball,Foul,,,11,-0.556013359,0.87717668
5,2,1,2,'1-2,2026-09-06,Brock Badgers,Windsor Lancers,,Adam Geddes,Kurtis Joseph,L,R,Breaking Ball,Ball,,,11,0.879659507,-0.235512067
5,2,2,2,'2-2,2026-09-06,Brock Badgers,Windsor Lancers,,Adam Geddes,Kurtis Joseph,L,R,Fastball,Single,Line Drive,Pull,11,-0.236974945,0.948199366
5,2,0,0,'0-0,2026-09-06,Brock Badgers,Windsor Lancers,,Gavin Taylor,Kurtis Joseph,R,R,Fastball,Foul,,,100,-0.516133557,0.71145708
5,2,0,1,'0-1,2026-09-06,Brock Badgers,Windsor Lancers,1.1,Gavin Taylor,Kurtis Joseph,R,R,Breaking Ball,Ball,,,100,1.138878219,-0.432797306
5,2,1,1,'1-1,2026-09-06,Brock Badgers,Windsor Lancers,,Gavin Taylor,Kurtis Joseph,R,R,Fastball,Ball,,,100,0.600500894,-0.188163609
5,2,2,1,'2-1,2026-09-06,Brock Badgers,Windsor Lancers,,Gavin Taylor,Kurtis Joseph,R,R,Fastball,Foul,,,1,0.480861489,0.861393861
5,2,2,2,'2-2,2026-09-06,Brock Badgers,Windsor Lancers,,Gavin Taylor,Kurtis Joseph,R,R,Breaking Ball,Ball,,,1,0.321342281,0.735131308
5,2,3,2,'3-2,2026-09-06,Brock Badgers,Windsor Lancers,,Gavin Taylor,Kurtis Joseph,R,R,Breaking Ball,Ball,,,1,1.118938318,-0.290751934
5,2,4,2,'4-2,2026-09-06,Brock Badgers,Windsor Lancers,,Gavin Taylor,Kurtis Joseph,R,R,Fastball,Walk,,,1,0.361222083,1.145484605
5,2,0,0,'0-0,2026-09-06,Brock Badgers,Windsor Lancers,,Kade Falardeau,Kurtis Joseph,R,R,Fastball,Ball,,,101,,
5,2,1,0,'1-0,2026-09-06,Brock Badgers,Windsor Lancers,,Kade Falardeau,Kurtis Joseph,R,R,Fastball,Ball,,,101,,
5,2,2,0,'2-0,2026-09-06,Brock Badgers,Windsor Lancers,,Kade Falardeau,Kurtis Joseph,R,R,Fastball,Flyout,Fly Ball,Straightaway,101,0.401101885,0.490497612
6,0,0,0,'0-0,2026-09-06,Windsor Lancers,Brock Badgers,,Parker Starkiss,Jack Tiessen,R,R,Curveball,Called Strike,,,0,-0.316734548,0.829828223
6,0,0,1,'0-1,2026-09-06,Windsor Lancers,Brock Badgers,,Parker Starkiss,Jack Tiessen,R,R,Curveball,Ball,,,0,0.760020102,0.285320964
6,0,1,1,'1-1,2026-09-06,Windsor Lancers,Brock Badgers,,Parker Starkiss,Jack Tiessen,R,R,Fastball,Ball,,,0,-1.074450783,0.372126469
6,0,2,1,'2-1,2026-09-06,Windsor Lancers,Brock Badgers,,Parker Starkiss,Jack Tiessen,R,R,Fastball,Called Strike,,,0,0.421041786,0.782479766
6,0,2,2,'2-2,2026-09-06,Windsor Lancers,Brock Badgers,,Parker Starkiss,Jack Tiessen,R,R,Fastball,Groundout,Ground Ball,Opposite Field,0,-0.536073458,0.277429554
6,1,0,0,'0-0,2026-09-06,Windsor Lancers,Brock Badgers,,Jack Marcotte,Jack Tiessen,L,R,Fastball,Ball,,,0,-0.57595326,-0.148706562
6,1,1,0,'1-0,2026-09-06,Windsor Lancers,Brock Badgers,,Jack Marcotte,Jack Tiessen,L,R,Fastball,Called Strike,,,0,-0.536073458,0.656217213
6,1,1,1,'1-1,2026-09-06,Windsor Lancers,Brock Badgers,,Jack Marcotte,Jack Tiessen,L,R,Changeup,Swinging Strike,,,0,-0.296794647,-0.322317572
6,1,1,2,'1-2,2026-09-06,Windsor Lancers,Brock Badgers,,Jack Marcotte,Jack Tiessen,L,R,Fastball,Ball,,,0,-1.21403009,0.687782851
6,1,2,2,'2-2,2026-09-06,Windsor Lancers,Brock Badgers,,Jack Marcotte,Jack Tiessen,L,R,Fastball,Ball,,,0,-0.157215341,1.177050243
6,1,3,2,'3-2,2026-09-06,Windsor Lancers,Brock Badgers,,Jack Marcotte,Jack Tiessen,L,R,Fastball,Strikeout Looking,,,0,-0.755412369,0.790371175
6,2,0,0,'0-0,2026-09-06,Windsor Lancers,Brock Badgers,,Stephen Vavoulas,Jack Tiessen,L,R,Changeup,Called Strike,,,0,0.002303867,0.18273264
6,2,0,1,'0-1,2026-09-06,Windsor Lancers,Brock Badgers,,Stephen Vavoulas,Jack Tiessen,L,R,Changeup,Swinging Strike,,,0,-0.775352269,0.18273264
6,2,0,2,'0-2,2026-09-06,Windsor Lancers,Brock Badgers,,Stephen Vavoulas,Jack Tiessen,L,R,Fastball,Foul,,,0,-0.615833062,0.222189687
6,2,0,2,'0-2,2026-09-06,Windsor Lancers,Brock Badgers,,Stephen Vavoulas,Jack Tiessen,L,R,Changeup,Popout,Pop Up,Straightaway,0,-0.775352269,0.656217213
6,0,0,0,'0-0,2026-09-06,Brock Badgers,Windsor Lancers,,Jaden Leeder,Kurtis Joseph,L,R,Breaking Ball,Error,Ground Ball,Pull,0,0.201702876,0.758805537
6,0,0,0,'0-0,2026-09-06,Brock Badgers,Windsor Lancers,,Flynn Matheson,Kurtis Joseph,R,R,Breaking Ball,Flyout,Fly Ball,Straightaway,100,0.460921588,0.214298278
6,1,0,0,'0-0,2026-09-06,Brock Badgers,Windsor Lancers,,Josh Frazer,Kurtis Joseph,L,R,Breaking Ball,Ball,,,100,-1.353609396,0.372126469
6,1,1,0,'1-0,2026-09-06,Brock Badgers,Windsor Lancers,,Josh Frazer,Kurtis Joseph,L,R,Fastball,Foul,,,100,-0.35661435,0.727239899
6,1,1,1,'1-1,2026-09-06,Brock Badgers,Windsor Lancers,,Josh Frazer,Kurtis Joseph,L,R,Breaking Ball,Ball,,,100,-0.755412369,1.153376015
6,1,2,1,'2-1,2026-09-06,Brock Badgers,Windsor Lancers,,Josh Frazer,Kurtis Joseph,L,R,Fastball,Foul,,,100,-0.735472468,0.837719632
6,1,2,2,'2-2,2026-09-06,Brock Badgers,Windsor Lancers,,Josh Frazer,Kurtis Joseph,L,R,,Groundout,Ground Ball,Pull,100,,
6,2,0,0,'0-0,2026-09-06,Brock Badgers,Windsor Lancers,,Brady Campbell,Kurtis Joseph,R,R,Fastball,Swinging Strike,,,100,-0.615833062,0.845611042
6,2,0,1,'0-1,2026-09-06,Brock Badgers,Windsor Lancers,,Brady Campbell,Kurtis Joseph,R,R,Breaking Ball,Ball,Ground Ball,Pull,100,0.141883173,0.948199366
6,2,1,1,'1-1,2026-09-06,Brock Badgers,Windsor Lancers,,Brady Campbell,Kurtis Joseph,R,R,Fastball,Single,,,100,0.381161984,0.829828223
6,2,0,0,'0-0,2026-09-06,Brock Badgers,Windsor Lancers,,Nate Parsons,Kurtis Joseph,L,R,Breaking Ball,Ball,,,110,-1.393489198,-0.267077705
6,2,1,0,'1-0,2026-09-06,Brock Badgers,Windsor Lancers,,Nate Parsons,Kurtis Joseph,L,R,Fastball,Ball,,,110,0.181762975,1.184941653
6,2,2,0,'2-0,2026-09-06,Brock Badgers,Windsor Lancers,,Nate Parsons,Kurtis Joseph,L,R,Fastball,Flyout,Fly Ball,Pull,110,0.520741291,0.766696947
7,0,0,0,'0-0,2026-09-06,Windsor Lancers,Brock Badgers,,Callum Barton,Jack Tiessen,L,R,Fastball,Called Strike,,,0,-0.655712864,0.451040564
7,0,0,1,'0-1,2026-09-06,Windsor Lancers,Brock Badgers,,Callum Barton,Jack Tiessen,L,R,Fastball,Called Strike,,,0,-0.755412369,0.301103783
7,0,0,2,'0-2,2026-09-06,Windsor Lancers,Brock Badgers,,Callum Barton,Jack Tiessen,L,R,Fastball,Ball,,,0,-1.273849793,0.87717668
7,0,1,2,'1-2,2026-09-06,Windsor Lancers,Brock Badgers,,Callum Barton,Jack Tiessen,L,R,Changeup,Strikeout Looking,,,0,-0.635772963,0.198515459
7,1,0,0,'0-0,2026-09-06,Windsor Lancers,Brock Badgers,,Keaton Ruttle,Jack Tiessen,R,R,Curveball,Foul,,,0,-0.217035044,0.451040564
7,1,0,1,'0-1,2026-09-06,Windsor Lancers,Brock Badgers,,Keaton Ruttle,Jack Tiessen,R,R,Fastball,Called Strike,,,0,0.341282182,0.403692107
7,1,0,2,'0-2,2026-09-06,Windsor Lancers,Brock Badgers,,Keaton Ruttle,Jack Tiessen,R,R,Fastball,Foul,,,0,-0.276854746,0.70356567
7,1,0,2,'0-2,2026-09-06,Windsor Lancers,Brock Badgers,,Keaton Ruttle,Jack Tiessen,R,R,Fastball,Ball,,,0,1.717135346,1.113918967
7,1,1,2,'1-2,2026-09-06,Windsor Lancers,Brock Badgers,,Keaton Ruttle,Jack Tiessen,R,R,Fastball,Foul,,,0,-0.635772963,0.561520298
7,1,1,2,'1-2,2026-09-06,Windsor Lancers,Brock Badgers,,Keaton Ruttle,Jack Tiessen,R,R,Curveball,Ball,,,0,0.740080201,-0.566951268
7,1,2,2,'2-2,2026-09-06,Windsor Lancers,Brock Badgers,,Keaton Ruttle,Jack Tiessen,R,R,Fastball,Ball,,,0,1.836774751,0.056470087
7,1,3,2,'3-2,2026-09-06,Windsor Lancers,Brock Badgers,,Keaton Ruttle,Jack Tiessen,R,R,Fastball,Strikeout Swinging,,,0,-0.556013359,-0.093466695
7,2,0,0,'0-0,2026-09-06,Windsor Lancers,Brock Badgers,,Gannon Djekic,Jack Tiessen,L,R,Changeup,Ball,,,0,0.520741291,-0.314426162
7,2,1,0,'1-0,2026-09-06,Windsor Lancers,Brock Badgers,,Gannon Djekic,Jack Tiessen,L,R,Fastball,Single,Ground Ball,Straightaway,0,-0.197095143,0.364235059
7,2,0,0,'0-0,2026-09-06,Windsor Lancers,Brock Badgers,,Tennyson Seguin,Jack Tiessen,L,R,Fastball,Ball,,,100,-0.695592666,-0.409123077
7,2,1,0,'1-0,2026-09-06,Windsor Lancers,Brock Badgers,,Tennyson Seguin,Jack Tiessen,L,R,Fastball,Ball,,,100,-1.313729594,1.145484605
7,2,2,0,'2-0,2026-09-06,Windsor Lancers,Brock Badgers,,Tennyson Seguin,Jack Tiessen,L,R,Fastball,Called Strike,,,100,-0.496193657,0.198515459
7,2,2,1,'2-1,2026-09-06,Windsor Lancers,Brock Badgers,,Tennyson Seguin,Jack Tiessen,L,R,Fastball,Ball,,,100,1.258517625,-0.338100391
7,2,3,1,'3-1,2026-09-06,Windsor Lancers,Brock Badgers,,Tennyson Seguin,Jack Tiessen,L,R,Fastball,Foul,,,100,-0.615833062,0.119601363
7,2,3,2,'3-2,2026-09-06,Windsor Lancers,Brock Badgers,,Tennyson Seguin,Jack Tiessen,L,R,Fastball,Walk,,,100,-0.536073458,1.224398701
7,2,0,0,'0-0,2026-09-06,Windsor Lancers,Brock Badgers,,Matteo Tedesco,Jack Tiessen,R,R,Fastball,Flyout,Fly Ball,Pull,110,-0.296794647,0.829828223
1,0,0,0,'0-0,2026-09-06,Windsor Lancers,Brock Badgers,,Gannon Djekic,Max Burroughsford,L,R,Fastball,Called Strike,,,0,0.421041786,-0.093466695
1,0,0,1,'0-1,2026-09-06,Windsor Lancers,Brock Badgers,,Gannon Djekic,Max Burroughsford,L,R,Fastball,Groundout,Ground Ball,Straightaway,0,-0.376554251,0.056470087
1,1,0,0,'0-0,2026-09-06,Windsor Lancers,Brock Badgers,,Tennyson Seguin,Max Burroughsford,L,R,Changeup,Called Strike,,,0,-0.635772963,0.35634365
1,1,0,1,'0-1,2026-09-06,Windsor Lancers,Brock Badgers,,Tennyson Seguin,Max Burroughsford,L,R,Changeup,Called Strike,,,0,-0.695592666,0.569411708
1,1,0,2,'0-2,2026-09-06,Windsor Lancers,Brock Badgers,,Tennyson Seguin,Max Burroughsford,L,R,Fastball,Foul,,,0,0.28146248,0.806153994
1,1,0,2,'0-2,2026-09-06,Windsor Lancers,Brock Badgers,,Tennyson Seguin,Max Burroughsford,L,R,Fastball,Foul,,,0,-0.57595326,0.245863916
1,1,0,2,'0-2,2026-09-06,Windsor Lancers,Brock Badgers,,Tennyson Seguin,Max Burroughsford,L,R,Changeup,Ball,,,0,-0.655712864,-0.306534753
1,1,1,2,'1-2,2026-09-06,Windsor Lancers,Brock Badgers,,Tennyson Seguin,Max Burroughsford,L,R,Fastball,Flyout,Fly Ball,Straightaway,0,-0.635772963,0.52995466
1,2,0,0,'0-0,2026-09-06,Windsor Lancers,Brock Badgers,,Matteo Tedesco,Max Burroughsford,R,R,Slider,Ball,,,0,-0.336674449,1.106027557
1,2,1,0,'1-0,2026-09-06,Windsor Lancers,Brock Badgers,,Matteo Tedesco,Max Burroughsford,R,R,Fastball,Called Strike,,,0,0.201702876,0.427366336
1,2,1,1,'1-1,2026-09-06,Windsor Lancers,Brock Badgers,,Matteo Tedesco,Max Burroughsford,R,R,Slider,Swinging Strike,,,0,0.261522579,0.127492773
1,2,1,2,'1-2,2026-09-06,Windsor Lancers,Brock Badgers,,Matteo Tedesco,Max Burroughsford,R,R,Slider,Ball,,,0,1.098998417,-0.298643343
1,2,2,2,'2-2,2026-09-06,Windsor Lancers,Brock Badgers,,Matteo Tedesco,Max Burroughsford,R,R,Fastball,Groundout,Ground Ball,Straightaway,0,0.700200399,0.482606203
1,0,0,0,'0-0,2026-09-06,Brock Badgers,Windsor Lancers,,Gavin Taylor,Zachary Dunne,R,R,Fastball,Foul,,,0,-0.177155242,0.443149155
1,0,0,1,'0-1,2026-09-06,Brock Badgers,Windsor Lancers,,Gavin Taylor,Zachary Dunne,R,R,Fastball,Ball,,,0,-0.197095143,-0.274969115
1,0,1,1,'1-1,2026-09-06,Brock Badgers,Windsor Lancers,,Gavin Taylor,Zachary Dunne,R,R,Fastball,Hit By Pitch,,,0,-1.592888207,0.727239899
1,0,0,0,'0-0,2026-09-06,Brock Badgers,Windsor Lancers,,Kade Falardeau,Zachary Dunne,R,R,Fastball,Called Strike,,,100,0.440981687,0.758805537
1,0,0,1,'0-1,2026-09-06,Brock Badgers,Windsor Lancers,1.38,Kade Falardeau,Zachary Dunne,R,R,Breaking Ball,Single,Ground Ball,Opposite Field,100,-0.316734548,0.245863916
1,0,0,0,'0-0,2026-09-06,Brock Badgers,Windsor Lancers,,Josh Frazer,Zachary Dunne,L,R,Fastball,Ball,,,110,-1.333669495,-0.211837838
1,0,1,0,'1-0,2026-09-06,Brock Badgers,Windsor Lancers,,Josh Frazer,Zachary Dunne,L,R,Fastball,Ball,,,110,-0.376554251,-0.480145763
1,0,2,0,'2-0,2026-09-06,Brock Badgers,Windsor Lancers,,Josh Frazer,Zachary Dunne,L,R,Fastball,Groundout,Ground Ball,Pull,110,-0.79529217,0.088035725
1,1,0,0,'0-0,2026-09-06,Brock Badgers,Windsor Lancers,,Flynn Matheson,Zachary Dunne,R,R,Breaking Ball,Called Strike,,,11,0.002303867,0.593085936
1,1,0,1,'0-1,2026-09-06,Brock Badgers,Windsor Lancers,,Flynn Matheson,Zachary Dunne,R,R,Fastball,Swinging Strike,,,11,0.700200399,0.277429554
1,1,0,1,'0-1,2026-09-06,Brock Badgers,Windsor Lancers,,Flynn Matheson,Zachary Dunne,R,R,Breaking Ball,Strikeout Swinging,,,11,1.118938318,-0.132923743
1,1,0,2,'0-2,2026-09-06,Brock Badgers,Windsor Lancers,,Nolan Phelan,Zachary Dunne,R,R,Fastball,Single,Fly Ball,Opposite Field,11,0.620440795,0.593085936
1,2,0,0,'0-0,2026-09-06,Brock Badgers,Windsor Lancers,,,,,,,Additional Out,,,,,
2,0,0,0,'0-0,2026-09-06,Windsor Lancers,Brock Badgers,,Parker Starkiss,Max Burroughsford,R,R,Fastball,Called Strike,,,0,0.540681192,0.545737479
2,0,0,1,'0-1,2026-09-06,Windsor Lancers,Brock Badgers,,Parker Starkiss,Max Burroughsford,R,R,Slider,Swinging Strike,,,0,0.899599408,-0.259186295
2,0,0,2,'0-2,2026-09-06,Windsor Lancers,Brock Badgers,,Parker Starkiss,Max Burroughsford,R,R,Slider,Ball,,,0,-1.21403009,0.837719632
2,0,1,2,'1-2,2026-09-06,Windsor Lancers,Brock Badgers,,Parker Starkiss,Max Burroughsford,R,R,Slider,Ball,,,0,-1.413429099,0.064361496
2,0,2,2,'2-2,2026-09-06,Windsor Lancers,Brock Badgers,,Parker Starkiss,Max Burroughsford,R,R,Fastball,Groundout,Ground Ball,Opposite Field,0,0.640380696,0.403692107
2,1,0,0,'0-0,2026-09-06,Windsor Lancers,Brock Badgers,,Jack Marcotte,Max Burroughsford,L,R,Fastball,Called Strike,,,0,-0.615833062,0.230081097
2,1,0,1,'0-1,2026-09-06,Windsor Lancers,Brock Badgers,,Jack Marcotte,Max Burroughsford,L,R,Changeup,Called Strike,,,0,-1.174150288,0.048578677
2,1,0,2,'0-2,2026-09-06,Windsor Lancers,Brock Badgers,,Jack Marcotte,Max Burroughsford,L,R,Changeup,Double,Fly Ball,Opposite Field,0,-0.476253756,0.545737479
2,1,0,0,'0-0,2026-09-06,Windsor Lancers,Brock Badgers,,Jake Colombe,Max Burroughsford,L,R,Fastball,Called Strike,,,0,-0.456313855,0.127492773
2,1,0,1,'0-1,2026-09-06,Windsor Lancers,Brock Badgers,,Jake Colombe,Max Burroughsford,L,R,Changeup,Foul,,,0,-0.476253756,0.340560831
2,1,0,2,'0-2,2026-09-06,Windsor Lancers,Brock Badgers,,Jake Colombe,Max Burroughsford,L,R,Fastball,Groundout,Ground Ball,Pull,0,0.480861489,0.466823384
2,2,0,0,'0-0,2026-09-06,Windsor Lancers,Brock Badgers,,Cullen Rooney,Max Burroughsford,R,R,Slider,Called Strike,,,1,0.421041786,0.719348489
2,2,0,1,'0-1,2026-09-06,Windsor Lancers,Brock Badgers,,Cullen Rooney,Max Burroughsford,R,R,Fastball,Ball,,,1,2.215632869,-0.148706562
2,2,1,1,'1-1,2026-09-06,Windsor Lancers,Brock Badgers,,Cullen Rooney,Max Burroughsford,R,R,Fastball,Foul,,,1,0.28146248,0.395800698
2,2,1,2,'1-2,2026-09-06,Windsor Lancers,Brock Badgers,,Cullen Rooney,Max Burroughsford,R,R,Slider,Strikeout Looking,,,1,0.819839804,0.364235059
2,0,0,0,'0-0,2026-09-06,Brock Badgers,Windsor Lancers,,Tim Somerville,Zachary Dunne,R,R,Fastball,Flyout,Fly Ball,Straightaway,0,-0.336674449,0.427366336
2,1,0,0,'0-0,2026-09-06,Brock Badgers,Windsor Lancers,,Liam Riley,Zachary Dunne,R,R,Fastball,Foul,,,0,0.421041786,0.766696947
2,1,0,1,'0-1,2026-09-06,Brock Badgers,Windsor Lancers,,Liam Riley,Zachary Dunne,R,R,Breaking Ball,Ball,,,0,-0.755412369,1.216507291
2,1,1,1,'1-1,2026-09-06,Brock Badgers,Windsor Lancers,,Liam Riley,Zachary Dunne,R,R,Fastball,Home Run,Fly Ball,Opposite Field,0,0.480861489,0.198515459
2,1,0,0,'0-0,2026-09-06,Brock Badgers,Windsor Lancers,,Jack Shannon,Zachary Dunne,R,R,Breaking Ball,Ball,,,0,1.477856535,-0.393340258
2,1,1,0,'1-0,2026-09-06,Brock Badgers,Windsor Lancers,,Jack Shannon,Zachary Dunne,R,R,Fastball,Ball,,,0,1.457916634,-0.259186295
2,1,2,0,'2-0,2026-09-06,Brock Badgers,Windsor Lancers,,Jack Shannon,Zachary Dunne,R,R,Fastball,Ball,,,0,-1.273849793,0.245863916
2,1,3,0,'3-0,2026-09-06,Brock Badgers,Windsor Lancers,,Jack Shannon,Zachary Dunne,R,R,Fastball,Called Strike,,,0,-0.655712864,0.040687268
2,1,3,1,'3-1,2026-09-06,Brock Badgers,Windsor Lancers,,Jack Shannon,Zachary Dunne,R,R,Fastball,Flyout,Fly Ball,Straightaway,0,-0.396494152,0.190624049
2,2,0,0,'0-0,2026-09-06,Brock Badgers,Windsor Lancers,,Adam Geddes,Zachary Dunne,L,R,Breaking Ball,Groundout,Ground Ball,Pull,0,-0.276854746,0.316886602
3,0,0,0,'0-0,2026-09-06,Windsor Lancers,Brock Badgers,,Callum Barton,Max Burroughsford,L,R,Changeup,Ball,,,0,-1.433369,0.285320964
3,0,1,0,'1-0,2026-09-06,Windsor Lancers,Brock Badgers,,Callum Barton,Max Burroughsford,L,R,Changeup,Ball,,,0,-1.293789693,0.814045404
3,0,2,0,'2-0,2026-09-06,Windsor Lancers,Brock Badgers,,Callum Barton,Max Burroughsford,L,R,Fastball,Swinging Strike,,,0,0.221642777,0.380017878
3,0,2,1,'2-1,2026-09-06,Windsor Lancers,Brock Badgers,,Callum Barton,Max Burroughsford,L,R,Fastball,Swinging Strike,,,0,0.261522579,0.17484123
3,0,2,2,'2-2,2026-09-06,Windsor Lancers,Brock Badgers,,Callum Barton,Max Burroughsford,L,R,Changeup,Ball,,,0,0.700200399,-0.298643343
3,0,3,2,'3-2,2026-09-06,Windsor Lancers,Brock Badgers,,Callum Barton,Max Burroughsford,L,R,Fastball,Foul,,,0,-0.376554251,0.301103783
3,0,3,2,'3-2,2026-09-06,Windsor Lancers,Brock Badgers,,Callum Barton,Max Burroughsford,L,R,Fastball,Walk,,,0,-1.293789693,0.70356567
3,0,0,0,'0-0,2026-09-06,Windsor Lancers,Brock Badgers,1.32,Keaton Ruttle,Max Burroughsford,R,R,Fastball,Foul,,,100,-0.775352269,0.285320964
3,0,0,1,'0-1,2026-09-06,Windsor Lancers,Brock Badgers,1.2,Keaton Ruttle,Max Burroughsford,R,R,Fastball,Swinging Strike,,,100,-1.233969991,0.293212373
3,0,0,2,'0-2,2026-09-06,Windsor Lancers,Brock Badgers,,Keaton Ruttle,Max Burroughsford,R,R,Slider,Strikeout Looking,,,100,0.620440795,0.143275592
3,1,0,0,'0-0,2026-09-06,Windsor Lancers,Brock Badgers,,Gannon Djekic,Max Burroughsford,L,R,Fastball,Ball,,,100,-0.376554251,-0.409123077
3,1,1,0,'1-0,2026-09-06,Windsor Lancers,Brock Badgers,,Gannon Djekic,Max Burroughsford,L,R,Fastball,Called Strike,,,100,-0.715532567,0.52995466
3,1,1,1,'1-1,2026-09-06,Windsor Lancers,Brock Badgers,,Gannon Djekic,Max Burroughsford,L,R,Changeup,Called Strike,,,100,-0.675652765,0.135384182
3,1,1,2,'1-2,2026-09-06,Windsor Lancers,Brock Badgers,,Gannon Djekic,Max Burroughsford,L,R,Fastball,Ball,,,100,-0.556013359,1.106027557
3,1,2,2,'2-2,2026-09-06,Windsor Lancers,Brock Badgers,,Gannon Djekic,Max Burroughsford,L,R,Changeup,Foul,,,100,-0.436373954,0.135384182
3,1,2,2,'2-2,2026-09-06,Windsor Lancers,Brock Badgers,,Gannon Djekic,Max Burroughsford,L,R,Fastball,Single,Line Drive,Opposite Field,100,-0.755412369,0.198515459
3,1,0,0,'0-0,2026-09-06,Windsor Lancers,Brock Badgers,,Tennyson Seguin,Max Burroughsford,L,R,Changeup,Ball,,,110,0.201702876,-0.448580125
3,1,1,0,'1-0,2026-09-06,Windsor Lancers,Brock Badgers,,Tennyson Seguin,Max Burroughsford,L,R,Fastball,Flyout,Fly Ball,Opposite Field,110,-0.556013359,0.70356567
3,2,0,0,'0-0,2026-09-06,Windsor Lancers,Brock Badgers,,Matteo Tedesco,Max Burroughsford,R,R,Fastball,Ball,,,10,-0.675652765,1.129701786
3,2,1,0,'1-0,2026-09-06,Windsor Lancers,Brock Badgers,,Matteo Tedesco,Max Burroughsford,R,R,Fastball,Called Strike,,,10,0.640380696,0.332669421
3,2,1,1,'1-1,2026-09-06,Windsor Lancers,Brock Badgers,,Matteo Tedesco,Max Burroughsford,R,R,Fastball,Ball,,,10,0.580560993,-0.132923743
3,2,2,1,'2-1,2026-09-06,Windsor Lancers,Brock Badgers,,Matteo Tedesco,Max Burroughsford,R,R,Fastball,Ball,,,10,2.295392473,0.009121629
3,2,3,1,'3-1,2026-09-06,Windsor Lancers,Brock Badgers,,Matteo Tedesco,Max Burroughsford,R,R,Fastball,Popout,Pop Up,Opposite Field,10,-0.396494152,0.869285271
3,0,0,0,'0-0,2026-09-06,Brock Badgers,Windsor Lancers,,Gavin Taylor,Zachary Dunne,R,R,Breaking Ball,Foul,,,0,-0.316734548,0.758805537
3,0,0,1,'0-1,2026-09-06,Brock Badgers,Windsor Lancers,,Gavin Taylor,Zachary Dunne,R,R,Fastball,Ball,,,0,-0.177155242,-0.314426162
3,0,1,1,'1-1,2026-09-06,Brock Badgers,Windsor Lancers,,Gavin Taylor,Zachary Dunne,R,R,Fastball,Ball,,,0,-1.333669495,0.735131308
3,0,2,1,'2-1,2026-09-06,Brock Badgers,Windsor Lancers,,Gavin Taylor,Zachary Dunne,R,R,Fastball,Error,Ground Ball,Pull,0,-0.117335539,0.34845224
3,0,0,0,'0-0,2026-09-06,Brock Badgers,Windsor Lancers,,Kade Falardeau,Zachary Dunne,R,R,Breaking Ball,Swinging Strike,,,100,1.876654553,-0.259186295
3,0,0,1,'0-1,2026-09-06,Brock Badgers,Windsor Lancers,,Kade Falardeau,Zachary Dunne,R,R,Fastball,Single,Line Drive,Opposite Field,1,0.779960003,0.198515459
3,0,0,0,'0-0,2026-09-06,Brock Badgers,Windsor Lancers,,Josh Frazer,Zachary Dunne,L,R,Breaking Ball,Ball,,,100,0.740080201,-0.574842678
3,0,1,0,'1-0,2026-09-06,Brock Badgers,Windsor Lancers,1.32,Josh Frazer,Zachary Dunne,L,R,Fastball,Ball,,,100,-1.533068505,-0.077683876
3,0,2,0,'2-0,2026-09-06,Brock Badgers,Windsor Lancers,1.25,Josh Frazer,Zachary Dunne,L,R,Fastball,Ball,,,100,-1.413429099,0.072252906
3,0,3,0,'3-0,2026-09-06,Brock Badgers,Windsor Lancers,,Josh Frazer,Zachary Dunne,L,R,Offspeed,Called Strike,,,100,-0.675652765,0.151167001
3,0,3,1,'3-1,2026-09-06,Brock Badgers,Windsor Lancers,,Josh Frazer,Zachary Dunne,L,R,Fastball,Called Strike,,,100,-1.21403009,0.253755326
3,0,3,2,'3-2,2026-09-06,Brock Badgers,Windsor Lancers,,Josh Frazer,Zachary Dunne,L,R,Fastball,Walk,,,100,-1.453308901,0.892959499
3,0,0,0,'0-0,2026-09-06,Brock Badgers,Windsor Lancers,,Flynn Matheson,Zachary Dunne,R,R,Fastball,Foul,,,110,-0.396494152,-0.164489381
3,0,0,1,'0-1,2026-09-06,Brock Badgers,Windsor Lancers,,Flynn Matheson,Zachary Dunne,R,R,Breaking Ball,Ball,,,110,-0.974751279,1.311204206
3,0,1,1,'1-1,2026-09-06,Brock Badgers,Windsor Lancers,,Flynn Matheson,Zachary Dunne,R,R,Fastball,Groundout,Ground Ball,Pull,11,0.381161984,0.277429554
3,1,0,0,'0-0,2026-09-06,Brock Badgers,Windsor Lancers,,Nolan Phelan,Zachary Dunne,R,R,Breaking Ball,Swinging Strike,,,1,0.480861489,0.34845224
3,1,0,1,'0-1,2026-09-06,Brock Badgers,Windsor Lancers,,Nolan Phelan,Zachary Dunne,R,R,Breaking Ball,Sacrifice Fly,,,1,-0.217035044,0.119601363
3,2,0,0,'0-0,2026-09-06,Brock Badgers,Windsor Lancers,,Tim Somerville,Zachary Dunne,R,R,Fastball,Ball,,,0,0.740080201,-0.274969115
3,2,1,0,'1-0,2026-09-06,Brock Badgers,Windsor Lancers,,Tim Somerville,Zachary Dunne,R,R,Breaking Ball,Ball,,,0,2.315332374,-0.1802722
3,2,2,0,'2-0,2026-09-06,Brock Badgers,Windsor Lancers,,Tim Somerville,Zachary Dunne,R,R,Fastball,Error,Ground Ball,Pull,0,0.480861489,0.143275592
3,2,0,0,'0-0,2026-09-06,Brock Badgers,Windsor Lancers,,Liam Riley,Zachary Dunne,R,R,Breaking Ball,Foul,,,100,-0.695592666,-0.1802722
3,2,0,1,'0-1,2026-09-06,Brock Badgers,Windsor Lancers,,Liam Riley,Zachary Dunne,R,R,Fastball,Error,Ground Ball,Pull,100,0.361222083,0.206406868
3,2,0,0,'0-0,2026-09-06,Brock Badgers,Windsor Lancers,,Jack Shannon,Zachary Dunne,R,R,Fastball,Ball,,,110,-1.353609396,0.798262585
3,2,1,0,'1-0,2026-09-06,Brock Badgers,Windsor Lancers,,Jack Shannon,Zachary Dunne,R,R,Fastball,Ball,,,110,-0.117335539,-0.417014486
3,2,2,0,'2-0,2026-09-06,Brock Badgers,Windsor Lancers,,Jack Shannon,Zachary Dunne,R,R,Breaking Ball,Called Strike,,,110,0.161823074,0.403692107
3,2,2,1,'2-1,2026-09-06,Brock Badgers,Windsor Lancers,,Jack Shannon,Zachary Dunne,R,R,Breaking Ball,Ball,,,11,-0.336674449,-0.409123077
3,2,3,1,'3-1,2026-09-06,Brock Badgers,Windsor Lancers,,Jack Shannon,Zachary Dunne,R,R,Fastball,Single,Line Drive,Straightaway,11,0.580560993,0.395800698
3,2,0,0,'0-0,2026-09-06,Brock Badgers,Windsor Lancers,,Adam Geddes,JJ Robinson-Evans,L,R,Fastball,Called Strike,,,100,-0.695592666,0.308995192
3,2,0,1,'0-1,2026-09-06,Brock Badgers,Windsor Lancers,1.38,Adam Geddes,JJ Robinson-Evans,L,R,Fastball,Called Strike,,,100,-0.715532567,0.198515459
3,2,0,2,'0-2,2026-09-06,Brock Badgers,Windsor Lancers,1.4,Adam Geddes,JJ Robinson-Evans,L,R,Offspeed,Ball,,,100,-1.333669495,0.774588356
3,2,1,2,'1-2,2026-09-06,Brock Badgers,Windsor Lancers,,Adam Geddes,JJ Robinson-Evans,L,R,Fastball,Foul,,,100,0.460921588,1.082353329
3,2,1,2,'1-2,2026-09-06,Brock Badgers,Windsor Lancers,,Adam Geddes,JJ Robinson-Evans,L,R,Offspeed,Foul,,,100,-0.615833062,0.814045404
3,2,1,2,'1-2,2026-09-06,Brock Badgers,Windsor Lancers,,Adam Geddes,JJ Robinson-Evans,L,R,Breaking Ball,Ball,,,100,0.979359012,-0.345991801
3,2,2,2,'2-2,2026-09-06,Brock Badgers,Windsor Lancers,,Adam Geddes,JJ Robinson-Evans,L,R,Breaking Ball,Foul,,,100,-0.456313855,0.387909288
3,2,2,2,'2-2,2026-09-06,Brock Badgers,Windsor Lancers,,Adam Geddes,JJ Robinson-Evans,L,R,Offspeed,Error,Ground Ball,Pull,100,-0.476253756,0.316886602
3,2,0,0,'0-0,2026-09-06,Brock Badgers,Windsor Lancers,,Gavin Taylor,JJ Robinson-Evans,R,R,Breaking Ball,Ball,,,101,2.175753067,-0.148706562
3,2,1,0,'1-0,2026-09-06,Brock Badgers,Windsor Lancers,,Gavin Taylor,JJ Robinson-Evans,R,R,Fastball,Ball,,,11,-0.615833062,1.161267424
3,2,2,0,'2-0,2026-09-06,Brock Badgers,Windsor Lancers,,Gavin Taylor,JJ Robinson-Evans,R,R,Fastball,Ball,,,11,0.660320597,1.090244738
3,2,3,0,'3-0,2026-09-06,Brock Badgers,Windsor Lancers,,Gavin Taylor,JJ Robinson-Evans,R,R,Fastball,Walk,,,11,0.560621092,-0.393340258
3,2,0,0,'0-0,2026-09-06,Brock Badgers,Windsor Lancers,,Kade Falardeau,JJ Robinson-Evans,R,R,Fastball,Flyout,Fly Ball,Opposite Field,111,-0.256914845,0.261646735
4,0,0,0,'0-0,2026-09-06,Windsor Lancers,Brock Badgers,,Parker Starkiss,Max Burroughsford,R,R,Fastball,Foul,,,0,0.520741291,0.308995192
4,0,0,1,'0-1,2026-09-06,Windsor Lancers,Brock Badgers,,Parker Starkiss,Max Burroughsford,R,R,Fastball,Foul,,,0,0.102003371,0.364235059
4,0,0,2,'0-2,2026-09-06,Windsor Lancers,Brock Badgers,,Parker Starkiss,Max Burroughsford,R,R,Splitter,Strikeout Swinging,,,0,0.28146248,0.237972506
4,1,0,0,'0-0,2026-09-06,Windsor Lancers,Brock Badgers,,Jack Marcotte,Max Burroughsford,L,R,Fastball,Swinging Strike,,,0,-0.35661435,0.190624049
4,1,0,1,'0-1,2026-09-06,Windsor Lancers,Brock Badgers,,Jack Marcotte,Max Burroughsford,L,R,Changeup,Ball,,,0,-1.413429099,-0.251294886
4,1,1,1,'1-1,2026-09-06,Windsor Lancers,Brock Badgers,,Jack Marcotte,Max Burroughsford,L,R,Fastball,Single,Fly Ball,Opposite Field,0,-0.615833062,0.656217213
4,1,0,0,'0-0,2026-09-06,Windsor Lancers,Brock Badgers,,Jake Colombe,Max Burroughsford,L,R,Changeup,Ball,,,100,-0.635772963,-0.243403476
4,1,1,0,'1-0,2026-09-06,Windsor Lancers,Brock Badgers,,Jake Colombe,Max Burroughsford,L,R,Splitter,Ball,,,100,0.819839804,-0.282860524
4,1,2,0,'2-0,2026-09-06,Windsor Lancers,Brock Badgers,,Jake Colombe,Max Burroughsford,L,R,Splitter,Ball,,,100,0.600500894,-0.251294886
4,1,3,0,'3-0,2026-09-06,Windsor Lancers,Brock Badgers,,Jake Colombe,Max Burroughsford,L,R,Fastball,Called Strike,,,100,-0.635772963,0.380017878
4,1,3,1,'3-1,2026-09-06,Windsor Lancers,Brock Badgers,,Jake Colombe,Max Burroughsford,L,R,Changeup,Foul,,,100,-0.615833062,-0.109249514
4,1,3,2,'3-2,2026-09-06,Windsor Lancers,Brock Badgers,,Jake Colombe,Max Burroughsford,L,R,Fastball,Home Run,Fly Ball,Pull,100,0.261522579,0.632542984
4,1,0,0,'0-0,2026-09-06,Windsor Lancers,Brock Badgers,,Cullen Rooney,Max Burroughsford,R,R,Fastball,Hit By Pitch,,,0,-1.572948306,0.735131308
4,1,0,0,'0-0,2026-09-06,Windsor Lancers,Brock Badgers,,Callum Barton,Max Burroughsford,L,R,Fastball,Ball,,,100,0.600500894,-0.156597971
4,1,1,0,'1-0,2026-09-06,Windsor Lancers,Brock Badgers,,Callum Barton,Max Burroughsford,L,R,Fastball,Called Strike,,,100,-0.635772963,0.198515459
4,1,1,1,'1-1,2026-09-06,Windsor Lancers,Brock Badgers,,Callum Barton,Max Burroughsford,L,R,Splitter,Ball,,,100,1.537676238,-0.282860524
4,1,2,1,'2-1,2026-09-06,Windsor Lancers,Brock Badgers,,Callum Barton,Max Burroughsford,L,R,Fastball,Ball,,,100,-0.635772963,1.121810376
4,1,3,1,'3-1,2026-09-06,Windsor Lancers,Brock Badgers,,Callum Barton,Max Burroughsford,L,R,Fastball,Walk,,,100,-0.934871477,-0.156597971
4,1,0,0,'0-0,2026-09-06,Windsor Lancers,Brock Badgers,,Keaton Ruttle,Max Burroughsford,R,R,Fastball,Ball,,,110,-0.416434053,1.098136148
4,1,1,0,'1-0,2026-09-06,Windsor Lancers,Brock Badgers,,Keaton Ruttle,Max Burroughsford,R,R,Fastball,Called Strike,,,110,0.361222083,0.285320964
4,1,1,1,'1-1,2026-09-06,Windsor Lancers,Brock Badgers,,Keaton Ruttle,Max Burroughsford,R,R,Fastball,Double Play,Ground Ball,Opposite Field,110,-0.197095143,0.380017878
4,0,0,0,'0-0,2026-09-06,Brock Badgers,Windsor Lancers,,Jack Cohen,JJ Robinson-Evans,R,R,Fastball,Ball,,,0,-1.433369,0.585194527
4,0,1,0,'1-0,2026-09-06,Brock Badgers,Windsor Lancers,,Jack Cohen,JJ Robinson-Evans,R,R,Fastball,Ball,,,0,1.816834851,0.995547824
4,0,2,0,'2-0,2026-09-06,Brock Badgers,Windsor Lancers,,Jack Cohen,JJ Robinson-Evans,R,R,Breaking Ball,Hit By Pitch,,,0,-1.632768009,1.019222052
4,0,0,0,'0-0,2026-09-06,Brock Badgers,Windsor Lancers,,Flynn Matheson,JJ Robinson-Evans,R,R,Fastball,Ball,,,100,-1.134270486,1.129701786
4,0,1,0,'1-0,2026-09-06,Brock Badgers,Windsor Lancers,,Flynn Matheson,JJ Robinson-Evans,R,R,Fastball,Ball,,,100,-1.433369,1.216507291
4,0,2,0,'2-0,2026-09-06,Brock Badgers,Windsor Lancers,,Flynn Matheson,JJ Robinson-Evans,R,R,Fastball,Called Strike,,,100,0.50080139,0.798262585
4,0,2,1,'2-1,2026-09-06,Brock Badgers,Windsor Lancers,,Flynn Matheson,JJ Robinson-Evans,R,R,Fastball,Ball,,,100,-1.493188703,1.090244738
4,0,3,1,'3-1,2026-09-06,Brock Badgers,Windsor Lancers,,Flynn Matheson,JJ Robinson-Evans,R,R,Fastball,Walk,,,100,0.680260498,1.066570509
4,0,0,0,'0-0,2026-09-06,Brock Badgers,Windsor Lancers,,Nolan Phelan,JJ Robinson-Evans,R,R,Fastball,Called Strike,,,110,-0.57595326,0.474714793
4,0,0,1,'0-1,2026-09-06,Brock Badgers,Windsor Lancers,,Nolan Phelan,JJ Robinson-Evans,R,R,Breaking Ball,Hit By Pitch,,,110,-1.553008405,0.380017878
4,0,0,0,'0-0,2026-09-06,Brock Badgers,Windsor Lancers,,Tim Somerville,Ethan Lawhead,R,R,Fastball,Called Strike,,,111,0.381161984,0.719348489
4,0,0,1,'0-1,2026-09-06,Brock Badgers,Windsor Lancers,,Tim Somerville,Ethan Lawhead,R,R,Breaking Ball,Single,Fly Ball,Straightaway,111,-0.476253756,0.17484123
4,0,0,0,'0-0,2026-09-06,Brock Badgers,Windsor Lancers,,Liam Riley,Ethan Lawhead,R,R,Fastball,Single,Ground Ball,Pull,111,0.381161984,0.127492773
4,0,0,0,'0-0,2026-09-06,Brock Badgers,Windsor Lancers,,Jack Shannon,Ethan Lawhead,R,R,Fastball,Double Play,Ground Ball,Straightaway,111,0.221642777,0.458931974
4,2,0,0,'0-0,2026-09-06,Brock Badgers,Windsor Lancers,,Adam Geddes,Ethan Lawhead,L,R,Fastball,Single,Ground Ball,Opposite Field,1,-0.496193657,0.853502452
4,2,0,0,'0-0,2026-09-06,Brock Badgers,Windsor Lancers,,Gavin Taylor,Ethan Lawhead,R,R,Fastball,Hit By Pitch,,,100,-1.612828108,0.656217213
4,2,0,0,'0-0,2026-09-06,Brock Badgers,Windsor Lancers,,Kade Falardeau,Ethan Lawhead,R,R,Fastball,Called Strike,,,110,0.799899904,0.664108622
4,2,0,1,'0-1,2026-09-06,Brock Badgers,Windsor Lancers,,Kade Falardeau,Ethan Lawhead,R,R,,Additional Out,,,0,,
5,0,0,0,'0-0,2026-09-06,Windsor Lancers,Brock Badgers,,Gannon Djekic,Max Burroughsford,L,R,Fastball,Single,Ground Ball,Pull,0,-0.456313855,0.308995192
5,0,0,0,'0-0,2026-09-06,Windsor Lancers,Brock Badgers,,Tennyson Seguin,Max Burroughsford,L,R,Changeup,Ball,,,100,-0.914931576,-0.243403476
5,0,1,0,'1-0,2026-09-06,Windsor Lancers,Brock Badgers,,Tennyson Seguin,Max Burroughsford,L,R,Changeup,Swinging Strike,,,100,-0.35661435,-0.125032333
5,0,1,1,'1-1,2026-09-06,Windsor Lancers,Brock Badgers,,Tennyson Seguin,Max Burroughsford,L,R,Fastball,Ball,,,100,-1.413429099,0.782479766
5,0,2,1,'2-1,2026-09-06,Windsor Lancers,Brock Badgers,,Tennyson Seguin,Max Burroughsford,L,R,Fastball,Foul,,,100,-0.635772963,0.064361496
5,0,2,2,'2-2,2026-09-06,Windsor Lancers,Brock Badgers,,Tennyson Seguin,Max Burroughsford,L,R,Fastball,Strikeout Swinging,,,100,-0.57595326,0.861393861
5,1,0,0,'0-0,2026-09-06,Windsor Lancers,Brock Badgers,,Matteo Tedesco,Max Burroughsford,R,R,Fastball,Groundout,Ground Ball,Pull,10,0.30140238,0.435257745
5,2,0,0,'0-0,2026-09-06,Windsor Lancers,Brock Badgers,,Parker Starkiss,Max Burroughsford,R,R,Slider,Ball,,,1,0.540681192,-0.330208981
5,2,1,0,'1-0,2026-09-06,Windsor Lancers,Brock Badgers,,Parker Starkiss,Max Burroughsford,R,R,Fastball,Called Strike,,,1,0.401101885,0.719348489
5,2,1,1,'1-1,2026-09-06,Windsor Lancers,Brock Badgers,,Parker Starkiss,Max Burroughsford,R,R,Fastball,Called Strike,,,1,0.700200399,0.277429554
5,2,1,2,'1-2,2026-09-06,Windsor Lancers,Brock Badgers,,Parker Starkiss,Max Burroughsford,R,R,Fastball,Strikeout Looking,,,1,0.421041786,0.640434394
5,0,0,0,'0-0,2026-09-06,Brock Badgers,Windsor Lancers,,Jaxon Price,Ethan Lawhead,R,R,Fastball,Single,Fly Ball,Straightaway,0,0.30140238,0.585194527
5,0,0,0,'0-0,2026-09-06,Brock Badgers,Windsor Lancers,1.58,Jack Cohen,Ethan Lawhead,R,R,Breaking Ball,Called Strike,,,100,0.440981687,0.798262585
5,0,0,1,'0-1,2026-09-06,Brock Badgers,Windsor Lancers,"1,43",Jack Cohen,Ethan Lawhead,R,R,Fastball,Ball,,,100,1.398096931,-0.227620657
5,0,1,1,'1-1,2026-09-06,Brock Badgers,Windsor Lancers,,Jack Cohen,Ethan Lawhead,R,R,Fastball,Flyout,Fly Ball,Opposite Field,100,0.421041786,0.695674261
5,1,0,0,'0-0,2026-09-06,Brock Badgers,Windsor Lancers,,Flynn Matheson,Ethan Lawhead,R,R,Breaking Ball,Single,Fly Ball,Pull,100,0.28146248,0.553628889
5,1,0,0,'0-0,2026-09-06,Brock Badgers,Windsor Lancers,,Colin Mockford,Ethan Lawhead,L,R,Fastball,Ball,,,110,0.421041786,1.082353329
5,1,1,0,'1-0,2026-09-06,Brock Badgers,Windsor Lancers,,Colin Mockford,Ethan Lawhead,L,R,Fastball,Ball,,,110,1.37815703,0.664108622
5,1,2,0,'2-0,2026-09-06,Brock Badgers,Windsor Lancers,,Colin Mockford,Ethan Lawhead,L,R,Fastball,Ball,,,110,-1.373549297,0.640434394
5,1,3,0,'3-0,2026-09-06,Brock Badgers,Windsor Lancers,,Colin Mockford,Ethan Lawhead,L,R,Fastball,Walk,,,110,-0.655712864,1.121810376
5,1,0,0,'0-0,2026-09-06,Brock Badgers,Windsor Lancers,,Tim Somerville,Ethan Lawhead,R,R,Fastball,Ball,,,111,0.760020102,1.098136148
5,1,1,0,'1-0,2026-09-06,Brock Badgers,Windsor Lancers,,Tim Somerville,Ethan Lawhead,R,R,Breaking Ball,Groundout,Ground Ball,Pull,111,0.321342281,0.261646735
5,2,0,0,'0-0,2026-09-06,Brock Badgers,Windsor Lancers,,Liam Riley,Ethan Lawhead,R,R,Breaking Ball,Ball,,,111,0.520741291,1.121810376
5,2,1,0,'1-0,2026-09-06,Brock Badgers,Windsor Lancers,,Liam Riley,Ethan Lawhead,R,R,Fastball,Single,Ground Ball,Pull,111,0.28146248,0.119601363
1,0,0,0,'0-0,2026-09-12,Brock Badgers,U of T Varsity Blues,,Kade Falardeau,Kenny Leung,R,R,Fastball,Ball,,,0,0.839779705,1.129701786
1,0,1,0,'1-0,2026-09-12,Brock Badgers,U of T Varsity Blues,,Kade Falardeau,Kenny Leung,R,R,Fastball,Foul,,,0,0.401101885,0.774588356
1,0,1,1,'1-1,2026-09-12,Brock Badgers,U of T Varsity Blues,,Kade Falardeau,Kenny Leung,R,R,Breaking Ball,Called Strike,,,0,-0.336674449,0.672000032
1,0,1,2,'1-2,2026-09-12,Brock Badgers,U of T Varsity Blues,,Kade Falardeau,Kenny Leung,R,R,Fastball,Flyout,Fly Ball,Pull,0,-0.456313855,0.380017878
1,1,0,0,'0-0,2026-09-12,Brock Badgers,U of T Varsity Blues,,Nolan Phelan,Kenny Leung,R,R,Breaking Ball,Flyout,Fly Ball,Pull,0,-0.516133557,0.18273264
1,2,0,0,'0-0,2026-09-12,Brock Badgers,U of T Varsity Blues,,Jaden Leeder,Kenny Leung,R,R,Breaking Ball,Ball,,,0,1.318337327,0.127492773
1,2,1,0,'1-0,2026-09-12,Brock Badgers,U of T Varsity Blues,,Jaden Leeder,Kenny Leung,R,R,Fastball,Groundout,Ground Ball,Pull,0,0.341282182,0.924525138
1,0,0,0,'0-0,2026-09-12,U of T Varsity Blues,Brock Badgers,,Tomoki Yamamoto,Evan Marks,L,R,Fastball,Ball,,,0,-1.572948306,1.066570509
1,0,1,0,'1-0,2026-09-12,U of T Varsity Blues,Brock Badgers,,Tomoki Yamamoto,Evan Marks,L,R,Fastball,Called Strike,,,0,-0.675652765,0.656217213
1,0,1,1,'1-1,2026-09-12,U of T Varsity Blues,Brock Badgers,,Tomoki Yamamoto,Evan Marks,L,R,Fastball,Ball,,,0,-1.433369,0.159058411
1,0,2,1,'2-1,2026-09-12,U of T Varsity Blues,Brock Badgers,,Tomoki Yamamoto,Evan Marks,L,R,Splitter,Swinging Strike,,,0,-0.396494152,0.18273264
1,0,2,2,'2-2,2026-09-12,U of T Varsity Blues,Brock Badgers,,Tomoki Yamamoto,Evan Marks,L,R,Splitter,Dropped Third Strike Swinging,,,0,-0.197095143,-0.306534753
1,0,0,0,'0-0,2026-09-12,U of T Varsity Blues,Brock Badgers,,Haven Tai,Evan Marks,L,R,Splitter,Ball,,,0,-1.732467514,0.656217213
1,0,1,0,'1-0,2026-09-12,U of T Varsity Blues,Brock Badgers,,Haven Tai,Evan Marks,L,R,Splitter,Swinging Strike,,,0,-0.635772963,0.790371175
1,0,1,1,'1-1,2026-09-12,U of T Varsity Blues,Brock Badgers,,Haven Tai,Evan Marks,L,R,Splitter,Foul,,,0,-1.21403009,0.806153994
1,0,1,2,'1-2,2026-09-12,U of T Varsity Blues,Brock Badgers,,Haven Tai,Evan Marks,L,R,Splitter,Foul,,,0,-0.635772963,0.151167001
1,0,1,2,'1-2,2026-09-12,U of T Varsity Blues,Brock Badgers,,Haven Tai,Evan Marks,L,R,Splitter,Flyout,Fly Ball,Straightaway,0,-0.57595326,0.285320964
1,1,0,0,'0-0,2026-09-12,U of T Varsity Blues,Brock Badgers,,Elias Rubio Reyes,Evan Marks,R,R,Fastball,Foul,,,0,-0.615833062,0.743022718
1,1,0,1,'0-1,2026-09-12,U of T Varsity Blues,Brock Badgers,,Elias Rubio Reyes,Evan Marks,R,R,Cutter,Ball,,,0,0.580560993,-0.219729248
1,1,1,1,'1-1,2026-09-12,U of T Varsity Blues,Brock Badgers,,Elias Rubio Reyes,Evan Marks,R,R,Fastball,Ball,,,0,-1.373549297,0.829828223
1,1,2,1,'2-1,2026-09-12,U of T Varsity Blues,Brock Badgers,,Elias Rubio Reyes,Evan Marks,R,R,Cutter,Swinging Strike,,,0,0.640380696,0.395800698
1,1,2,2,'2-2,2026-09-12,U of T Varsity Blues,Brock Badgers,,Elias Rubio Reyes,Evan Marks,R,R,Cutter,Strikeout Looking,,,0,0.799899904,0.293212373
1,2,0,0,'0-0,2026-09-12,U of T Varsity Blues,Brock Badgers,,Woochan Nam,Evan Marks,R,R,Fastball,Foul,,,0,0.341282182,0.364235059
1,2,0,1,'0-1,2026-09-12,U of T Varsity Blues,Brock Badgers,,Woochan Nam,Evan Marks,R,R,Fastball,Groundout,Ground Ball,Pull,0,-0.635772963,0.135384182
2,0,0,0,'0-0,2026-09-12,Brock Badgers,U of T Varsity Blues,,Flynn Matheson,Kenny Leung,R,R,Fastball,Swinging Strike,,,0,0.480861489,0.845611042
2,0,0,1,'0-1,2026-09-12,Brock Badgers,U of T Varsity Blues,,Flynn Matheson,Kenny Leung,R,R,Fastball,Ball,,,0,-0.13727544,-0.409123077
2,0,1,1,'1-1,2026-09-12,Brock Badgers,U of T Varsity Blues,,Flynn Matheson,Kenny Leung,R,R,Breaking Ball,Ball,,,0,-0.13727544,-0.409123077
2,0,2,1,'2-1,2026-09-12,Brock Badgers,U of T Varsity Blues,,Flynn Matheson,Kenny Leung,R,R,Fastball,Ball,,,0,1.537676238,0.245863916
2,0,3,1,'3-1,2026-09-12,Brock Badgers,U of T Varsity Blues,,Flynn Matheson,Kenny Leung,R,R,Fastball,Foul,,,0,-0.296794647,1.255964339
2,0,3,2,'3-2,2026-09-12,Brock Badgers,U of T Varsity Blues,,Flynn Matheson,Kenny Leung,R,R,Fastball,Strikeout Looking,,,0,-0.476253756,0.687782851
2,1,0,0,'0-0,2026-09-12,Brock Badgers,U of T Varsity Blues,,Josh Frazer,Kenny Leung,L,R,Fastball,Hit By Pitch,,,0,0.620440795,0.679891441
2,1,0,0,'0-0,2026-09-12,Brock Badgers,U of T Varsity Blues,,Brady Campbell,Kenny Leung,R,R,Fastball,Foul,,,100,1.358217129,-0.369666029
2,1,0,1,'0-1,2026-09-12,Brock Badgers,U of T Varsity Blues,1.21,Brady Campbell,Kenny Leung,R,R,Fastball,Ball,,,100,-0.675652765,0.806153994
2,1,1,1,'1-1,2026-09-12,Brock Badgers,U of T Varsity Blues,1.24,Brady Campbell,Kenny Leung,R,R,Fastball,Ball,,,100,-0.476253756,1.113918967
2,1,2,1,'2-1,2026-09-12,Brock Badgers,U of T Varsity Blues,,Brady Campbell,Kenny Leung,R,R,,Caught Stealing,,,100,-0.99469118,1.098136148
2,2,2,1,'2-1,2026-09-12,Brock Badgers,U of T Varsity Blues,,Brady Campbell,Kenny Leung,R,R,Breaking Ball,Ball,,,0,-0.456313855,1.216507291
2,2,3,1,'3-1,2026-09-12,Brock Badgers,U of T Varsity Blues,,Brady Campbell,Kenny Leung,R,R,Fastball,Walk,,,0,-0.456313855,1.279638567
2,2,0,0,'0-0,2026-09-12,Brock Badgers,U of T Varsity Blues,,Jaxon Price,Kenny Leung,R,R,Fastball,Ball,,,100,-1.513128604,0.916633728
2,2,1,0,'1-0,2026-09-12,Brock Badgers,U of T Varsity Blues,,Jaxon Price,Kenny Leung,R,R,Breaking Ball,Ball,,,100,0.799899904,-0.409123077
2,2,2,0,'2-0,2026-09-12,Brock Badgers,U of T Varsity Blues,,Jaxon Price,Kenny Leung,R,R,Fastball,Called Strike,,,100,-1.094390684,0.853502452
2,2,2,1,'2-1,2026-09-12,Brock Badgers,U of T Varsity Blues,,Jaxon Price,Kenny Leung,R,R,Fastball,Ball,,,100,0.660320597,-0.132923743
2,2,3,1,'3-1,2026-09-12,Brock Badgers,U of T Varsity Blues,,Jaxon Price,Kenny Leung,R,R,Fastball,Called Strike,,,100,1.138878219,0.640434394
2,2,3,2,'3-2,2026-09-12,Brock Badgers,U of T Varsity Blues,,Jaxon Price,Kenny Leung,R,R,Fastball,Strikeout Swinging,,,100,-0.695592666,0.34845224
2,0,0,0,'0-0,2026-09-12,U of T Varsity Blues,Brock Badgers,,Jack Barber,Evan Marks,R,R,Fastball,Foul,,,0,-1.433369,0.837719632
2,0,0,1,'0-1,2026-09-12,U of T Varsity Blues,Brock Badgers,,Jack Barber,Evan Marks,R,R,Fastball,Foul,,,0,-0.456313855,0.316886602
2,0,0,2,'0-2,2026-09-12,U of T Varsity Blues,Brock Badgers,,Jack Barber,Evan Marks,R,R,Cutter,Ball,,,0,0.760020102,-0.188163609
2,0,1,2,'1-2,2026-09-12,U of T Varsity Blues,Brock Badgers,,Jack Barber,Evan Marks,R,R,Fastball,Ball,,,0,-0.934871477,1.137593195
2,0,2,2,'2-2,2026-09-12,U of T Varsity Blues,Brock Badgers,,Jack Barber,Evan Marks,R,R,Splitter,Strikeout Swinging,,,0,-0.57595326,-0.148706562
2,1,0,0,'0-0,2026-09-12,U of T Varsity Blues,Brock Badgers,,Peter Zidros,Evan Marks,R,R,Fastball,Flyout,Fly Ball,Straightaway,0,0.28146248,0.419474926
2,2,0,0,'0-0,2026-09-12,U of T Varsity Blues,Brock Badgers,,Elis Johnson,Evan Marks,R,R,Fastball,Groundout,Ground Ball,Pull,0,-0.556013359,0.18273264
3,0,0,0,'0-0,2026-09-12,Brock Badgers,U of T Varsity Blues,,Jack Shannon,Kenny Leung,R,R,Breaking Ball,Called Strike,,,0,0.580560993,0.261646735
3,0,0,1,'0-1,2026-09-12,Brock Badgers,U of T Varsity Blues,,Jack Shannon,Kenny Leung,R,R,Breaking Ball,Called Strike,,,0,-0.655712864,0.435257745
3,0,0,2,'0-2,2026-09-12,Brock Badgers,U of T Varsity Blues,,Jack Shannon,Kenny Leung,R,R,Fastball,Ball,,,0,0.93947921,-0.290751934
3,0,1,2,'1-2,2026-09-12,Brock Badgers,U of T Varsity Blues,,Jack Shannon,Kenny Leung,R,R,Breaking Ball,Ball,,,0,1.198697922,-0.53538563
3,0,2,2,'2-2,2026-09-12,Brock Badgers,U of T Varsity Blues,,Jack Shannon,Kenny Leung,R,R,Fastball,Ball,,,0,-0.655712864,1.169158834
3,0,3,2,'3-2,2026-09-12,Brock Badgers,U of T Varsity Blues,,Jack Shannon,Kenny Leung,R,R,Fastball,Single,Line Drive,Opposite Field,0,0.30140238,0.963982185
3,0,0,0,'0-0,2026-09-12,Brock Badgers,U of T Varsity Blues,,Adam Geddes,Kenny Leung,L,R,Fastball,Groundout,Ground Ball,Straightaway,100,-0.376554251,0.766696947
3,1,0,0,'0-0,2026-09-12,Brock Badgers,U of T Varsity Blues,,Kade Falardeau,Kenny Leung,R,R,Fastball,Single,Line Drive,Opposite Field,10,-0.436373954,0.664108622
3,1,0,0,'0-0,2026-09-12,Brock Badgers,U of T Varsity Blues,,Nolan Phelan,Kenny Leung,R,R,Breaking Ball,Flyout,Fly Ball,Straightaway,10,0.28146248,0.166949821
3,2,0,0,'0-0,2026-09-12,Brock Badgers,U of T Varsity Blues,,Jaden Leeder,Kenny Leung,R,R,Breaking Ball,Ball,,,10,0.919539309,-0.53538563
3,2,1,0,'1-0,2026-09-12,Brock Badgers,U of T Varsity Blues,,Jaden Leeder,Kenny Leung,R,R,Fastball,Ball,,,10,-0.536073458,1.145484605
3,2,2,0,'2-0,2026-09-12,Brock Badgers,U of T Varsity Blues,,Jaden Leeder,Kenny Leung,R,R,Fastball,Single,Ground Ball,Pull,10,0.401101885,0.687782851
3,2,0,0,'0-0,2026-09-12,Brock Badgers,U of T Varsity Blues,,Flynn Matheson,Kenny Leung,R,R,Breaking Ball,Called Strike,,,100,-0.476253756,0.561520298
3,2,0,1,'0-1,2026-09-12,Brock Badgers,U of T Varsity Blues,,Flynn Matheson,Kenny Leung,R,R,Breaking Ball,Ball,,,100,-1.413429099,1.098136148
3,2,1,1,'1-1,2026-09-12,Brock Badgers,U of T Varsity Blues,,Flynn Matheson,Kenny Leung,R,R,Fastball,Ball,,,100,0.540681192,1.137593195
3,2,2,1,'2-1,2026-09-12,Brock Badgers,U of T Varsity Blues,,Flynn Matheson,Kenny Leung,R,R,Fastball,Swinging Strike,,,100,-0.735472468,1.129701786
3,2,2,2,'2-2,2026-09-12,Brock Badgers,U of T Varsity Blues,,Flynn Matheson,Kenny Leung,R,R,Fastball,Ball,,,100,-0.396494152,1.200724472
3,2,3,2,'3-2,2026-09-12,Brock Badgers,U of T Varsity Blues,,Flynn Matheson,Kenny Leung,R,R,Fastball,Walk,,,100,-0.496193657,-0.251294886
3,2,0,0,'0-0,2026-09-12,Brock Badgers,U of T Varsity Blues,,Josh Frazer,Kenny Leung,L,R,Fastball,Ball,,,110,0.859719606,-0.298643343
3,2,1,0,'1-0,2026-09-12,Brock Badgers,U of T Varsity Blues,,Josh Frazer,Kenny Leung,L,R,Fastball,Swinging Strike,,,110,-0.695592666,0.656217213
3,2,1,1,'1-1,2026-09-12,Brock Badgers,U of T Varsity Blues,,Josh Frazer,Kenny Leung,L,R,Fastball,Lineout,Line Drive,Straightaway,110,-0.376554251,0.916633728
3,0,0,0,'0-0,2026-09-12,U of T Varsity Blues,Brock Badgers,,Paul Verman,Evan Marks,L,R,Fastball,Flyout,Fly Ball,Straightaway,0,-0.675652765,0.719348489
3,1,0,0,'0-0,2026-09-12,U of T Varsity Blues,Brock Badgers,,Jalen Worthen,Evan Marks,R,R,Fastball,Foul,,,0,-1.433369,0.908742318
3,1,0,1,'0-1,2026-09-12,U of T Varsity Blues,Brock Badgers,,Jalen Worthen,Evan Marks,R,R,Splitter,Ball,,,0,-1.233969991,0.837719632
3,1,1,1,'1-1,2026-09-12,U of T Varsity Blues,Brock Badgers,,Jalen Worthen,Evan Marks,R,R,Fastball,Swinging Strike,,,0,0.201702876,0.798262585
3,1,1,2,'1-2,2026-09-12,U of T Varsity Blues,Brock Badgers,,Jalen Worthen,Evan Marks,R,R,Fastball,Ball,,,0,0.221642777,1.169158834
3,1,2,2,'2-2,2026-09-12,U of T Varsity Blues,Brock Badgers,,Jalen Worthen,Evan Marks,R,R,Splitter,Ball,,,0,0.480861489,-0.306534753
3,1,3,2,'3-2,2026-09-12,U of T Varsity Blues,Brock Badgers,,Jalen Worthen,Evan Marks,R,R,Fastball,Flyout,Fly Ball,Pull,0,-0.556013359,0.600977346
3,2,0,0,'0-0,2026-09-12,U of T Varsity Blues,Brock Badgers,,Tomoki Yamamoto,Evan Marks,L,R,Splitter,Swinging Strike,,,0,-0.236974945,0.111709954
3,2,0,1,'0-1,2026-09-12,U of T Varsity Blues,Brock Badgers,,Tomoki Yamamoto,Evan Marks,L,R,Splitter,Swinging Strike,,,0,0.401101885,0.103818544
3,2,0,2,'0-2,2026-09-12,U of T Varsity Blues,Brock Badgers,,Tomoki Yamamoto,Evan Marks,L,R,Splitter,Error,Ground Ball,Straightaway,0,-0.855111873,0.419474926
3,2,0,0,'0-0,2026-09-12,U of T Varsity Blues,Brock Badgers,,Haven Tai,Evan Marks,L,R,Fastball,Ball,,,100,-0.735472468,1.098136148
3,2,1,0,'1-0,2026-09-12,U of T Varsity Blues,Brock Badgers,,Haven Tai,Evan Marks,L,R,Fastball,Ball,,,100,-1.433369,1.090244738
3,2,2,0,'2-0,2026-09-12,U of T Varsity Blues,Brock Badgers,,Haven Tai,Evan Marks,L,R,Splitter,Called Strike,,,100,-0.695592666,0.18273264
3,2,2,1,'2-1,2026-09-12,U of T Varsity Blues,Brock Badgers,,Haven Tai,Evan Marks,L,R,Splitter,Single,Fly Ball,Opposite Field,10,0.361222083,-0.203946429
3,2,0,0,'0-0,2026-09-12,U of T Varsity Blues,Brock Badgers,,Elias Rubio Reyes,Evan Marks,R,R,Fastball,Groundout,Ground Ball,Pull,100,0.241582678,0.656217213
4,0,0,0,'0-0,2026-09-12,Brock Badgers,U of T Varsity Blues,,Brady Campbell,Kenny Leung,R,R,Breaking Ball,Ball,,,0,1.218637823,0.387909288
4,0,1,0,'1-0,2026-09-12,Brock Badgers,U of T Varsity Blues,,Brady Campbell,Kenny Leung,R,R,Fastball,Flyout,Fly Ball,Straightaway,0,-0.595893161,0.364235059
4,1,0,0,'0-0,2026-09-12,Brock Badgers,U of T Varsity Blues,,Jaxon Price,Kenny Leung,R,R,Fastball,Ball,,,0,-0.875051774,1.200724472
4,1,1,0,'1-0,2026-09-12,Brock Badgers,U of T Varsity Blues,,Jaxon Price,Kenny Leung,R,R,Fastball,Groundout,Ground Ball,Pull,0,0.401101885,0.561520298
4,2,0,0,'0-0,2026-09-12,Brock Badgers,U of T Varsity Blues,,Jack Shannon,Kenny Leung,R,R,Breaking Ball,Ball,,,0,-0.296794647,1.303312796
4,2,1,0,'1-0,2026-09-12,Brock Badgers,U of T Varsity Blues,,Jack Shannon,Kenny Leung,R,R,Fastball,Ball,,,0,1.238577724,0.758805537
4,2,2,0,'2-0,2026-09-12,Brock Badgers,U of T Varsity Blues,,Jack Shannon,Kenny Leung,R,R,Fastball,Ball,,,0,0.480861489,-0.464362944
4,2,3,0,'3-0,2026-09-12,Brock Badgers,U of T Varsity Blues,,Jack Shannon,Kenny Leung,R,R,Fastball,Called Strike,,,0,-0.556013359,0.679891441
4,2,3,1,'3-1,2026-09-12,Brock Badgers,U of T Varsity Blues,,Jack Shannon,Kenny Leung,R,R,Fastball,Called Strike,,,0,0.620440795,0.798262585
4,2,3,2,'3-2,2026-09-12,Brock Badgers,U of T Varsity Blues,,Jack Shannon,Kenny Leung,R,R,Fastball,Error,Ground Ball,Pull,0,0.361222083,0.18273264
4,2,0,0,'0-0,2026-09-12,Brock Badgers,U of T Varsity Blues,,Adam Geddes,Kenny Leung,L,R,Fastball,Ball,,,0,-1.592888207,1.098136148
4,2,1,0,'1-0,2026-09-12,Brock Badgers,U of T Varsity Blues,,Adam Geddes,Kenny Leung,L,R,Fastball,Groundout,Ground Ball,Straightaway,0,-0.595893161,0.245863916
4,0,0,0,'0-0,2026-09-12,U of T Varsity Blues,Brock Badgers,,Woochan Nam,Evan Marks,R,R,Fastball,Called Strike,,,0,0.181762975,0.269538145
4,0,0,1,'0-1,2026-09-12,U of T Varsity Blues,Brock Badgers,,Woochan Nam,Evan Marks,R,R,Splitter,Foul,,,0,-0.775352269,0.427366336
4,0,0,2,'0-2,2026-09-12,U of T Varsity Blues,Brock Badgers,,Woochan Nam,Evan Marks,R,R,Splitter,Strikeout Swinging,,,0,0.520741291,-0.235512067
4,1,0,0,'0-0,2026-09-12,U of T Varsity Blues,Brock Badgers,,Jack Barber,Evan Marks,R,R,Fastball,Foul,,,0,-0.276854746,0.821936813
4,1,0,1,'0-1,2026-09-12,U of T Varsity Blues,Brock Badgers,,Jack Barber,Evan Marks,R,R,Cutter,Swinging Strike,,,0,0.141883173,0.474714793
4,1,0,2,'0-2,2026-09-12,U of T Varsity Blues,Brock Badgers,,Jack Barber,Evan Marks,R,R,Splitter,Strikeout Swinging,,,0,-0.556013359,-0.1802722
4,2,0,0,'0-0,2026-09-12,U of T Varsity Blues,Brock Badgers,,Peter Zidros,Evan Marks,R,R,Splitter,Foul,,,0,-0.456313855,0.18273264
4,2,0,1,'0-1,2026-09-12,U of T Varsity Blues,Brock Badgers,,Peter Zidros,Evan Marks,R,R,Cutter,Ball,,,0,0.760020102,0.261646735
4,2,1,1,'1-1,2026-09-12,U of T Varsity Blues,Brock Badgers,,Peter Zidros,Evan Marks,R,R,Fastball,Groundout,Ground Ball,Pull,0,-0.655712864,0.253755326
5,0,0,0,'0-0,2026-09-12,Brock Badgers,U of T Varsity Blues,,Kade Falardeau,Max Hernandez,R,R,Fastball,Ball,,,0,0.241582678,1.129701786
5,0,1,0,'1-0,2026-09-12,Brock Badgers,U of T Varsity Blues,,Kade Falardeau,Max Hernandez,R,R,Fastball,Ball,,,0,-1.433369,0.861393861
5,0,2,0,'2-0,2026-09-12,Brock Badgers,U of T Varsity Blues,,Kade Falardeau,Max Hernandez,R,R,Fastball,Ball,,,0,-0.635772963,1.137593195
5,0,3,0,'3-0,2026-09-12,Brock Badgers,U of T Varsity Blues,,Kade Falardeau,Max Hernandez,R,R,Fastball,Walk,,,0,-0.376554251,1.145484605
5,0,0,0,'0-0,2026-09-12,Brock Badgers,U of T Varsity Blues,,Liam Riley,Max Hernandez,R,R,Fastball,Ball,,,100,-0.536073458,1.366444072
5,0,1,0,'1-0,2026-09-12,Brock Badgers,U of T Varsity Blues,,Liam Riley,Max Hernandez,R,R,Fastball,Ball,,,100,1.418036832,-0.322317572
5,0,2,0,'2-0,2026-09-12,Brock Badgers,U of T Varsity Blues,,Liam Riley,Max Hernandez,R,R,Fastball,Ball,,,100,0.620440795,1.216507291
5,0,3,0,'3-0,2026-09-12,Brock Badgers,U of T Varsity Blues,,Liam Riley,Max Hernandez,R,R,Fastball,Walk,,,100,-0.655712864,1.137593195
5,0,0,0,'0-0,2026-09-12,Brock Badgers,U of T Varsity Blues,,Jaden Leeder,Max Hernandez,R,R,Fastball,Ball,,,110,-1.174150288,1.192833062
5,0,1,0,'1-0,2026-09-12,Brock Badgers,U of T Varsity Blues,,Jaden Leeder,Max Hernandez,R,R,Fastball,Ball,,,110,-1.433369,0.340560831
5,0,2,0,'2-0,2026-09-12,Brock Badgers,U of T Varsity Blues,,Jaden Leeder,Max Hernandez,R,R,Fastball,Ball,,,110,-0.256914845,-0.109249514
5,0,3,0,'3-0,2026-09-12,Brock Badgers,U of T Varsity Blues,,Jaden Leeder,Max Hernandez,R,R,Fastball,Called Strike,,,110,-0.715532567,0.648325803
5,0,3,1,'3-1,2026-09-12,Brock Badgers,U of T Varsity Blues,,Jaden Leeder,Max Hernandez,R,R,Fastball,Walk,,,110,0.799899904,-0.417014486
5,0,0,0,'0-0,2026-09-12,Brock Badgers,U of T Varsity Blues,,Flynn Matheson,Taisei Hihara,R,L,Fastball,Sacrifice Fly,Fly Ball,Straightaway,111,0.440981687,0.735131308
5,1,0,0,'0-0,2026-09-12,Brock Badgers,U of T Varsity Blues,,Colin Mockford,Taisei Hihara,L,L,Fastball,Ball,,,101,0.600500894,-0.259186295
5,1,1,0,'1-0,2026-09-12,Brock Badgers,U of T Varsity Blues,,Colin Mockford,Taisei Hihara,L,L,Fastball,Called Strike,,,101,-0.675652765,0.632542984
5,1,1,1,'1-1,2026-09-12,Brock Badgers,U of T Varsity Blues,,Colin Mockford,Taisei Hihara,L,L,Breaking Ball,Called Strike,,,101,-0.815232071,0.324778012
5,1,1,2,'1-2,2026-09-12,Brock Badgers,U of T Varsity Blues,,Colin Mockford,Taisei Hihara,L,L,Breaking Ball,Popout,Pop Up,Opposite Field,101,-0.556013359,0.324778012
5,2,0,0,'0-0,2026-09-12,Brock Badgers,U of T Varsity Blues,,Brady Campbell,Taisei Hihara,R,L,Breaking Ball,Ball,,,101,-0.855111873,-0.282860524
5,2,1,0,'1-0,2026-09-12,Brock Badgers,U of T Varsity Blues,,Brady Campbell,Taisei Hihara,R,L,Fastball,Foul,,,101,-0.57595326,0.222189687
5,2,1,1,'1-1,2026-09-12,Brock Badgers,U of T Varsity Blues,,Brady Campbell,Taisei Hihara,R,L,Offspeed,Swinging Strike,,,101,0.93947921,-0.125032333
5,2,1,2,'1-2,2026-09-12,Brock Badgers,U of T Varsity Blues,,Brady Campbell,Taisei Hihara,R,L,Offspeed,Ball,,,101,1.557616139,0.048578677
5,2,2,2,'2-2,2026-09-12,Brock Badgers,U of T Varsity Blues,,Brady Campbell,Taisei Hihara,R,L,Fastball,Foul,,,101,-0.276854746,0.127492773
5,2,2,2,'2-2,2026-09-12,Brock Badgers,U of T Varsity Blues,,Brady Campbell,Taisei Hihara,R,L,Fastball,Ball,,,101,0.08206347,1.192833062
5,2,3,2,'3-2,2026-09-12,Brock Badgers,U of T Varsity Blues,,Brady Campbell,Taisei Hihara,R,L,Fastball,Walk,,,101,0.799899904,1.192833062
5,2,0,0,'0-0,2026-09-12,Brock Badgers,U of T Varsity Blues,,Jaxon Price,Taisei Hihara,R,L,Fastball,Ball,,,111,0.959419111,1.113918967
5,2,1,0,'1-0,2026-09-12,Brock Badgers,U of T Varsity Blues,,Jaxon Price,Taisei Hihara,R,L,Fastball,Foul,,,111,-0.456313855,0.861393861
5,2,1,1,'1-1,2026-09-12,Brock Badgers,U of T Varsity Blues,,Jaxon Price,Taisei Hihara,R,L,Breaking Ball,Foul,,,111,-0.177155242,0.230081097
5,2,1,2,'1-2,2026-09-12,Brock Badgers,U of T Varsity Blues,,Jaxon Price,Taisei Hihara,R,L,Fastball,Foul,,,111,0.440981687,0.861393861
5,2,1,2,'1-2,2026-09-12,Brock Badgers,U of T Varsity Blues,,Jaxon Price,Taisei Hihara,R,L,Offspeed,Ball,,,111,1.15881812,-0.456471534
5,2,2,2,'2-2,2026-09-12,Brock Badgers,U of T Varsity Blues,,Jaxon Price,Taisei Hihara,R,L,Fastball,Foul,,,111,-0.336674449,0.159058411
5,2,2,2,'2-2,2026-09-12,Brock Badgers,U of T Varsity Blues,,Jaxon Price,Taisei Hihara,R,L,Fastball,Strikeout Swinging,,,111,0.760020102,0.70356567
5,0,0,0,'0-0,2026-09-12,U of T Varsity Blues,Brock Badgers,,Elis Johnson,Evan Marks,R,R,Splitter,Ball,,,0,-1.473248802,0.600977346
5,0,1,0,'1-0,2026-09-12,U of T Varsity Blues,Brock Badgers,,Elis Johnson,Evan Marks,R,R,Fastball,Foul,,,0,-0.735472468,0.35634365
5,0,1,1,'1-1,2026-09-12,U of T Varsity Blues,Brock Badgers,,Elis Johnson,Evan Marks,R,R,Splitter,Groundout,Ground Ball,Pull,0,-0.835171972,0.88506809
5,1,0,0,'0-0,2026-09-12,U of T Varsity Blues,Brock Badgers,,Paul Verman,Evan Marks,L,R,Cutter,Called Strike,,,0,-0.635772963,0.640434394
5,1,0,1,'0-1,2026-09-12,U of T Varsity Blues,Brock Badgers,,Paul Verman,Evan Marks,L,R,Splitter,Swinging Strike,,,0,-0.595893161,-0.322317572
5,1,0,2,'0-2,2026-09-12,U of T Varsity Blues,Brock Badgers,,Paul Verman,Evan Marks,L,R,Splitter,Ball,,,0,-1.732467514,0.316886602
5,1,1,2,'1-2,2026-09-12,U of T Varsity Blues,Brock Badgers,,Paul Verman,Evan Marks,L,R,Fastball,Error,,,0,-0.675652765,0.782479766
5,1,0,0,'0-0,2026-09-12,U of T Varsity Blues,Brock Badgers,,Jalen Worthen,Evan Marks,R,R,Cutter,Single,Ground Ball,Pull,100,0.620440795,0.308995192
5,1,0,0,'0-0,2026-09-12,U of T Varsity Blues,Brock Badgers,,Tomoki Yamamoto,Evan Marks,L,R,Fastball,Called Strike,,,110,0.401101885,0.166949821
5,1,0,1,'0-1,2026-09-12,U of T Varsity Blues,Brock Badgers,,Tomoki Yamamoto,Evan Marks,L,R,Splitter,Ball,,,110,-0.675652765,0.18273264
5,1,1,1,'1-1,2026-09-12,U of T Varsity Blues,Brock Badgers,,Tomoki Yamamoto,Evan Marks,L,R,Splitter,Single,Ground Ball,Pull,110,-0.655712864,0.190624049
5,1,0,0,'0-0,2026-09-12,U of T Varsity Blues,Brock Badgers,,Haven Tai,Evan Marks,L,R,Splitter,Flyout,Fly Ball,Straightaway,111,0.221642777,0.269538145
5,2,0,0,'0-0,2026-09-12,U of T Varsity Blues,Brock Badgers,,Elias Rubio Reyes,Evan Marks,R,R,Fastball,Called Strike,,,110,-0.256914845,0.17484123
5,2,0,1,'0-1,2026-09-12,U of T Varsity Blues,Brock Badgers,,Elias Rubio Reyes,Evan Marks,R,R,Splitter,Ball,,,110,0.580560993,-0.488037172
5,2,1,1,'1-1,2026-09-12,U of T Varsity Blues,Brock Badgers,,Elias Rubio Reyes,Evan Marks,R,R,Fastball,Foul,,,110,-0.655712864,0.443149155
5,2,1,2,'1-2,2026-09-12,U of T Varsity Blues,Brock Badgers,,Elias Rubio Reyes,Evan Marks,R,R,Fastball,Foul,,,110,0.181762975,0.782479766
5,2,1,2,'1-2,2026-09-12,U of T Varsity Blues,Brock Badgers,,Elias Rubio Reyes,Evan Marks,R,R,Splitter,Groundout,Ground Ball,Pull,110,-0.436373954,0.127492773
6,0,0,0,'0-0,2026-09-12,Brock Badgers,U of T Varsity Blues,,Jack Shannon,Taisei Hihara,R,L,Fastball,Called Strike,,,0,-0.256914845,0.829828223
6,0,0,1,'0-1,2026-09-12,Brock Badgers,U of T Varsity Blues,,Jack Shannon,Taisei Hihara,R,L,Breaking Ball,Ball,,,0,-0.416434053,-0.52749422
6,0,1,1,'1-1,2026-09-12,Brock Badgers,U of T Varsity Blues,,Jack Shannon,Taisei Hihara,R,L,Fastball,Foul,,,0,0.341282182,0.829828223
6,0,1,2,'1-2,2026-09-12,Brock Badgers,U of T Varsity Blues,,Jack Shannon,Taisei Hihara,R,L,Fastball,Flyout,Fly Ball,Opposite Field,0,0.28146248,0.600977346
6,1,0,0,'0-0,2026-09-12,Brock Badgers,U of T Varsity Blues,,Adam Geddes,Taisei Hihara,L,L,Fastball,Ball,,,0,-1.373549297,0.301103783
6,1,1,0,'1-0,2026-09-12,Brock Badgers,U of T Varsity Blues,,Adam Geddes,Taisei Hihara,L,L,Fastball,Called Strike,,,0,-0.715532567,0.506280431
6,1,1,1,'1-1,2026-09-12,Brock Badgers,U of T Varsity Blues,,Adam Geddes,Taisei Hihara,L,L,Fastball,Foul,,,0,-0.496193657,0.829828223
6,1,1,2,'1-2,2026-09-12,Brock Badgers,U of T Varsity Blues,,Adam Geddes,Taisei Hihara,L,L,Breaking Ball,Ball,,,0,-1.433369,-0.385448848
6,1,2,2,'2-2,2026-09-12,Brock Badgers,U of T Varsity Blues,,Adam Geddes,Taisei Hihara,L,L,Breaking Ball,Foul,,,0,-0.675652765,0.679891441
6,1,2,2,'2-2,2026-09-12,Brock Badgers,U of T Varsity Blues,,Adam Geddes,Taisei Hihara,L,L,Fastball,Single,Ground Ball,Pull,0,-0.715532567,0.561520298
6,1,0,0,'0-0,2026-09-12,Brock Badgers,U of T Varsity Blues,,Kade Falardeau,Taisei Hihara,R,L,Fastball,Single,Fly Ball,Opposite Field,100,-0.57595326,0.624651575
6,1,0,0,'0-0,2026-09-12,Brock Badgers,U of T Varsity Blues,,Liam Riley,Taisei Hihara,R,L,Fastball,Called Strike,,,110,0.680260498,0.372126469
6,1,0,1,'0-1,2026-09-12,Brock Badgers,U of T Varsity Blues,,Liam Riley,Taisei Hihara,R,L,Fastball,Foul,,,110,-0.436373954,0.159058411
6,1,0,2,'0-2,2026-09-12,Brock Badgers,U of T Varsity Blues,,Liam Riley,Taisei Hihara,R,L,Fastball,Ball,,,110,0.700200399,0.237972506
6,1,1,2,'1-2,2026-09-12,Brock Badgers,U of T Varsity Blues,,Liam Riley,Taisei Hihara,R,L,Fastball,Ball,,,110,0.50080139,1.145484605
6,1,2,2,'2-2,2026-09-12,Brock Badgers,U of T Varsity Blues,,Liam Riley,Taisei Hihara,R,L,Fastball,Ball,,,110,-1.712527613,0.127492773
6,1,3,2,'3-2,2026-09-12,Brock Badgers,U of T Varsity Blues,,Liam Riley,Taisei Hihara,R,L,Fastball,Ball,,,110,0.520741291,1.074461919
6,1,4,2,'4-2,2026-09-12,Brock Badgers,U of T Varsity Blues,,Jaden Leeder,Taisei Hihara,R,L,Fastball,Sacrifice Fly,Fly Ball,Opposite Field,110,0.401101885,0.758805537
6,2,0,0,'0-0,2026-09-12,Brock Badgers,U of T Varsity Blues,,Flynn Matheson,Taisei Hihara,R,L,Fastball,Groundout,Ground Ball,Straightaway,110,0.401101885,0.52995466
6,0,0,0,'0-0,2026-09-12,U of T Varsity Blues,Brock Badgers,,Woochan Nam,Evan Marks,R,R,Splitter,Swinging Strike,,,0,-0.556013359,-0.243403476
6,0,0,1,'0-1,2026-09-12,U of T Varsity Blues,Brock Badgers,,Woochan Nam,Evan Marks,R,R,Splitter,Swinging Strike,,,0,-1.433369,0.545737479
6,0,0,2,'0-2,2026-09-12,U of T Varsity Blues,Brock Badgers,,Woochan Nam,Evan Marks,R,R,Cutter,Strikeout Looking,,,0,0.640380696,0.608868755
6,1,0,0,'0-0,2026-09-12,U of T Varsity Blues,Brock Badgers,,Jack Barber,Evan Marks,R,R,Fastball,Foul,,,0,-0.715532567,0.608868755
6,1,0,1,'0-1,2026-09-12,U of T Varsity Blues,Brock Badgers,,Jack Barber,Evan Marks,R,R,Fastball,Called Strike,,,0,0.30140238,0.774588356
6,1,0,2,'0-2,2026-09-12,U of T Varsity Blues,Brock Badgers,,Jack Barber,Evan Marks,R,R,Cutter,Ball,,,0,0.959419111,-0.267077705
6,1,1,2,'1-2,2026-09-12,U of T Varsity Blues,Brock Badgers,,Jack Barber,Evan Marks,R,R,Fastball,Popout,Pop Up,Straightaway,0,-0.635772963,0.837719632
6,2,0,0,'0-0,2026-09-12,U of T Varsity Blues,Brock Badgers,,Peter Zidros,Evan Marks,R,R,Fastball,Flyout,Fly Ball,Pull,0,0.28146248,0.230081097
7,0,0,0,'0-0,2026-09-12,Brock Badgers,U of T Varsity Blues,,Colin Mockford,Tomoki Yamamoto,L,R,Fastball,Ball,,,0,-1.273849793,0.806153994
7,0,1,0,'1-0,2026-09-12,Brock Badgers,U of T Varsity Blues,,Colin Mockford,Tomoki Yamamoto,L,R,Fastball,Foul,,,0,-0.615833062,0.585194527
7,0,1,1,'1-1,2026-09-12,Brock Badgers,U of T Varsity Blues,,Colin Mockford,Tomoki Yamamoto,L,R,Fastball,Called Strike,,,0,-0.775352269,0.695674261
7,0,1,2,'1-2,2026-09-12,Brock Badgers,U of T Varsity Blues,,Colin Mockford,Tomoki Yamamoto,L,R,Fastball,Ball,,,0,-0.416434053,-0.330208981
7,0,2,2,'2-2,2026-09-12,Brock Badgers,U of T Varsity Blues,,Colin Mockford,Tomoki Yamamoto,L,R,Fastball,Single,Fly Ball,Straightaway,0,-0.775352269,0.569411708
7,0,0,0,'0-0,2026-09-12,Brock Badgers,U of T Varsity Blues,,Brady Campbell,Tomoki Yamamoto,R,R,Fastball,Ball,,,100,0.520741291,1.090244738
7,0,1,0,'1-0,2026-09-12,Brock Badgers,U of T Varsity Blues,,Brady Campbell,Tomoki Yamamoto,R,R,Fastball,Popout,Pop Up,Opposite Field,100,-0.316734548,0.600977346
7,1,0,0,'0-0,2026-09-12,Brock Badgers,U of T Varsity Blues,,Tim Somerville,Tomoki Yamamoto,R,R,Fastball,Ball,,,1,-1.513128604,0.743022718
7,1,1,0,'1-0,2026-09-12,Brock Badgers,U of T Varsity Blues,,Tim Somerville,Tomoki Yamamoto,R,R,Breaking Ball,Ball,,,1,0.560621092,-0.35388321
7,1,2,0,'2-0,2026-09-12,Brock Badgers,U of T Varsity Blues,,Tim Somerville,Tomoki Yamamoto,R,R,Fastball,Double,Line Drive,Pull,1,-0.436373954,0.766696947
7,1,0,0,'0-0,2026-09-12,Brock Badgers,U of T Varsity Blues,,Jack Shannon,Tomoki Yamamoto,R,R,Fastball,Ball,,,10,0.7201403,0.971873595
7,1,1,0,'1-0,2026-09-12,Brock Badgers,U of T Varsity Blues,,Jack Shannon,Tomoki Yamamoto,R,R,Breaking Ball,Ball,,,10,-0.755412369,1.208615881
7,1,2,0,'2-0,2026-09-12,Brock Badgers,U of T Varsity Blues,,Jack Shannon,Tomoki Yamamoto,R,R,Fastball,Foul,,,10,0.321342281,0.806153994
7,1,2,1,'2-1,2026-09-12,Brock Badgers,U of T Varsity Blues,,Jack Shannon,Tomoki Yamamoto,R,R,Fastball,Called Strike,,,10,0.08206347,0.301103783
7,1,2,2,'2-2,2026-09-12,Brock Badgers,U of T Varsity Blues,,Jack Shannon,Tomoki Yamamoto,R,R,Breaking Ball,Foul,,,10,0.361222083,0.103818544
7,1,2,2,'2-2,2026-09-12,Brock Badgers,U of T Varsity Blues,,Jack Shannon,Tomoki Yamamoto,R,R,Breaking Ball,Foul,,,10,0.440981687,0.52206325
7,1,2,2,'2-2,2026-09-12,Brock Badgers,U of T Varsity Blues,,Jack Shannon,Tomoki Yamamoto,R,R,Breaking Ball,Flyout,Fly Ball,Straightaway,10,0.221642777,0.585194527
7,2,0,0,'0-0,2026-09-12,Brock Badgers,U of T Varsity Blues,,Adam Geddes,Tomoki Yamamoto,L,R,Breaking Ball,Ball,,,1,-0.296794647,-0.511711401
7,2,1,0,'1-0,2026-09-12,Brock Badgers,U of T Varsity Blues,,Adam Geddes,Tomoki Yamamoto,L,R,Fastball,Ball,,,1,0.241582678,1.074461919
7,2,2,0,'2-0,2026-09-12,Brock Badgers,U of T Varsity Blues,,Adam Geddes,Tomoki Yamamoto,L,R,Fastball,Groundout,Ground Ball,Straightaway,0,-0.695592666,0.814045404
7,0,0,0,'0-0,2026-09-12,U of T Varsity Blues,Brock Badgers,,Elis Johnson,Evan Marks,R,R,Fastball,Called Strike,,,0,0.540681192,0.18273264
7,0,0,1,'0-1,2026-09-12,U of T Varsity Blues,Brock Badgers,,Elis Johnson,Evan Marks,R,R,Cutter,Flyout,Fly Ball,Opposite Field,0,-0.496193657,0.245863916
7,1,0,0,'0-0,2026-09-12,U of T Varsity Blues,Brock Badgers,,Paul Verman,Evan Marks,L,R,Splitter,Groundout,Ground Ball,Straightaway,0,-0.516133557,0.151167001
7,2,0,0,'0-0,2026-09-12,U of T Varsity Blues,Brock Badgers,,Jalen Worthen,Evan Marks,R,R,Fastball,Called Strike,,,0,0.361222083,0.151167001
7,2,0,1,'0-1,2026-09-12,U of T Varsity Blues,Brock Badgers,,Jalen Worthen,Evan Marks,R,R,Cutter,Ball,,,0,0.540681192,-0.338100391
7,2,1,1,'1-1,2026-09-12,U of T Varsity Blues,Brock Badgers,,Jalen Worthen,Evan Marks,R,R,Cutter,Called Strike,,,0,0.640380696,0.853502452
7,2,1,2,'1-2,2026-09-12,U of T Varsity Blues,Brock Badgers,,Jalen Worthen,Evan Marks,R,R,Cutter,Strikeout Swinging,,,0,0.141883173,0.143275592
1,0,0,0,'0-0,2026-09-12,Brock Badgers,U of T Varsity Blues,,Gavin Taylor,Ravin Yuvarajan,R,R,Fastball,Ball,,,0,-0.99469118,1.200724472
1,0,1,0,'1-0,2026-09-12,Brock Badgers,U of T Varsity Blues,,Gavin Taylor,Ravin Yuvarajan,R,R,Fastball,Ball,,,0,1.517736337,0.064361496
1,0,2,0,'2-0,2026-09-12,Brock Badgers,U of T Varsity Blues,,Gavin Taylor,Ravin Yuvarajan,R,R,Fastball,Ball,,,0,1.37815703,-0.109249514
1,0,3,0,'3-0,2026-09-12,Brock Badgers,U of T Varsity Blues,,Gavin Taylor,Ravin Yuvarajan,R,R,Fastball,Called Strike,,,0,0.30140238,0.403692107
1,0,3,1,'3-1,2026-09-12,Brock Badgers,U of T Varsity Blues,,Gavin Taylor,Ravin Yuvarajan,R,R,Fastball,Foul,,,0,-0.595893161,0.766696947
1,0,3,2,'3-2,2026-09-12,Brock Badgers,U of T Varsity Blues,,Gavin Taylor,Ravin Yuvarajan,R,R,Breaking Ball,Walk,,,0,0.580560993,-0.298643343
1,0,0,0,'0-0,2026-09-12,Brock Badgers,U of T Varsity Blues,,Kade Falardeau,Ravin Yuvarajan,R,R,Fastball,Ball,,,100,-1.513128604,0.845611042
1,0,1,0,'1-0,2026-09-12,Brock Badgers,U of T Varsity Blues,,Kade Falardeau,Ravin Yuvarajan,R,R,Fastball,Double Play,Line Drive,Pull,100,-0.755412369,0.679891441
1,2,0,0,'0-0,2026-09-12,Brock Badgers,U of T Varsity Blues,,Jaden Leeder,Ravin Yuvarajan,R,R,Fastball,Called Strike,,,0,-0.037575935,0.206406868
1,2,0,1,'0-1,2026-09-12,Brock Badgers,U of T Varsity Blues,,Jaden Leeder,Ravin Yuvarajan,R,R,Fastball,Called Strike,,,0,0.580560993,0.151167001
1,2,0,2,'0-2,2026-09-12,Brock Badgers,U of T Varsity Blues,,Jaden Leeder,Ravin Yuvarajan,R,R,Fastball,Flyout,Fly Ball,Straightaway,0,-0.35661435,0.892959499
1,0,0,0,'0-0,2026-09-12,U of T Varsity Blues,Brock Badgers,,Spenser Ross,Ryan Facchini,R,R,Changeup,Ball,,,0,-1.293789693,0.837719632
1,0,1,0,'1-0,2026-09-12,U of T Varsity Blues,Brock Badgers,,Spenser Ross,Ryan Facchini,R,R,Cutter,Groundout,Ground Ball,Pull,0,0.181762975,0.656217213
1,1,0,0,'0-0,2026-09-12,U of T Varsity Blues,Brock Badgers,,Aidan Vivaldi,Ryan Facchini,L,R,Splitter,Ball,,,0,-0.496193657,-0.282860524
1,1,1,0,'1-0,2026-09-12,U of T Varsity Blues,Brock Badgers,,Aidan Vivaldi,Ryan Facchini,L,R,Fastball,Ball,,,0,-1.632768009,0.806153994
1,1,2,0,'2-0,2026-09-12,U of T Varsity Blues,Brock Badgers,,Aidan Vivaldi,Ryan Facchini,L,R,Fastball,Called Strike,,,0,-0.516133557,0.924525138
1,1,2,1,'2-1,2026-09-12,U of T Varsity Blues,Brock Badgers,,Aidan Vivaldi,Ryan Facchini,L,R,Changeup,Called Strike,,,0,0.640380696,0.403692107
1,1,2,2,'2-2,2026-09-12,U of T Varsity Blues,Brock Badgers,,Aidan Vivaldi,Ryan Facchini,L,R,Changeup,Ball,,,0,-1.612828108,-0.17238079
1,1,3,2,'3-2,2026-09-12,U of T Varsity Blues,Brock Badgers,,Aidan Vivaldi,Ryan Facchini,L,R,Changeup,Double,Line Drive,Straightaway,0,0.181762975,0.656217213
1,1,0,0,'0-0,2026-09-12,U of T Varsity Blues,Brock Badgers,,Elias Rubio Reyes,Ryan Facchini,R,R,Cutter,Groundout,Ground Ball,Pull,10,0.460921588,0.600977346
1,2,0,0,'0-0,2026-09-12,U of T Varsity Blues,Brock Badgers,,Haven Tai,Ryan Facchini,L,R,Fastball,Called Strike,,,100,-0.655712864,0.766696947
1,2,0,1,'0-1,2026-09-12,U of T Varsity Blues,Brock Badgers,,Haven Tai,Ryan Facchini,L,R,Cutter,Groundout,Ground Ball,Opposite Field,100,-0.296794647,0.237972506
2,0,0,0,'0-0,2026-09-12,Brock Badgers,U of T Varsity Blues,,Flynn Matheson,Ravin Yuvarajan,R,R,Fastball,Ball,,,0,0.520741291,1.184941653
2,0,1,0,'1-0,2026-09-12,Brock Badgers,U of T Varsity Blues,,Flynn Matheson,Ravin Yuvarajan,R,R,Fastball,Ball,,,0,1.737075247,0.214298278
2,0,2,0,'2-0,2026-09-12,Brock Badgers,U of T Varsity Blues,,Flynn Matheson,Ravin Yuvarajan,R,R,Fastball,Double,Line Drive,Pull,0,-0.615833062,0.482606203
2,0,0,0,'0-0,2026-09-12,Brock Badgers,U of T Varsity Blues,,Josh Frazer,Ravin Yuvarajan,L,R,Offspeed,Foul,,,10,-0.595893161,0.285320964
2,0,0,1,'0-1,2026-09-12,Brock Badgers,U of T Varsity Blues,,Josh Frazer,Ravin Yuvarajan,L,R,Offspeed,Swinging Strike,,,10,-0.954811378,-0.188163609
2,0,0,2,'0-2,2026-09-12,Brock Badgers,U of T Varsity Blues,,Josh Frazer,Ravin Yuvarajan,L,R,Offspeed,Groundout,Ground Ball,Pull,10,-0.695592666,0.151167001
2,1,0,0,'0-0,2026-09-12,Brock Badgers,U of T Varsity Blues,,Brady Campbell,Ravin Yuvarajan,R,R,Fastball,Called Strike,,,1,0.460921588,0.672000032
2,1,0,1,'0-1,2026-09-12,Brock Badgers,U of T Varsity Blues,,Brady Campbell,Ravin Yuvarajan,R,R,Breaking Ball,Ball,,,1,0.919539309,-0.393340258
2,1,1,1,'1-1,2026-09-12,Brock Badgers,U of T Varsity Blues,,Brady Campbell,Ravin Yuvarajan,R,R,Fastball,Called Strike,,,1,0.640380696,0.277429554
2,1,1,2,'1-2,2026-09-12,Brock Badgers,U of T Varsity Blues,,Brady Campbell,Ravin Yuvarajan,R,R,Breaking Ball,Strikeout Swinging,,,1,0.321342281,0.774588356
2,2,0,0,'0-0,2026-09-12,Brock Badgers,U of T Varsity Blues,,Nate Parsons,Ravin Yuvarajan,L,R,Fastball,Ball,,,1,0.899599408,-0.251294886
2,2,1,0,'1-0,2026-09-12,Brock Badgers,U of T Varsity Blues,,Nate Parsons,Ravin Yuvarajan,L,R,Fastball,Ball,,,1,0.760020102,-0.267077705
2,2,2,0,'2-0,2026-09-12,Brock Badgers,U of T Varsity Blues,,Nate Parsons,Ravin Yuvarajan,L,R,Fastball,Called Strike,,,1,0.440981687,0.593085936
2,2,2,1,'2-1,2026-09-12,Brock Badgers,U of T Varsity Blues,,Nate Parsons,Ravin Yuvarajan,L,R,Breaking Ball,Foul,,,1,0.321342281,-0.1802722
2,2,2,2,'2-2,2026-09-12,Brock Badgers,U of T Varsity Blues,,Nate Parsons,Ravin Yuvarajan,L,R,Breaking Ball,Strikeout Swinging,,,1,0.760020102,-0.196055019
2,0,0,0,'0-0,2026-09-12,U of T Varsity Blues,Brock Badgers,,Kirk Gibson,Ryan Facchini,R,R,Slider,Called Strike,,,0,-1.174150288,0.316886602
2,0,0,1,'0-1,2026-09-12,U of T Varsity Blues,Brock Badgers,,Kirk Gibson,Ryan Facchini,R,R,Changeup,Flyout,Fly Ball,Opposite Field,0,0.460921588,0.719348489
2,1,0,0,'0-0,2026-09-12,U of T Varsity Blues,Brock Badgers,,Ryan Hsu,Ryan Facchini,R,R,Slider,Ball,,,0,1.218637823,-0.243403476
2,1,1,0,'1-0,2026-09-12,U of T Varsity Blues,Brock Badgers,,Ryan Hsu,Ryan Facchini,R,R,Fastball,Called Strike,,,0,-0.775352269,0.853502452
2,1,1,1,'1-1,2026-09-12,U of T Varsity Blues,Brock Badgers,,Ryan Hsu,Ryan Facchini,R,R,Changeup,Called Strike,,,0,-0.13727544,0.640434394
2,1,1,2,'1-2,2026-09-12,U of T Varsity Blues,Brock Badgers,,Ryan Hsu,Ryan Facchini,R,R,Fastball,Ball,,,0,-1.533068505,1.106027557
2,1,2,2,'2-2,2026-09-12,U of T Varsity Blues,Brock Badgers,,Ryan Hsu,Ryan Facchini,R,R,Changeup,Ball,,,0,-0.276854746,1.24018152
2,1,3,2,'3-2,2026-09-12,U of T Varsity Blues,Brock Badgers,,Ryan Hsu,Ryan Facchini,R,R,Changeup,Foul,,,0,-0.595893161,0.806153994
2,1,3,2,'3-2,2026-09-12,U of T Varsity Blues,Brock Badgers,,Ryan Hsu,Ryan Facchini,R,R,Fastball,Walk,,,0,-1.194090189,1.208615881
2,1,0,0,'0-0,2026-09-12,U of T Varsity Blues,Brock Badgers,,Woochan Nam,Ryan Facchini,R,R,Fastball,Popout,Pop Up,Opposite Field,100,0.421041786,0.380017878
2,2,0,0,'0-0,2026-09-12,U of T Varsity Blues,Brock Badgers,,Jackson Gannett,Ryan Facchini,R,R,Cutter,Called Strike,,,100,0.640380696,0.253755326
2,2,0,1,'0-1,2026-09-12,U of T Varsity Blues,Brock Badgers,,Jackson Gannett,Ryan Facchini,R,R,Cutter,Swinging Strike,,,100,0.740080201,0.387909288
2,2,0,2,'0-2,2026-09-12,U of T Varsity Blues,Brock Badgers,,Jackson Gannett,Ryan Facchini,R,R,Slider,Ball,,,100,0.799899904,-0.480145763
2,2,1,2,'1-2,2026-09-12,U of T Varsity Blues,Brock Badgers,,Jackson Gannett,Ryan Facchini,R,R,Fastball,Strikeout Swinging,,,100,0.460921588,1.090244738
3,0,0,0,'0-0,2026-09-12,Brock Badgers,U of T Varsity Blues,,Nolan Phelan,Ravin Yuvarajan,R,R,Breaking Ball,Ball,,,0,-1.572948306,1.161267424
3,0,1,0,'1-0,2026-09-12,Brock Badgers,U of T Varsity Blues,,Nolan Phelan,Ravin Yuvarajan,R,R,Fastball,Called Strike,,,0,0.7201403,0.616760165
3,0,1,1,'1-1,2026-09-12,Brock Badgers,U of T Varsity Blues,,Nolan Phelan,Ravin Yuvarajan,R,R,Breaking Ball,Ball,,,0,0.401101885,-0.306534753
3,0,2,1,'2-1,2026-09-12,Brock Badgers,U of T Varsity Blues,,Nolan Phelan,Ravin Yuvarajan,R,R,Fastball,Groundout,Ground Ball,Pull,0,-0.396494152,0.70356567
3,1,0,0,'0-0,2026-09-12,Brock Badgers,U of T Varsity Blues,,Adam Geddes,Ravin Yuvarajan,L,R,Breaking Ball,Ball,,,0,1.258517625,-0.306534753
3,1,1,0,'1-0,2026-09-12,Brock Badgers,U of T Varsity Blues,,Adam Geddes,Ravin Yuvarajan,L,R,Fastball,Swinging Strike,,,0,-1.533068505,0.853502452
3,1,1,1,'1-1,2026-09-12,Brock Badgers,U of T Varsity Blues,,Adam Geddes,Ravin Yuvarajan,L,R,Fastball,Single,Line Drive,Pull,0,-0.695592666,0.600977346
3,1,0,0,'0-0,2026-09-12,Brock Badgers,U of T Varsity Blues,1.08,Gavin Taylor,Ravin Yuvarajan,R,R,Breaking Ball,Ball,,,100,1.338277228,-0.188163609
3,1,1,0,'1-0,2026-09-12,Brock Badgers,U of T Varsity Blues,1.55,Gavin Taylor,Ravin Yuvarajan,R,R,Fastball,Called Strike,,,100,0.600500894,0.766696947
3,1,1,1,'1-1,2026-09-12,Brock Badgers,U of T Varsity Blues,,Gavin Taylor,Ravin Yuvarajan,R,R,Fastball,Popout,Pop Up,Opposite Field,10,0.421041786,0.900850909
3,2,0,0,'0-0,2026-09-12,Brock Badgers,U of T Varsity Blues,,Kade Falardeau,Ravin Yuvarajan,R,R,Breaking Ball,Ball,,,10,1.198697922,-0.464362944
3,2,1,0,'1-0,2026-09-12,Brock Badgers,U of T Varsity Blues,,Kade Falardeau,Ravin Yuvarajan,R,R,Fastball,Flyout,Fly Ball,Pull,1,-0.615833062,0.719348489
3,0,0,0,'0-0,2026-09-12,U of T Varsity Blues,Brock Badgers,,Tomoki Yamamoto,Ryan Facchini,L,R,Changeup,Called Strike,,,0,0.321342281,0.837719632
3,0,0,1,'0-1,2026-09-12,U of T Varsity Blues,Brock Badgers,,Tomoki Yamamoto,Ryan Facchini,L,R,Cutter,Ball,,,0,0.859719606,-0.424905896
3,0,1,1,'1-1,2026-09-12,U of T Varsity Blues,Brock Badgers,,Tomoki Yamamoto,Ryan Facchini,L,R,Fastball,Called Strike,,,0,-0.556013359,0.585194527
3,0,1,2,'1-2,2026-09-12,U of T Varsity Blues,Brock Badgers,,Tomoki Yamamoto,Ryan Facchini,L,R,Splitter,Ball,,,0,-1.21403009,0.837719632
3,0,2,2,'2-2,2026-09-12,U of T Varsity Blues,Brock Badgers,,Tomoki Yamamoto,Ryan Facchini,L,R,Cutter,Strikeout Looking,,,0,-0.655712864,0.750914127
3,1,0,0,'0-0,2026-09-12,U of T Varsity Blues,Brock Badgers,,Spenser Ross,Ryan Facchini,R,R,Splitter,Ball,,,0,-1.373549297,0.672000032
3,1,1,0,'1-0,2026-09-12,U of T Varsity Blues,Brock Badgers,,Spenser Ross,Ryan Facchini,R,R,Cutter,Groundout,Ground Ball,Opposite Field,0,0.560621092,0.080144315
3,2,0,0,'0-0,2026-09-12,U of T Varsity Blues,Brock Badgers,,Aidan Vivaldi,Ryan Facchini,L,R,Changeup,Flyout,Fly Ball,Straightaway,0,-0.496193657,0.166949821
4,0,0,0,'0-0,2026-09-12,Brock Badgers,U of T Varsity Blues,,Jaden Leeder,Ravin Yuvarajan,R,R,Breaking Ball,Ball,,,0,-0.57595326,1.208615881
4,0,1,0,'1-0,2026-09-12,Brock Badgers,U of T Varsity Blues,,Jaden Leeder,Ravin Yuvarajan,R,R,Breaking Ball,Swinging Strike,,,0,0.540681192,0.095927134
4,0,1,1,'1-1,2026-09-12,Brock Badgers,U of T Varsity Blues,,Jaden Leeder,Ravin Yuvarajan,R,R,Breaking Ball,Ball,,,0,1.079058516,-0.393340258
4,0,2,1,'2-1,2026-09-12,Brock Badgers,U of T Varsity Blues,,Jaden Leeder,Ravin Yuvarajan,R,R,Fastball,Called Strike,,,0,0.440981687,0.672000032
4,0,2,2,'2-2,2026-09-12,Brock Badgers,U of T Varsity Blues,,Jaden Leeder,Ravin Yuvarajan,R,R,Breaking Ball,Groundout,Ground Ball,Pull,0,-0.396494152,0.198515459
4,1,0,0,'0-0,2026-09-12,Brock Badgers,U of T Varsity Blues,,Flynn Matheson,Ravin Yuvarajan,R,R,Breaking Ball,Ball,,,0,0.839779705,-0.417014486
4,1,1,0,'1-0,2026-09-12,Brock Badgers,U of T Varsity Blues,,Flynn Matheson,Ravin Yuvarajan,R,R,Fastball,Foul,,,0,-0.536073458,0.892959499
4,1,1,1,'1-1,2026-09-12,Brock Badgers,U of T Varsity Blues,,Flynn Matheson,Ravin Yuvarajan,R,R,Fastball,Foul,,,0,-0.536073458,0.135384182
4,1,1,2,'1-2,2026-09-12,Brock Badgers,U of T Varsity Blues,,Flynn Matheson,Ravin Yuvarajan,R,R,Fastball,Lineout,Line Drive,Pull,0,-0.396494152,0.695674261
4,2,0,0,'0-0,2026-09-12,Brock Badgers,U of T Varsity Blues,,Josh Frazer,Ravin Yuvarajan,L,R,Offspeed,Ball,,,0,-1.513128604,0.695674261
4,2,1,0,'1-0,2026-09-12,Brock Badgers,U of T Varsity Blues,,Josh Frazer,Ravin Yuvarajan,L,R,Offspeed,Ball,,,0,-2.211025136,0.198515459
4,2,2,0,'2-0,2026-09-12,Brock Badgers,U of T Varsity Blues,,Josh Frazer,Ravin Yuvarajan,L,R,Offspeed,Ball,,,0,-2.09138573,0.443149155
4,2,3,0,'3-0,2026-09-12,Brock Badgers,U of T Varsity Blues,,Josh Frazer,Ravin Yuvarajan,L,R,Fastball,Walk,,,0,0.919539309,-0.322317572
4,2,0,0,'0-0,2026-09-12,Brock Badgers,U of T Varsity Blues,,Brady Campbell,Ravin Yuvarajan,R,R,Fastball,Called Strike,,,100,0.640380696,0.308995192
4,2,0,1,'0-1,2026-09-12,Brock Badgers,U of T Varsity Blues,,Brady Campbell,Ravin Yuvarajan,R,R,Fastball,Ball,,,100,1.537676238,-0.17238079
4,2,1,1,'1-1,2026-09-12,Brock Badgers,U of T Varsity Blues,,Brady Campbell,Ravin Yuvarajan,R,R,Fastball,Ball,,,100,-0.296794647,1.113918967
4,2,2,1,'2-1,2026-09-12,Brock Badgers,U of T Varsity Blues,,Brady Campbell,Ravin Yuvarajan,R,R,Fastball,Foul,,,100,-0.556013359,0.498389022
4,2,2,2,'2-2,2026-09-12,Brock Badgers,U of T Varsity Blues,,Brady Campbell,Ravin Yuvarajan,R,R,Breaking Ball,Single,Line Drive,Pull,100,-0.296794647,0.403692107
4,2,0,0,'0-0,2026-09-12,Brock Badgers,U of T Varsity Blues,,Nate Parsons,Ravin Yuvarajan,L,R,Breaking Ball,Called Strike,,,110,-0.835171972,0.624651575
4,2,0,1,'0-1,2026-09-12,Brock Badgers,U of T Varsity Blues,,Nate Parsons,Ravin Yuvarajan,L,R,Fastball,Ball,,,110,-1.692587712,0.340560831
4,2,1,1,'1-1,2026-09-12,Brock Badgers,U of T Varsity Blues,,Nate Parsons,Ravin Yuvarajan,L,R,Breaking Ball,Swinging Strike,,,110,0.680260498,-0.298643343
4,2,1,2,'1-2,2026-09-12,Brock Badgers,U of T Varsity Blues,,Nate Parsons,Ravin Yuvarajan,L,R,Offspeed,Ball,,,110,-1.87204682,0.237972506
4,2,2,2,'2-2,2026-09-12,Brock Badgers,U of T Varsity Blues,,Nate Parsons,Ravin Yuvarajan,L,R,Breaking Ball,Triple,Fly Ball,Pull,110,-0.336674449,-0.125032333
4,2,0,0,'0-0,2026-09-12,Brock Badgers,U of T Varsity Blues,,Nolan Phelan,Ravin Yuvarajan,R,R,Fastball,Called Strike,,,1,0.221642777,0.277429554
4,2,0,1,'0-1,2026-09-12,Brock Badgers,U of T Varsity Blues,,Nolan Phelan,Ravin Yuvarajan,R,R,Breaking Ball,Ball,,,1,0.859719606,-0.298643343
4,2,1,1,'1-1,2026-09-12,Brock Badgers,U of T Varsity Blues,,Nolan Phelan,Ravin Yuvarajan,R,R,Fastball,Ball,,,1,-0.077455737,-0.219729248
4,2,2,1,'2-1,2026-09-12,Brock Badgers,U of T Varsity Blues,,Nolan Phelan,Ravin Yuvarajan,R,R,Fastball,Foul,,,1,-0.615833062,0.743022718
4,2,2,2,'2-2,2026-09-12,Brock Badgers,U of T Varsity Blues,,Nolan Phelan,Ravin Yuvarajan,R,R,Breaking Ball,Flyout,Fly Ball,Opposite Field,1,0.460921588,0.198515459
4,0,0,0,'0-0,2026-09-12,U of T Varsity Blues,Brock Badgers,,Elias Rubio Reyes,Ryan Facchini,R,R,Slider,Ball,,,0,0.600500894,-0.290751934
4,0,1,0,'1-0,2026-09-12,U of T Varsity Blues,Brock Badgers,,Elias Rubio Reyes,Ryan Facchini,R,R,Cutter,Called Strike,,,0,0.460921588,0.88506809
4,0,1,1,'1-1,2026-09-12,U of T Varsity Blues,Brock Badgers,,Elias Rubio Reyes,Ryan Facchini,R,R,Cutter,Swinging Strike,,,0,-0.077455737,0.206406868
4,0,1,2,'1-2,2026-09-12,U of T Varsity Blues,Brock Badgers,,Elias Rubio Reyes,Ryan Facchini,R,R,Changeup,Ball,,,0,-1.533068505,0.616760165
4,0,2,2,'2-2,2026-09-12,U of T Varsity Blues,Brock Badgers,,Elias Rubio Reyes,Ryan Facchini,R,R,Cutter,Strikeout Swinging,,,0,-1.413429099,0.750914127
4,1,0,0,'0-0,2026-09-12,U of T Varsity Blues,Brock Badgers,,Haven Tai,Ryan Facchini,L,R,Fastball,Called Strike,,,0,-0.735472468,0.616760165
4,1,0,1,'0-1,2026-09-12,U of T Varsity Blues,Brock Badgers,,Haven Tai,Ryan Facchini,L,R,Fastball,Ball,,,0,-0.595893161,1.153376015
4,1,1,1,'1-1,2026-09-12,U of T Varsity Blues,Brock Badgers,,Haven Tai,Ryan Facchini,L,R,Changeup,Ball,,,0,0.30140238,1.090244738
4,1,2,1,'2-1,2026-09-12,U of T Varsity Blues,Brock Badgers,,Haven Tai,Ryan Facchini,L,R,Fastball,Ball,,,0,-0.99469118,-0.401231667
4,1,3,1,'3-1,2026-09-12,U of T Varsity Blues,Brock Badgers,,Haven Tai,Ryan Facchini,L,R,Cutter,Walk,,,100,0.381161984,-0.188163609
4,1,0,0,'0-0,2026-09-12,U of T Varsity Blues,Brock Badgers,,Kirk Gibson,Ryan Facchini,R,R,Cutter,Ball,,,100,1.517736337,-0.1802722
4,1,1,0,'1-0,2026-09-12,U of T Varsity Blues,Brock Badgers,,Kirk Gibson,Ryan Facchini,R,R,Fastball,Called Strike,,,100,-0.735472468,0.71145708
4,1,1,1,'1-1,2026-09-12,U of T Varsity Blues,Brock Badgers,,Kirk Gibson,Ryan Facchini,R,R,Fastball,Called Strike,,,100,0.341282182,0.861393861
4,1,1,2,'1-2,2026-09-12,U of T Varsity Blues,Brock Badgers,,Kirk Gibson,Ryan Facchini,R,R,Cutter,Single,Line Drive,Straightaway,10,-0.536073458,0.806153994
4,1,0,0,'0-0,2026-09-12,U of T Varsity Blues,Brock Badgers,,Ryan Hsu,Ryan Facchini,R,R,Fastball,Swinging Strike,,,100,0.580560993,0.230081097
4,1,0,1,'0-1,2026-09-12,U of T Varsity Blues,Brock Badgers,,Ryan Hsu,Ryan Facchini,R,R,Cutter,Called Strike,,,100,-0.655712864,0.34845224
4,1,0,2,'0-2,2026-09-12,U of T Varsity Blues,Brock Badgers,,Ryan Hsu,Ryan Facchini,R,R,Slider,Ball,,,100,1.178758021,-0.203946429
4,1,1,2,'1-2,2026-09-12,U of T Varsity Blues,Brock Badgers,,Ryan Hsu,Ryan Facchini,R,R,Fastball,Groundout,Ground Ball,Opposite Field,10,0.261522579,0.790371175
4,2,0,0,'0-0,2026-09-12,U of T Varsity Blues,Brock Badgers,,Woochan Nam,Ryan Facchini,R,R,Fastball,Ball,,,1,-1.21403009,0.88506809
4,2,1,0,'1-0,2026-09-12,U of T Varsity Blues,Brock Badgers,,Woochan Nam,Ryan Facchini,R,R,Fastball,Flyout,Fly Ball,Opposite Field,1,0.440981687,0.380017878
5,0,0,0,'0-0,2026-09-12,Brock Badgers,U of T Varsity Blues,,Adam Geddes,Kojiro Hirata,L,R,Fastball,Called Strike,,,0,-0.296794647,0.34845224
5,0,0,1,'0-1,2026-09-12,Brock Badgers,U of T Varsity Blues,,Adam Geddes,Kojiro Hirata,L,R,Fastball,Ball,,,0,-0.894991675,1.271747158
5,0,1,1,'1-1,2026-09-12,Brock Badgers,U of T Varsity Blues,,Adam Geddes,Kojiro Hirata,L,R,Fastball,Ball,,,0,-0.675652765,-0.188163609
5,0,2,1,'2-1,2026-09-12,Brock Badgers,U of T Varsity Blues,,Adam Geddes,Kojiro Hirata,L,R,Fastball,Popout,Pop Up,Opposite Field,0,-0.715532567,0.277429554
5,1,0,0,'0-0,2026-09-12,Brock Badgers,U of T Varsity Blues,,Gavin Taylor,Kojiro Hirata,R,R,Breaking Ball,Foul,,,0,-0.635772963,0.632542984
5,1,0,1,'0-1,2026-09-12,Brock Badgers,U of T Varsity Blues,,Gavin Taylor,Kojiro Hirata,R,R,Fastball,Ball,,,0,-1.453308901,0.837719632
5,1,1,1,'1-1,2026-09-12,Brock Badgers,U of T Varsity Blues,,Gavin Taylor,Kojiro Hirata,R,R,Fastball,Hit By Pitch,,,0,-1.473248802,1.121810376
5,1,0,0,'0-0,2026-09-12,Brock Badgers,U of T Varsity Blues,,Kade Falardeau,Kojiro Hirata,R,R,Fastball,Ball,,,100,-0.197095143,-0.282860524
5,1,1,0,'1-0,2026-09-12,Brock Badgers,U of T Varsity Blues,,Kade Falardeau,Kojiro Hirata,R,R,Fastball,Flyout,Fly Ball,Pull,100,-0.296794647,0.845611042
5,2,0,0,'0-0,2026-09-12,Brock Badgers,U of T Varsity Blues,,Jaden Leeder,Kojiro Hirata,R,R,Fastball,Foul,,,100,-0.815232071,0.648325803
5,2,0,1,'0-1,2026-09-12,Brock Badgers,U of T Varsity Blues,,Jaden Leeder,Kojiro Hirata,R,R,Breaking Ball,Foul,,,100,-0.396494152,0.166949821
5,2,0,2,'0-2,2026-09-12,Brock Badgers,U of T Varsity Blues,,Jaden Leeder,Kojiro Hirata,R,R,Fastball,Strikeout Looking,,,100,1.258517625,0.293212373
5,0,0,0,'0-0,2026-09-12,U of T Varsity Blues,Brock Badgers,,Jackson Gannett,Ryan Facchini,R,R,Slider,Ball,,,0,0.062123569,-0.306534753
5,0,1,0,'1-0,2026-09-12,U of T Varsity Blues,Brock Badgers,,Jackson Gannett,Ryan Facchini,R,R,Cutter,Called Strike,,,0,-0.595893161,0.585194527
5,0,1,1,'1-1,2026-09-12,U of T Varsity Blues,Brock Badgers,,Jackson Gannett,Ryan Facchini,R,R,Slider,Foul,,,0,-0.296794647,0.159058411
5,0,1,2,'1-2,2026-09-12,U of T Varsity Blues,Brock Badgers,,Jackson Gannett,Ryan Facchini,R,R,Fastball,Ball,,,0,-0.57595326,1.137593195
5,0,2,2,'2-2,2026-09-12,U of T Varsity Blues,Brock Badgers,,Jackson Gannett,Ryan Facchini,R,R,Fastball,Ball,,,0,-1.273849793,1.098136148
5,0,3,2,'3-2,2026-09-12,U of T Varsity Blues,Brock Badgers,,Jackson Gannett,Ryan Facchini,R,R,Cutter,Foul,,,0,-0.655712864,0.332669421
5,0,3,2,'3-2,2026-09-12,U of T Varsity Blues,Brock Badgers,,Jackson Gannett,Ryan Facchini,R,R,Cutter,Double,Line Drive,Pull,0,-0.615833062,0.18273264
5,0,0,0,'0-0,2026-09-12,U of T Varsity Blues,Brock Badgers,,Tomoki Yamamoto,Ryan Facchini,L,R,Cutter,Called Strike,,,10,-0.635772963,0.798262585
5,0,0,1,'0-1,2026-09-12,U of T Varsity Blues,Brock Badgers,,Tomoki Yamamoto,Ryan Facchini,L,R,Fastball,Ball,,,10,-0.79529217,0.088035725
5,0,1,1,'1-1,2026-09-12,U of T Varsity Blues,Brock Badgers,,Tomoki Yamamoto,Ryan Facchini,L,R,Cutter,Swinging Strike,,,10,0.321342281,0.458931974
5,0,1,2,'1-2,2026-09-12,U of T Varsity Blues,Brock Badgers,,Tomoki Yamamoto,Ryan Facchini,L,R,Cutter,Strikeout Swinging,,,10,-0.855111873,0.695674261
5,1,0,0,'0-0,2026-09-12,U of T Varsity Blues,Brock Badgers,,Spenser Ross,Ryan Facchini,R,R,Cutter,Single,Ground Ball,Straightaway,10,-1.233969991,0.656217213
5,1,0,0,'0-0,2026-09-12,U of T Varsity Blues,Brock Badgers,,Aidan Vivaldi,Ryan Facchini,L,R,Fastball,Called Strike,,,101,-0.875051774,0.719348489
5,1,0,1,'0-1,2026-09-12,U of T Varsity Blues,Brock Badgers,,Aidan Vivaldi,Ryan Facchini,L,R,Changeup,Ball,,,11,-0.595893161,-0.219729248
5,1,1,1,'1-1,2026-09-12,U of T Varsity Blues,Brock Badgers,,Aidan Vivaldi,Ryan Facchini,L,R,Changeup,Ball,,,11,0.640380696,0.648325803
5,1,2,1,'2-1,2026-09-12,U of T Varsity Blues,Brock Badgers,,Aidan Vivaldi,Ryan Facchini,L,R,Cutter,Triple,Line Drive,Pull,11,0.520741291,0.151167001
5,1,0,0,'0-0,2026-09-12,U of T Varsity Blues,Brock Badgers,,Elias Rubio Reyes,Ryan Facchini,R,R,Cutter,Single,Fly Ball,Straightaway,1,0.460921588,0.293212373
5,1,0,0,'0-0,2026-09-12,U of T Varsity Blues,Brock Badgers,,Haven Tai,Ryan Facchini,L,R,Fastball,Called Strike,,,100,-0.835171972,0.837719632
5,1,0,1,'0-1,2026-09-12,U of T Varsity Blues,Brock Badgers,,Haven Tai,Ryan Facchini,L,R,Fastball,Swinging Strike,,,100,-0.855111873,0.932416547
5,1,0,2,'0-2,2026-09-12,U of T Varsity Blues,Brock Badgers,,Haven Tai,Ryan Facchini,L,R,Fastball,Foul,,,100,0.221642777,0.821936813
5,1,0,2,'0-2,2026-09-12,U of T Varsity Blues,Brock Badgers,,Haven Tai,Ryan Facchini,L,R,Slider,Foul,,,100,0.640380696,0.419474926
5,1,0,2,'0-2,2026-09-12,U of T Varsity Blues,Brock Badgers,,Haven Tai,Ryan Facchini,L,R,Fastball,Strikeout Looking,,,100,-1.253909892,0.900850909
5,2,0,0,'0-0,2026-09-12,U of T Varsity Blues,Brock Badgers,,Kirk Gibson,Ryan Facchini,R,R,Fastball,Ball,,,100,0.30140238,1.161267424
5,2,1,0,'1-0,2026-09-12,U of T Varsity Blues,Brock Badgers,,Kirk Gibson,Ryan Facchini,R,R,Fastball,Ball,,,100,1.318337327,-0.267077705
5,2,2,0,'2-0,2026-09-12,U of T Varsity Blues,Brock Badgers,,Kirk Gibson,Ryan Facchini,R,R,Fastball,Hit By Pitch,,,100,-1.712527613,0.735131308
5,2,0,0,'0-0,2026-09-12,U of T Varsity Blues,Brock Badgers,,Ryan Hsu,Rowan Gelder,R,L,Fastball,Ball,,,110,-1.612828108,-0.125032333
5,2,1,0,'1-0,2026-09-12,U of T Varsity Blues,Brock Badgers,,Ryan Hsu,Rowan Gelder,R,L,Fastball,Foul,,,110,-0.556013359,0.790371175
5,2,1,1,'1-1,2026-09-12,U of T Varsity Blues,Brock Badgers,,Ryan Hsu,Rowan Gelder,R,L,Fastball,Foul,,,110,-0.177155242,0.87717668
5,2,1,2,'1-2,2026-09-12,U of T Varsity Blues,Brock Badgers,,Ryan Hsu,Rowan Gelder,R,L,Fastball,Ball,,,110,-0.635772963,1.145484605
5,2,2,2,'2-2,2026-09-12,U of T Varsity Blues,Brock Badgers,,Ryan Hsu,Rowan Gelder,R,L,Fastball,Foul,,,110,-0.675652765,0.553628889
5,2,2,2,'2-2,2026-09-12,U of T Varsity Blues,Brock Badgers,,Ryan Hsu,Rowan Gelder,R,L,Curveball,Foul,,,110,-0.316734548,0.143275592
5,2,2,2,'2-2,2026-09-12,U of T Varsity Blues,Brock Badgers,,Ryan Hsu,Rowan Gelder,R,L,Curveball,Foul,,,110,0.460921588,0.214298278
5,2,2,2,'2-2,2026-09-12,U of T Varsity Blues,Brock Badgers,,Ryan Hsu,Rowan Gelder,R,L,Fastball,Foul,,,110,-0.675652765,0.301103783
5,2,2,2,'2-2,2026-09-12,U of T Varsity Blues,Brock Badgers,,Ryan Hsu,Rowan Gelder,R,L,Fastball,Ball,,,110,0.580560993,1.145484605
5,2,3,2,'3-2,2026-09-12,U of T Varsity Blues,Brock Badgers,,Ryan Hsu,Rowan Gelder,R,L,Fastball,Foul,,,110,0.261522579,0.395800698
5,2,3,2,'3-2,2026-09-12,U of T Varsity Blues,Brock Badgers,,Ryan Hsu,Rowan Gelder,R,L,Curveball,Foul,,,110,0.839779705,1.106027557
5,2,3,2,'3-2,2026-09-12,U of T Varsity Blues,Brock Badgers,,Ryan Hsu,Rowan Gelder,R,L,Fastball,Strikeout Swinging,,,110,0.30140238,0.758805537
6,0,0,0,'0-0,2026-09-12,Brock Badgers,U of T Varsity Blues,,Flynn Matheson,Kojiro Hirata,R,R,Fastball,Ball,,,0,0.440981687,-0.1802722
6,0,1,0,'1-0,2026-09-12,Brock Badgers,U of T Varsity Blues,,Flynn Matheson,Kojiro Hirata,R,R,Fastball,Ball,,,0,-1.293789693,1.129701786
6,0,2,0,'2-0,2026-09-12,Brock Badgers,U of T Varsity Blues,,Flynn Matheson,Kojiro Hirata,R,R,Fastball,Ball,,,0,0.361222083,1.271747158
6,0,3,0,'3-0,2026-09-12,Brock Badgers,U of T Varsity Blues,,Flynn Matheson,Kojiro Hirata,R,R,Fastball,Walk,,,0,0.839779705,-0.1802722
6,0,0,0,'0-0,2026-09-12,Brock Badgers,U of T Varsity Blues,,Josh Frazer,Kojiro Hirata,L,R,Fastball,Ball,,,100,-0.755412369,1.224398701
6,0,1,0,'1-0,2026-09-12,Brock Badgers,U of T Varsity Blues,1.25,Josh Frazer,Kojiro Hirata,L,R,Fastball,Swinging Strike,,,100,0.161823074,0.206406868
6,0,1,1,'1-1,2026-09-12,Brock Badgers,U of T Varsity Blues,1.3,Josh Frazer,Kojiro Hirata,L,R,Fastball,Ball,,,100,0.460921588,1.106027557
6,0,2,1,'2-1,2026-09-12,Brock Badgers,U of T Varsity Blues,,Josh Frazer,Kojiro Hirata,L,R,Fastball,Foul,,,100,-0.396494152,0.190624049
6,0,2,2,'2-2,2026-09-12,Brock Badgers,U of T Varsity Blues,,Josh Frazer,Kojiro Hirata,L,R,Breaking Ball,Ball,,,100,-1.074450783,1.106027557
6,0,3,2,'3-2,2026-09-12,Brock Badgers,U of T Varsity Blues,,Josh Frazer,Kojiro Hirata,L,R,Fastball,Flyout,Fly Ball,Pull,100,-0.675652765,0.624651575
6,1,0,0,'0-0,2026-09-12,Brock Badgers,U of T Varsity Blues,,Brady Campbell,Kojiro Hirata,L,R,Breaking Ball,Called Strike,,,100,0.201702876,0.869285271
6,1,0,1,'0-1,2026-09-12,Brock Badgers,U of T Varsity Blues,,Brady Campbell,Kojiro Hirata,L,R,Fastball,Double Play,Ground Ball,Straightaway,100,-0.675652765,0.553628889
6,0,0,0,'0-0,2026-09-12,U of T Varsity Blues,Brock Badgers,,Woochan Nam,Rowan Gelder,R,L,Curveball,Called Strike,,,0,0.321342281,0.237972506
6,0,0,1,'0-1,2026-09-12,U of T Varsity Blues,Brock Badgers,,Woochan Nam,Rowan Gelder,R,L,Curveball,Single,Ground Ball,Straightaway,0,0.381161984,0.743022718
6,0,0,0,'0-0,2026-09-12,U of T Varsity Blues,Brock Badgers,1.29,Jackson Gannett,Rowan Gelder,R,L,Fastball,Ball,,,100,-0.556013359,1.129701786
6,0,1,0,'1-0,2026-09-12,U of T Varsity Blues,Brock Badgers,,Jackson Gannett,Rowan Gelder,R,L,Fastball,Ball,,,100,-0.416434053,-0.132923743
6,0,2,0,'2-0,2026-09-12,U of T Varsity Blues,Brock Badgers,1.2,Jackson Gannett,Rowan Gelder,R,L,Fastball,Called Strike,,,100,0.560621092,0.656217213
6,0,2,1,'2-1,2026-09-12,U of T Varsity Blues,Brock Badgers,,Jackson Gannett,Rowan Gelder,R,L,Fastball,Swinging Strike,,,100,0.480861489,0.821936813
6,0,2,2,'2-2,2026-09-12,U of T Varsity Blues,Brock Badgers,,Jackson Gannett,Rowan Gelder,R,L,Fastball,Ball,,,100,1.418036832,1.137593195
6,0,3,2,'3-2,2026-09-12,U of T Varsity Blues,Brock Badgers,,Jackson Gannett,Rowan Gelder,R,L,Fastball,Strikeout Looking,,,100,0.321342281,0.806153994
6,1,0,0,'0-0,2026-09-12,U of T Varsity Blues,Brock Badgers,,Jack Barber,Rowan Gelder,R,L,Fastball,Called Strike,,,100,0.460921588,0.743022718
6,1,0,1,'0-1,2026-09-12,U of T Varsity Blues,Brock Badgers,,Jack Barber,Rowan Gelder,R,L,Fastball,Called Strike,,,100,-0.875051774,0.727239899
6,1,0,2,'0-2,2026-09-12,U of T Varsity Blues,Brock Badgers,,Jack Barber,Rowan Gelder,R,L,Fastball,Strikeout Looking,,,100,-0.835171972,0.277429554
6,2,0,0,'0-0,2026-09-12,U of T Varsity Blues,Brock Badgers,,Spenser Ross,Rowan Gelder,R,L,,Pickoff,,,100,-1.413429099,0.798262585
7,0,0,0,'0-0,2026-09-12,Brock Badgers,U of T Varsity Blues,,Nate Parsons,Kojiro Hirata,L,L,Breaking Ball,Called Strike,,,0,-0.536073458,0.237972506
7,0,0,1,'0-1,2026-09-12,Brock Badgers,U of T Varsity Blues,,Nate Parsons,Kojiro Hirata,L,L,Fastball,Popout,Pop Up,Opposite Field,0,0.440981687,0.806153994
7,1,0,0,'0-0,2026-09-12,Brock Badgers,U of T Varsity Blues,,Nolan Phelan,Kojiro Hirata,R,L,Breaking Ball,Double,Line Drive,Pull,0,-0.35661435,-0.164489381
7,1,0,0,'0-0,2026-09-12,Brock Badgers,U of T Varsity Blues,,Adam Geddes,Kojiro Hirata,L,R,Fastball,Ball,,,10,-0.775352269,0.380017878
7,1,1,0,'1-0,2026-09-12,Brock Badgers,U of T Varsity Blues,,Adam Geddes,Kojiro Hirata,L,R,Fastball,Groundout,Ground Ball,Pull,10,0.919539309,-0.188163609
7,2,0,0,'0-0,2026-09-12,Brock Badgers,U of T Varsity Blues,,Tim Somerville,Kojiro Hirata,R,R,Fastball,Ball,,,1,0.919539309,-0.188163609
7,2,1,0,'1-0,2026-09-12,Brock Badgers,U of T Varsity Blues,,Tim Somerville,Kojiro Hirata,R,R,Fastball,Error,Ground Ball,Pull,1,-0.416434053,0.324778012
7,2,0,0,'0-0,2026-09-12,Brock Badgers,U of T Varsity Blues,,Kade Falardeau,Kojiro Hirata,R,R,Fastball,Ball,,,100,1.537676238,0.474714793
7,2,1,0,'1-0,2026-09-12,Brock Badgers,U of T Varsity Blues,,Kade Falardeau,Kojiro Hirata,R,R,Fastball,Called Strike,,,100,0.600500894,0.743022718
7,2,1,1,'1-1,2026-09-12,Brock Badgers,U of T Varsity Blues,,Kade Falardeau,Kojiro Hirata,R,R,,Truncated Out,,,,,
1,0,0,0,'0-0,2026-09-13,Guelph Gryphons,Brock Badgers,,Evan Ogston,Max Burroughsford,R,R,Fastball,Ball,,,0,0.580560993,1.177050243
1,0,1,0,'1-0,2026-09-13,Guelph Gryphons,Brock Badgers,,Evan Ogston,Max Burroughsford,R,R,Slider,Ball,,,0,-0.376554251,1.184941653
1,0,2,0,'2-0,2026-09-13,Guelph Gryphons,Brock Badgers,,Evan Ogston,Max Burroughsford,R,R,Fastball,Ball,,,0,-0.256914845,1.263855748
1,0,3,0,'3-0,2026-09-13,Guelph Gryphons,Brock Badgers,,Evan Ogston,Max Burroughsford,R,R,Fastball,Called Strike,,,0,0.30140238,0.593085936
1,0,3,1,'3-1,2026-09-13,Guelph Gryphons,Brock Badgers,,Evan Ogston,Max Burroughsford,R,R,Fastball,Double,Fly Ball,Opposite Field,0,0.440981687,0.806153994
1,0,0,0,'0-0,2026-09-13,Guelph Gryphons,Brock Badgers,,Julian Fabrizio,Max Burroughsford,L,R,Fastball,Called Strike,,,10,0.620440795,0.664108622
1,0,0,1,'0-1,2026-09-13,Guelph Gryphons,Brock Badgers,,Julian Fabrizio,Max Burroughsford,L,R,Changeup,Ball,,,10,0.819839804,-0.243403476
1,0,1,1,'1-1,2026-09-13,Guelph Gryphons,Brock Badgers,,Julian Fabrizio,Max Burroughsford,L,R,Fastball,Flyout,Fly Ball,Straightaway,10,0.241582678,0.237972506
1,1,0,0,'0-0,2026-09-13,Guelph Gryphons,Brock Badgers,,Jack Gillis,Max Burroughsford,L,R,Changeup,Swinging Strike,,,10,-0.077455737,-0.306534753
1,1,0,1,'0-1,2026-09-13,Guelph Gryphons,Brock Badgers,,Jack Gillis,Max Burroughsford,L,R,Fastball,Called Strike,,,10,0.141883173,0.34845224
1,1,0,2,'0-2,2026-09-13,Guelph Gryphons,Brock Badgers,,Jack Gillis,Max Burroughsford,L,R,Fastball,Foul,,,1,-1.353609396,0.814045404
1,1,0,2,'0-2,2026-09-13,Guelph Gryphons,Brock Badgers,,Jack Gillis,Max Burroughsford,L,R,Changeup,Groundout,,,1,-0.635772963,0.190624049
1,2,0,0,'0-0,2026-09-13,Guelph Gryphons,Brock Badgers,,Sawyer Whitaker,Max Burroughsford,L,R,Fastball,Called Strike,,,1,-0.276854746,0.443149155
1,2,0,1,'0-1,2026-09-13,Guelph Gryphons,Brock Badgers,,Sawyer Whitaker,Max Burroughsford,L,R,Changeup,Swinging Strike,,,1,-0.635772963,-0.274969115
1,2,0,2,'0-2,2026-09-13,Guelph Gryphons,Brock Badgers,,Sawyer Whitaker,Max Burroughsford,L,R,Fastball,Foul,,,1,-0.536073458,1.090244738
1,2,0,2,'0-2,2026-09-13,Guelph Gryphons,Brock Badgers,,Sawyer Whitaker,Max Burroughsford,L,R,Changeup,Ball,,,1,0.740080201,-0.464362944
1,2,1,2,'1-2,2026-09-13,Guelph Gryphons,Brock Badgers,,Sawyer Whitaker,Max Burroughsford,L,R,Fastball,Groundout,Ground Ball,Straightaway,1,-0.675652765,0.664108622
1,0,0,0,'0-0,2026-09-13,Brock Badgers,Guelph Gryphons,,Gavin Taylor,Harrison Young,R,L,Fastball,Foul,,,0,-0.256914845,0.206406868
1,0,0,1,'0-1,2026-09-13,Brock Badgers,Guelph Gryphons,,Gavin Taylor,Harrison Young,R,L,Fastball,Ball,,,0,1.617435841,0.222189687
1,0,1,1,'1-1,2026-09-13,Brock Badgers,Guelph Gryphons,,Gavin Taylor,Harrison Young,R,L,Breaking Ball,Ball,,,0,1.37815703,1.161267424
1,0,2,1,'2-1,2026-09-13,Brock Badgers,Guelph Gryphons,,Gavin Taylor,Harrison Young,R,L,Fastball,Ball,,,0,1.418036832,-0.243403476
1,0,3,1,'3-1,2026-09-13,Brock Badgers,Guelph Gryphons,,Gavin Taylor,Harrison Young,R,L,Fastball,Foul,,,0,0.421041786,0.293212373
1,0,3,2,'3-2,2026-09-13,Brock Badgers,Guelph Gryphons,,Gavin Taylor,Harrison Young,R,L,Breaking Ball,Walk,,,0,-0.276854746,-0.227620657
1,0,0,0,'0-0,2026-09-13,Brock Badgers,Guelph Gryphons,,Kade Falardeau,Harrison Young,R,L,Fastball,Foul,,,100,1.537676238,1.0586791
1,0,0,1,'0-1,2026-09-13,Brock Badgers,Guelph Gryphons,,Kade Falardeau,Harrison Young,R,L,Breaking Ball,Flyout,Fly Ball,Opposite Field,100,0.421041786,0.159058411
1,1,0,0,'0-0,2026-09-13,Brock Badgers,Guelph Gryphons,,Flynn Matheson,Harrison Young,R,L,,Caught Stealing,,,100,,
1,2,0,0,'0-0,2026-09-13,Brock Badgers,Guelph Gryphons,,Flynn Matheson,Harrison Young,R,L,Breaking Ball,Ball,,,0,-0.13727544,-0.338100391
1,2,1,0,'1-0,2026-09-13,Brock Badgers,Guelph Gryphons,,Flynn Matheson,Harrison Young,R,L,Fastball,Single,Ground Ball,Straightaway,0,0.560621092,0.656217213
1,2,0,0,'0-0,2026-09-13,Brock Badgers,Guelph Gryphons,,Josh Frazer,Harrison Young,L,L,Fastball,Swinging Strike,,,100,-0.536073458,0.285320964
1,2,0,1,'0-1,2026-09-13,Brock Badgers,Guelph Gryphons,,Josh Frazer,Harrison Young,L,L,Breaking Ball,Groundout,Ground Ball,Pull,100,-0.316734548,-0.093466695
2,0,0,0,'0-0,2026-09-13,Guelph Gryphons,Brock Badgers,,Marco Da Gama,Max Burroughsford,R,R,Slider,Ball,,,0,-0.615833062,0.419474926
2,0,1,0,'1-0,2026-09-13,Guelph Gryphons,Brock Badgers,,Marco Da Gama,Max Burroughsford,R,R,Slider,Swinging Strike,,,0,0.520741291,0.127492773
2,0,1,1,'1-1,2026-09-13,Guelph Gryphons,Brock Badgers,,Marco Da Gama,Max Burroughsford,R,R,Slider,Foul,,,0,0.460921588,-0.148706562
2,0,1,2,'1-2,2026-09-13,Guelph Gryphons,Brock Badgers,,Marco Da Gama,Max Burroughsford,R,R,Fastball,Ball,,,0,0.401101885,0.861393861
2,0,2,2,'2-2,2026-09-13,Guelph Gryphons,Brock Badgers,,Marco Da Gama,Max Burroughsford,R,R,Fastball,Strikeout Looking,,,0,0.760020102,0.35634365
2,1,0,0,'0-0,2026-09-13,Guelph Gryphons,Brock Badgers,,Adrian Crewe,Max Burroughsford,L,R,Changeup,Groundout,Ground Ball,Pull,0,0.042183668,0.143275592
2,2,0,0,'0-0,2026-09-13,Guelph Gryphons,Brock Badgers,,Ethan Westfall,Max Burroughsford,R,R,Slider,Ball,,,0,-1.353609396,0.230081097
2,2,1,0,'1-0,2026-09-13,Guelph Gryphons,Brock Badgers,,Ethan Westfall,Max Burroughsford,R,R,Fastball,Foul,,,0,-0.655712864,0.687782851
2,2,1,1,'1-1,2026-09-13,Guelph Gryphons,Brock Badgers,,Ethan Westfall,Max Burroughsford,R,R,Slider,Foul,,,0,0.161823074,-0.17238079
2,2,1,2,'1-2,2026-09-13,Guelph Gryphons,Brock Badgers,,Ethan Westfall,Max Burroughsford,R,R,Fastball,Foul,,,0,-0.595893161,0.845611042
2,2,1,2,'1-2,2026-09-13,Guelph Gryphons,Brock Badgers,,Ethan Westfall,Max Burroughsford,R,R,Slider,Foul,,,0,0.161823074,0.34845224
2,2,1,2,'1-2,2026-09-13,Guelph Gryphons,Brock Badgers,,Ethan Westfall,Max Burroughsford,R,R,Slider,Groundout,Ground Ball,Pull,0,0.700200399,0.743022718
2,0,0,0,'0-0,2026-09-13,Brock Badgers,Guelph Gryphons,,Jaden Leeder,Harrison Young,R,L,Fastball,Ball,,,0,0.819839804,1.216507291
2,0,1,0,'1-0,2026-09-13,Brock Badgers,Guelph Gryphons,,Jaden Leeder,Harrison Young,R,L,Breaking Ball,Ball,,,0,-0.296794647,-0.574842678
2,0,2,0,'2-0,2026-09-13,Brock Badgers,Guelph Gryphons,,Jaden Leeder,Harrison Young,R,L,Fastball,Swinging Strike,,,0,-0.536073458,-0.109249514
2,0,2,1,'2-1,2026-09-13,Brock Badgers,Guelph Gryphons,,Jaden Leeder,Harrison Young,R,L,Fastball,Ball,,,0,1.318337327,1.161267424
2,0,3,1,'3-1,2026-09-13,Brock Badgers,Guelph Gryphons,,Jaden Leeder,Harrison Young,R,L,Fastball,Foul,,,0,-0.376554251,0.230081097
2,0,3,2,'3-2,2026-09-13,Brock Badgers,Guelph Gryphons,,Jaden Leeder,Harrison Young,R,L,Fastball,Walk,,,0,-0.855111873,-0.409123077
2,0,0,0,'0-0,2026-09-13,Brock Badgers,Guelph Gryphons,,Nolan Phelan,Harrison Young,R,L,Fastball,Called Strike,,,100,0.919539309,0.806153994
2,0,0,1,'0-1,2026-09-13,Brock Badgers,Guelph Gryphons,,Nolan Phelan,Harrison Young,R,L,Fastball,Ball,,,100,0.381161984,1.224398701
2,0,1,1,'1-1,2026-09-13,Brock Badgers,Guelph Gryphons,,Nolan Phelan,Harrison Young,R,L,Breaking Ball,Ball,,,100,-1.293789693,0.277429554
2,0,2,1,'2-1,2026-09-13,Brock Badgers,Guelph Gryphons,,Nolan Phelan,Harrison Young,R,L,Fastball,Flyout,Fly Ball,Opposite Field,100,0.421041786,0.672000032
2,1,0,0,'0-0,2026-09-13,Brock Badgers,Guelph Gryphons,,Brady Campbell,Harrison Young,R,L,Fastball,Ball,,,100,-0.536073458,1.184941653
2,1,1,0,'1-0,2026-09-13,Brock Badgers,Guelph Gryphons,,Brady Campbell,Harrison Young,R,L,Fastball,Ball,,,100,1.577556039,0.837719632
2,1,2,0,'2-0,2026-09-13,Brock Badgers,Guelph Gryphons,,Brady Campbell,Harrison Young,R,L,Breaking Ball,Swinging Strike,,,100,-1.054510882,-0.188163609
2,1,2,1,'2-1,2026-09-13,Brock Badgers,Guelph Gryphons,,Brady Campbell,Harrison Young,R,L,Breaking Ball,Called Strike,,,10,0.421041786,0.427366336
2,1,2,2,'2-2,2026-09-13,Brock Badgers,Guelph Gryphons,,Brady Campbell,Harrison Young,R,L,Fastball,Strikeout Swinging,,,10,1.178758021,0.71145708
2,2,0,0,'0-0,2026-09-13,Brock Badgers,Guelph Gryphons,,Nate Parsons,Harrison Young,L,L,Fastball,Ball,,,10,0.161823074,-0.377557439
2,2,1,0,'1-0,2026-09-13,Brock Badgers,Guelph Gryphons,,Nate Parsons,Harrison Young,L,L,Fastball,Called Strike,,,10,0.102003371,0.750914127
2,2,1,1,'1-1,2026-09-13,Brock Badgers,Guelph Gryphons,,Nate Parsons,Harrison Young,L,L,Breaking Ball,Called Strike,,,10,-0.715532567,0.308995192
2,2,1,2,'1-2,2026-09-13,Brock Badgers,Guelph Gryphons,,Nate Parsons,Harrison Young,L,L,Breaking Ball,Ball,,,10,-1.453308901,0.553628889
2,2,2,2,'2-2,2026-09-13,Brock Badgers,Guelph Gryphons,,Nate Parsons,Harrison Young,L,L,Fastball,Hit By Pitch,,,10,1.717135346,0.924525138
2,2,0,0,'0-0,2026-09-13,Brock Badgers,Guelph Gryphons,,Adam Geddes,Harrison Young,L,L,Breaking Ball,Ball,,,110,-0.456313855,0.151167001
2,2,1,0,'1-0,2026-09-13,Brock Badgers,Guelph Gryphons,,Adam Geddes,Harrison Young,L,L,Fastball,Single,Line Drive,Straightaway,110,-0.236974945,0.869285271
2,2,0,0,'0-0,2026-09-13,Brock Badgers,Guelph Gryphons,,Gavin Taylor,JJ Reynolds,R,L,Breaking Ball,Called Strike,,,110,0.779960003,0.277429554
2,2,0,1,'0-1,2026-09-13,Brock Badgers,Guelph Gryphons,,Gavin Taylor,JJ Reynolds,R,L,Breaking Ball,Ball,,,110,0.002303867,0.806153994
2,2,1,1,'1-1,2026-09-13,Brock Badgers,Guelph Gryphons,,Gavin Taylor,JJ Reynolds,R,L,Fastball,Ball,,,11,-0.197095143,1.192833062
2,2,2,1,'2-1,2026-09-13,Brock Badgers,Guelph Gryphons,,Gavin Taylor,JJ Reynolds,R,L,Breaking Ball,Ball,,,11,-1.273849793,0.750914127
2,2,3,1,'3-1,2026-09-13,Brock Badgers,Guelph Gryphons,,Gavin Taylor,JJ Reynolds,R,L,Fastball,Walk,,,11,1.398096931,0.080144315
2,2,0,0,'0-0,2026-09-13,Brock Badgers,Guelph Gryphons,,Kade Falardeau,JJ Reynolds,R,L,Breaking Ball,Called Strike,,,111,-0.197095143,0.608868755
2,2,0,1,'0-1,2026-09-13,Brock Badgers,Guelph Gryphons,,Kade Falardeau,JJ Reynolds,R,L,Breaking Ball,Groundout,Ground Ball,Pull,111,0.201702876,0.166949821
3,0,0,0,'0-0,2026-09-13,Guelph Gryphons,Brock Badgers,,Noah Chang,Max Burroughsford,R,R,Fastball,Ball,,,0,-1.373549297,0.87717668
3,0,1,0,'1-0,2026-09-13,Guelph Gryphons,Brock Badgers,,Noah Chang,Max Burroughsford,R,R,Fastball,Groundout,Ground Ball,Pull,0,0.381161984,0.403692107
3,1,0,0,'0-0,2026-09-13,Guelph Gryphons,Brock Badgers,,Jaylen Wood,Max Burroughsford,R,R,Splitter,Called Strike,,,0,-0.177155242,0.52995466
3,1,0,1,'0-1,2026-09-13,Guelph Gryphons,Brock Badgers,,Jaylen Wood,Max Burroughsford,R,R,Fastball,Ball,,,0,0.839779705,-0.282860524
3,1,1,1,'1-1,2026-09-13,Guelph Gryphons,Brock Badgers,,Jaylen Wood,Max Burroughsford,R,R,Splitter,Swinging Strike,,,0,0.022243767,0.222189687
3,1,1,2,'1-2,2026-09-13,Guelph Gryphons,Brock Badgers,,Jaylen Wood,Max Burroughsford,R,R,Splitter,Ball,,,0,-0.157215341,-0.464362944
3,1,2,2,'2-2,2026-09-13,Guelph Gryphons,Brock Badgers,,Jaylen Wood,Max Burroughsford,R,R,Fastball,Strikeout Looking,,,0,0.640380696,0.261646735
3,2,0,0,'0-0,2026-09-13,Guelph Gryphons,Brock Badgers,,Evan Ogston,Max Burroughsford,R,R,Slider,Foul,,,0,0.421041786,0.166949821
3,2,0,1,'0-1,2026-09-13,Guelph Gryphons,Brock Badgers,,Evan Ogston,Max Burroughsford,R,R,Changeup,Swinging Strike,,,0,-0.695592666,-0.188163609
3,2,0,2,'0-2,2026-09-13,Guelph Gryphons,Brock Badgers,,Evan Ogston,Max Burroughsford,R,R,Slider,Strikeout Swinging,,,0,0.879659507,-0.188163609
3,0,0,0,'0-0,2026-09-13,Brock Badgers,Guelph Gryphons,,Flynn Matheson,JJ Reynolds,R,R,Breaking Ball,Ball,,,0,1.836774751,0.766696947
3,0,1,0,'1-0,2026-09-13,Brock Badgers,Guelph Gryphons,,Flynn Matheson,JJ Reynolds,R,R,Fastball,Ball,,,0,-0.496193657,1.153376015
3,0,2,0,'2-0,2026-09-13,Brock Badgers,Guelph Gryphons,,Flynn Matheson,JJ Reynolds,R,R,Breaking Ball,Ball,,,0,1.437976733,0.387909288
3,0,3,0,'3-0,2026-09-13,Brock Badgers,Guelph Gryphons,,Flynn Matheson,JJ Reynolds,R,R,Fastball,Called Strike,,,0,-0.755412369,0.269538145
3,0,3,1,'3-1,2026-09-13,Brock Badgers,Guelph Gryphons,,Flynn Matheson,JJ Reynolds,R,R,Fastball,Walk,,,0,0.760020102,-0.211837838
3,0,0,0,'0-0,2026-09-13,Brock Badgers,Guelph Gryphons,,Josh Frazer,JJ Reynolds,L,R,Fastball,Ball,,,100,0.640380696,-0.322317572
3,0,1,0,'1-0,2026-09-13,Brock Badgers,Guelph Gryphons,1.35,Josh Frazer,JJ Reynolds,L,R,Fastball,Ball,,,100,1.138878219,0.387909288
3,0,2,0,'2-0,2026-09-13,Brock Badgers,Guelph Gryphons,,Josh Frazer,JJ Reynolds,L,R,Fastball,Double Play,Ground Ball,Straightaway,100,-0.436373954,0.080144315
3,2,0,0,'0-0,2026-09-13,Brock Badgers,Guelph Gryphons,,Jaden Leeder,JJ Reynolds,R,R,Fastball,Called Strike,,,0,0.779960003,0.127492773
3,2,0,1,'0-1,2026-09-13,Brock Badgers,Guelph Gryphons,,Jaden Leeder,JJ Reynolds,R,R,Breaking Ball,Called Strike,,,0,0.640380696,0.443149155
3,2,0,2,'0-2,2026-09-13,Brock Badgers,Guelph Gryphons,,Jaden Leeder,JJ Reynolds,R,R,Breaking Ball,Ball,,,0,1.15881812,-0.274969115
3,2,1,2,'1-2,2026-09-13,Brock Badgers,Guelph Gryphons,,Jaden Leeder,JJ Reynolds,R,R,Fastball,Ball,,,0,1.637375742,-0.148706562
3,2,2,2,'2-2,2026-09-13,Brock Badgers,Guelph Gryphons,,Jaden Leeder,JJ Reynolds,R,R,Breaking Ball,Strikeout Swinging,,,0,-0.416434053,-0.243403476
4,0,0,0,'0-0,2026-09-13,Guelph Gryphons,Brock Badgers,,Julian Fabrizio,Max Burroughsford,L,R,Fastball,Flyout,Fly Ball,Opposite Field,0,-0.436373954,0.750914127
4,1,0,0,'0-0,2026-09-13,Guelph Gryphons,Brock Badgers,,Jack Gillis,Max Burroughsford,L,R,Changeup,Foul,,,0,-0.695592666,0.545737479
4,1,0,1,'0-1,2026-09-13,Guelph Gryphons,Brock Badgers,,Jack Gillis,Max Burroughsford,L,R,Splitter,Foul,,,0,0.361222083,0.419474926
4,1,0,2,'0-2,2026-09-13,Guelph Gryphons,Brock Badgers,,Jack Gillis,Max Burroughsford,L,R,Fastball,Ball,,,0,-1.253909892,1.23229011
4,1,1,2,'1-2,2026-09-13,Guelph Gryphons,Brock Badgers,,Jack Gillis,Max Burroughsford,L,R,Changeup,Groundout,Ground Ball,Pull,0,-0.835171972,-0.148706562
4,2,0,0,'0-0,2026-09-13,Guelph Gryphons,Brock Badgers,,Sawyer Whitaker,Max Burroughsford,L,R,Changeup,Ball,,,0,0.600500894,-0.164489381
4,2,1,0,'1-0,2026-09-13,Guelph Gryphons,Brock Badgers,,Sawyer Whitaker,Max Burroughsford,L,R,Splitter,Ball,,,0,-0.376554251,-0.432797306
4,2,2,0,'2-0,2026-09-13,Guelph Gryphons,Brock Badgers,,Sawyer Whitaker,Max Burroughsford,L,R,Fastball,Ball,,,0,-0.57595326,1.106027557
4,2,3,0,'3-0,2026-09-13,Guelph Gryphons,Brock Badgers,,Sawyer Whitaker,Max Burroughsford,L,R,Fastball,Walk,,,0,-1.21403009,0.806153994
4,2,0,0,'0-0,2026-09-13,Guelph Gryphons,Brock Badgers,,Marco Da Gama,Max Burroughsford,R,R,Fastball,Single,Line Drive,Opposite Field,100,0.401101885,0.545737479
4,2,0,0,'0-0,2026-09-13,Guelph Gryphons,Brock Badgers,,Adrian Crewe,Max Burroughsford,L,R,Fastball,Called Strike,,,110,0.181762975,0.166949821
4,2,0,1,'0-1,2026-09-13,Guelph Gryphons,Brock Badgers,,Adrian Crewe,Max Burroughsford,L,R,Fastball,Groundout,Ground Ball,Straightaway,110,-0.496193657,0.230081097
4,0,0,0,'0-0,2026-09-13,Brock Badgers,Guelph Gryphons,,Nolan Phelan,JJ Reynolds,R,R,Fastball,Called Strike,,,0,0.161823074,0.111709954
4,0,0,1,'0-1,2026-09-13,Brock Badgers,Guelph Gryphons,,Nolan Phelan,JJ Reynolds,R,R,Breaking Ball,Swinging Strike,,,0,0.740080201,0.648325803
4,0,0,2,'0-2,2026-09-13,Brock Badgers,Guelph Gryphons,,Nolan Phelan,JJ Reynolds,R,R,Breaking Ball,Strikeout Swinging,,,0,0.321342281,0.301103783
4,1,0,0,'0-0,2026-09-13,Brock Badgers,Guelph Gryphons,,Brady Campbell,JJ Reynolds,R,R,Fastball,Foul,,,0,-0.57595326,0.222189687
4,1,0,1,'0-1,2026-09-13,Brock Badgers,Guelph Gryphons,,Brady Campbell,JJ Reynolds,R,R,Breaking Ball,Single,Ground Ball,Pull,0,-0.217035044,0.143275592
4,1,0,0,'0-0,2026-09-13,Brock Badgers,Guelph Gryphons,,Nate Parsons,JJ Reynolds,L,R,Fastball,Called Strike,,,100,-0.316734548,0.458931974
4,1,0,1,'0-1,2026-09-13,Brock Badgers,Guelph Gryphons,,Nate Parsons,JJ Reynolds,L,R,Fastball,Swinging Strike,,,10,-0.197095143,0.261646735
4,1,0,2,'0-2,2026-09-13,Brock Badgers,Guelph Gryphons,,Nate Parsons,JJ Reynolds,L,R,Breaking Ball,Strikeout Swinging,,,10,-0.695592666,0.458931974
4,2,0,0,'0-0,2026-09-13,Brock Badgers,Guelph Gryphons,,Adam Geddes,JJ Reynolds,L,R,Breaking Ball,Ball,,,10,0.401101885,0.135384182
4,2,1,0,'1-0,2026-09-13,Brock Badgers,Guelph Gryphons,,Adam Geddes,JJ Reynolds,L,R,Fastball,Called Strike,,,10,0.401101885,0.664108622
4,2,1,1,'1-1,2026-09-13,Brock Badgers,Guelph Gryphons,,Adam Geddes,JJ Reynolds,L,R,Breaking Ball,Foul,,,10,-0.715532567,0.18273264
4,2,1,2,'1-2,2026-09-13,Brock Badgers,Guelph Gryphons,,Adam Geddes,JJ Reynolds,L,R,Breaking Ball,Ball,,,10,1.37815703,-0.243403476
4,2,2,2,'2-2,2026-09-13,Brock Badgers,Guelph Gryphons,,Adam Geddes,JJ Reynolds,L,R,Fastball,Ball,,,10,-0.735472468,-0.156597971
4,2,3,2,'3-2,2026-09-13,Brock Badgers,Guelph Gryphons,,Adam Geddes,JJ Reynolds,L,R,Breaking Ball,Strikeout Looking,,,10,-0.496193657,0.419474926
5,0,0,0,'0-0,2026-09-13,Guelph Gryphons,Brock Badgers,,Ethan Westfall,Max Burroughsford,R,R,Slider,Swinging Strike,,,0,0.421041786,-0.203946429
5,0,0,1,'0-1,2026-09-13,Guelph Gryphons,Brock Badgers,,Ethan Westfall,Max Burroughsford,R,R,Fastball,Groundout,Ground Ball,Straightaway,0,-0.516133557,0.672000032
5,1,0,0,'0-0,2026-09-13,Guelph Gryphons,Brock Badgers,,Noah Chang,Max Burroughsford,R,R,Slider,Ball,,,0,1.398096931,0.143275592
5,1,1,0,'1-0,2026-09-13,Guelph Gryphons,Brock Badgers,,Noah Chang,Max Burroughsford,R,R,Slider,Called Strike,,,0,-0.755412369,0.52206325
5,1,1,1,'1-1,2026-09-13,Guelph Gryphons,Brock Badgers,,Noah Chang,Max Burroughsford,R,R,Fastball,Ball,,,0,-0.236974945,1.106027557
5,1,2,1,'2-1,2026-09-13,Guelph Gryphons,Brock Badgers,,Noah Chang,Max Burroughsford,R,R,Slider,Swinging Strike,,,0,0.620440795,0.135384182
5,1,2,2,'2-2,2026-09-13,Guelph Gryphons,Brock Badgers,,Noah Chang,Max Burroughsford,R,R,Fastball,Ball,,,0,0.839779705,0.608868755
5,1,3,2,'3-2,2026-09-13,Guelph Gryphons,Brock Badgers,,Noah Chang,Max Burroughsford,R,R,Fastball,Foul,,,0,0.421041786,0.750914127
5,1,3,2,'3-2,2026-09-13,Guelph Gryphons,Brock Badgers,,Noah Chang,Max Burroughsford,R,R,Fastball,Walk,,,0,-1.393489198,0.506280431
5,1,0,0,'0-0,2026-09-13,Guelph Gryphons,Brock Badgers,,Jaylen Wood,Max Burroughsford,R,R,Fastball,Ball,,,100,-1.253909892,0.806153994
5,1,1,0,'1-0,2026-09-13,Guelph Gryphons,Brock Badgers,,Jaylen Wood,Max Burroughsford,R,R,Fastball,Groundout,Ground Ball,Opposite Field,100,0.540681192,0.624651575
5,2,0,0,'0-0,2026-09-13,Guelph Gryphons,Brock Badgers,,Evan Ogston,Max Burroughsford,R,R,Changeup,Swinging Strike,,,10,-0.496193657,0.166949821
5,2,0,1,'0-1,2026-09-13,Guelph Gryphons,Brock Badgers,,Evan Ogston,Max Burroughsford,R,R,Changeup,Swinging Strike,,,10,-0.655712864,-0.267077705
5,2,0,2,'0-2,2026-09-13,Guelph Gryphons,Brock Badgers,,Evan Ogston,Max Burroughsford,R,R,Fastball,Strikeout Looking,,,10,-0.376554251,-0.219729248
5,0,0,0,'0-0,2026-09-13,Brock Badgers,Guelph Gryphons,,Gavin Taylor,JJ Reynolds,R,R,Breaking Ball,Called Strike,,,0,0.740080201,0.727239899
5,0,0,1,'0-1,2026-09-13,Brock Badgers,Guelph Gryphons,,Gavin Taylor,JJ Reynolds,R,R,Breaking Ball,Double,Line Drive,Pull,0,-0.217035044,0.17484123
5,0,0,0,'0-0,2026-09-13,Brock Badgers,Guelph Gryphons,,Kade Falardeau,JJ Reynolds,R,R,Breaking Ball,Ball,,,10,-1.373549297,0.861393861
5,0,1,0,'1-0,2026-09-13,Brock Badgers,Guelph Gryphons,,Kade Falardeau,JJ Reynolds,R,R,Fastball,Ball,,,10,0.50080139,1.145484605
5,0,2,0,'2-0,2026-09-13,Brock Badgers,Guelph Gryphons,,Kade Falardeau,JJ Reynolds,R,R,Breaking Ball,Called Strike,,,10,-1.273849793,0.285320964
5,0,2,1,'2-1,2026-09-13,Brock Badgers,Guelph Gryphons,,Kade Falardeau,JJ Reynolds,R,R,Fastball,Foul,,,10,0.50080139,0.206406868
5,0,2,2,'2-2,2026-09-13,Brock Badgers,Guelph Gryphons,,Kade Falardeau,JJ Reynolds,R,R,Breaking Ball,Ball,,,10,1.258517625,-0.117140923
5,0,3,2,'3-2,2026-09-13,Brock Badgers,Guelph Gryphons,,Kade Falardeau,JJ Reynolds,R,R,Fastball,Walk,,,10,1.776955049,-0.219729248
5,0,0,0,'0-0,2026-09-13,Brock Badgers,Guelph Gryphons,,Flynn Matheson,JJ Reynolds,R,R,Fastball,Ball,,,110,1.437976733,-0.282860524
5,0,1,0,'1-0,2026-09-13,Brock Badgers,Guelph Gryphons,,Flynn Matheson,JJ Reynolds,R,R,Fastball,Swinging Strike,,,101,-0.416434053,0.245863916
5,0,1,1,'1-1,2026-09-13,Brock Badgers,Guelph Gryphons,,Flynn Matheson,JJ Reynolds,R,R,Breaking Ball,Ball,,,101,1.457916634,0.103818544
5,0,2,1,'2-1,2026-09-13,Brock Badgers,Guelph Gryphons,,Flynn Matheson,JJ Reynolds,R,R,Breaking Ball,Foul,,,101,0.221642777,0.545737479
5,0,2,2,'2-2,2026-09-13,Brock Badgers,Guelph Gryphons,,Flynn Matheson,JJ Reynolds,R,R,Fastball,Ball,,,11,1.577556039,-0.188163609
5,0,3,2,'3-2,2026-09-13,Brock Badgers,Guelph Gryphons,,Flynn Matheson,JJ Reynolds,R,R,Breaking Ball,Walk,,,11,-1.194090189,0.790371175
5,0,0,0,'0-0,2026-09-13,Brock Badgers,Guelph Gryphons,,Josh Frazer,Alex Picard,L,L,Fastball,Ball,,,111,-0.715532567,-0.148706562
5,0,1,0,'1-0,2026-09-13,Brock Badgers,Guelph Gryphons,,Josh Frazer,Alex Picard,L,L,Breaking Ball,Ball,,,111,-1.174150288,-0.36177462
5,0,2,0,'2-0,2026-09-13,Brock Badgers,Guelph Gryphons,,Josh Frazer,Alex Picard,L,L,Fastball,Ball,,,111,-1.293789693,-0.1802722
5,0,3,0,'3-0,2026-09-13,Brock Badgers,Guelph Gryphons,,Josh Frazer,Alex Picard,L,L,Fastball,Called Strike,,,111,0.042183668,0.672000032
5,0,3,1,'3-1,2026-09-13,Brock Badgers,Guelph Gryphons,,Josh Frazer,Alex Picard,L,L,Breaking Ball,Walk,,,111,-1.533068505,-0.188163609
5,0,0,0,'0-0,2026-09-13,Brock Badgers,Guelph Gryphons,,Jaden Leeder,Alex Picard,R,L,Fastball,Ball,,,111,1.517736337,1.121810376
5,0,1,0,'1-0,2026-09-13,Brock Badgers,Guelph Gryphons,,Jaden Leeder,Alex Picard,R,L,Fastball,Swinging Strike,,,111,1.079058516,1.145484605
5,0,1,1,'1-1,2026-09-13,Brock Badgers,Guelph Gryphons,,Jaden Leeder,Alex Picard,R,L,Breaking Ball,Foul,,,111,0.480861489,0.119601363
5,0,1,2,'1-2,2026-09-13,Brock Badgers,Guelph Gryphons,,Jaden Leeder,Alex Picard,R,L,Fastball,Strikeout Swinging,,,111,0.341282182,0.924525138
5,1,0,0,'0-0,2026-09-13,Brock Badgers,Guelph Gryphons,,Nolan Phelan,Alex Picard,R,L,Fastball,Ball,,,111,1.059118615,-0.259186295
5,1,1,0,'1-0,2026-09-13,Brock Badgers,Guelph Gryphons,,Nolan Phelan,Alex Picard,R,L,Fastball,Groundout,Ground Ball,Straightaway,111,0.341282182,0.166949821
5,2,0,0,'0-0,2026-09-13,Brock Badgers,Guelph Gryphons,,Brady Campbell,Alex Picard,R,L,Fastball,Called Strike,,,111,0.460921588,0.814045404
5,2,0,1,'0-1,2026-09-13,Brock Badgers,Guelph Gryphons,,Brady Campbell,Alex Picard,R,L,Breaking Ball,Ball,,,111,-0.79529217,-0.36177462
5,2,1,1,'1-1,2026-09-13,Brock Badgers,Guelph Gryphons,,Brady Campbell,Alex Picard,R,L,Fastball,Ball,,,111,0.560621092,-0.306534753
5,2,2,1,'2-1,2026-09-13,Brock Badgers,Guelph Gryphons,,Brady Campbell,Alex Picard,R,L,Fastball,Single,Fly Ball,Straightaway,11,0.7201403,0.506280431
5,2,0,0,'0-0,2026-09-13,Brock Badgers,Guelph Gryphons,,Nate Parsons,Alex Picard,L,L,Fastball,Ball,,,100,-1.273849793,0.656217213
5,2,1,0,'1-0,2026-09-13,Brock Badgers,Guelph Gryphons,,Nate Parsons,Alex Picard,L,L,,Truncated Out,,,0,,
6,0,0,0,'0-0,2026-09-13,Guelph Gryphons,Brock Badgers,,Julian Fabrizio,Max Burroughsford,L,R,Changeup,Called Strike,,,0,-0.615833062,0.466823384
6,0,0,1,'0-1,2026-09-13,Guelph Gryphons,Brock Badgers,,Julian Fabrizio,Max Burroughsford,L,R,Changeup,Ball,,,0,-1.553008405,0.782479766
6,0,1,1,'1-1,2026-09-13,Guelph Gryphons,Brock Badgers,,Julian Fabrizio,Max Burroughsford,L,R,Splitter,Called Strike,,,0,0.381161984,0.648325803
6,0,1,2,'1-2,2026-09-13,Guelph Gryphons,Brock Badgers,,Julian Fabrizio,Max Burroughsford,L,R,Fastball,Ball,,,0,0.381161984,1.177050243
6,0,2,2,'2-2,2026-09-13,Guelph Gryphons,Brock Badgers,,Julian Fabrizio,Max Burroughsford,L,R,Fastball,Error,Ground Ball,Straightaway,0,-0.655712864,0.640434394
6,0,0,0,'0-0,2026-09-13,Guelph Gryphons,Brock Badgers,,Jack Gillis,Max Burroughsford,L,R,Fastball,Foul,,,100,-0.675652765,0.608868755
6,0,0,1,'0-1,2026-09-13,Guelph Gryphons,Brock Badgers,,Jack Gillis,Max Burroughsford,L,R,Fastball,Ball,,,100,-1.533068505,0.316886602
6,0,1,1,'1-1,2026-09-13,Guelph Gryphons,Brock Badgers,,Jack Gillis,Max Burroughsford,L,R,Changeup,Ball,,,100,-1.313729594,-0.196055019
6,0,2,1,'2-1,2026-09-13,Guelph Gryphons,Brock Badgers,,Jack Gillis,Max Burroughsford,L,R,Fastball,Foul,,,100,0.181762975,0.253755326
6,0,2,2,'2-2,2026-09-13,Guelph Gryphons,Brock Badgers,,Jack Gillis,Max Burroughsford,L,R,Fastball,Foul,,,100,0.480861489,0.151167001
6,0,2,2,'2-2,2026-09-13,Guelph Gryphons,Brock Badgers,,Jack Gillis,Max Burroughsford,L,R,Changeup,Strikeout Swinging,,,100,-0.775352269,0.072252906
6,1,0,0,'0-0,2026-09-13,Guelph Gryphons,Brock Badgers,,Sawyer Whitaker,Max Burroughsford,L,R,Fastball,Called Strike,,,100,-0.635772963,0.151167001
6,1,0,1,'0-1,2026-09-13,Guelph Gryphons,Brock Badgers,,Sawyer Whitaker,Max Burroughsford,L,R,Fastball,Flyout,Fly Ball,Straightaway,100,0.141883173,0.790371175
6,2,0,0,'0-0,2026-09-13,Guelph Gryphons,Brock Badgers,,Marco Da Gama,Max Burroughsford,R,R,Slider,Ball,,,100,0.520741291,-0.235512067
6,2,1,0,'1-0,2026-09-13,Guelph Gryphons,Brock Badgers,,Marco Da Gama,Max Burroughsford,R,R,Fastball,Ball,,,100,-1.393489198,0.245863916
6,2,2,0,'2-0,2026-09-13,Guelph Gryphons,Brock Badgers,,Marco Da Gama,Max Burroughsford,R,R,Splitter,Swinging Strike,,,100,0.999298913,-0.322317572
6,2,2,1,'2-1,2026-09-13,Guelph Gryphons,Brock Badgers,,Marco Da Gama,Max Burroughsford,R,R,Splitter,Called Strike,,,100,0.08206347,0.419474926
6,2,2,2,'2-2,2026-09-13,Guelph Gryphons,Brock Badgers,,Marco Da Gama,Max Burroughsford,R,R,Fastball,Foul,,,100,-0.595893161,-0.030335418
6,2,2,2,'2-2,2026-09-13,Guelph Gryphons,Brock Badgers,,Marco Da Gama,Max Burroughsford,R,R,Fastball,Single,Ground Ball,Pull,100,0.480861489,0.514171841
6,2,0,0,'0-0,2026-09-13,Guelph Gryphons,Brock Badgers,,Adrian Crewe,Max Burroughsford,L,R,Changeup,Ball,,,110,-0.456313855,-0.164489381
6,2,1,0,'1-0,2026-09-13,Guelph Gryphons,Brock Badgers,,Adrian Crewe,Max Burroughsford,L,R,Changeup,Swinging Strike,,,110,0.261522579,0.064361496
6,2,1,1,'1-1,2026-09-13,Guelph Gryphons,Brock Badgers,,Adrian Crewe,Max Burroughsford,L,R,Fastball,Groundout,Ground Ball,Pull,110,-0.436373954,0.253755326
6,0,0,0,'0-0,2026-09-13,Brock Badgers,Guelph Gryphons,,Nate Parsons,Alex Picard,L,L,Fastball,Groundout,Ground Ball,Pull,0,0.440981687,0.372126469
6,1,0,0,'0-0,2026-09-13,Brock Badgers,Guelph Gryphons,,Adam Geddes,Alex Picard,L,L,Fastball,Called Strike,,,0,-0.496193657,0.088035725
6,1,0,1,'0-1,2026-09-13,Brock Badgers,Guelph Gryphons,,Adam Geddes,Alex Picard,L,L,Fastball,Lineout,Line Drive,Opposite Field,0,-0.177155242,0.774588356
6,2,0,0,'0-0,2026-09-13,Brock Badgers,Guelph Gryphons,,Gavin Taylor,Alex Picard,R,L,Breaking Ball,Ball,,,0,1.557616139,0.995547824
6,2,1,0,'1-0,2026-09-13,Brock Badgers,Guelph Gryphons,,Gavin Taylor,Alex Picard,R,L,Fastball,Lineout,Line Drive,Straightaway,0,0.520741291,0.245863916
7,0,0,0,'0-0,2026-09-13,Guelph Gryphons,Brock Badgers,,Ethan Westfall,Max Burroughsford,R,R,Changeup,Ball,,,0,-1.433369,0.451040564
7,0,1,0,'1-0,2026-09-13,Guelph Gryphons,Brock Badgers,,Ethan Westfall,Max Burroughsford,R,R,Fastball,Foul,,,0,0.401101885,0.285320964
7,0,1,1,'1-1,2026-09-13,Guelph Gryphons,Brock Badgers,,Ethan Westfall,Max Burroughsford,R,R,Fastball,Ball,,,0,0.560621092,1.129701786
7,0,2,1,'2-1,2026-09-13,Guelph Gryphons,Brock Badgers,,Ethan Westfall,Max Burroughsford,R,R,Changeup,Swinging Strike,,,0,-0.536073458,-0.282860524
7,0,2,2,'2-2,2026-09-13,Guelph Gryphons,Brock Badgers,,Ethan Westfall,Max Burroughsford,R,R,Changeup,Lineout,Line Drive,Pull,0,-0.416434053,0.198515459
7,1,0,0,'0-0,2026-09-13,Guelph Gryphons,Brock Badgers,,Noah Chang,Max Burroughsford,R,R,Fastball,Ball,,,0,0.341282182,0.940307957
7,1,1,0,'1-0,2026-09-13,Guelph Gryphons,Brock Badgers,,Noah Chang,Max Burroughsford,R,R,Changeup,Called Strike,,,0,-1.194090189,0.190624049
7,1,1,1,'1-1,2026-09-13,Guelph Gryphons,Brock Badgers,,Noah Chang,Max Burroughsford,R,R,Changeup,Foul,,,0,-0.595893161,0.277429554
7,1,1,2,'1-2,2026-09-13,Guelph Gryphons,Brock Badgers,,Noah Chang,Max Burroughsford,R,R,Fastball,Strikeout Swinging,,,0,-0.635772963,0.695674261
7,2,0,0,'0-0,2026-09-13,Guelph Gryphons,Brock Badgers,,Jaylen Wood,Max Burroughsford,R,R,Changeup,Ball,,,0,1.338277228,0.782479766
7,2,1,0,'1-0,2026-09-13,Guelph Gryphons,Brock Badgers,,Jaylen Wood,Max Burroughsford,R,R,Fastball,Groundout,Ground Ball,Opposite Field,0,0.261522579,0.143275592
1,0,0,0,'0-0,2026-09-13,Guelph Gryphons,Brock Badgers,,Evan Ogston,Charlie Hughes,R,R,Curveball,Called Strike,,,0,0.181762975,0.277429554
1,0,0,1,'0-1,2026-09-13,Guelph Gryphons,Brock Badgers,,Evan Ogston,Charlie Hughes,R,R,Curveball,Ball,,,0,1.418036832,0.245863916
1,0,1,1,'1-1,2026-09-13,Guelph Gryphons,Brock Badgers,,Evan Ogston,Charlie Hughes,R,R,Changeup,Swinging Strike,,,0,0.700200399,-0.338100391
1,0,1,2,'1-2,2026-09-13,Guelph Gryphons,Brock Badgers,,Evan Ogston,Charlie Hughes,R,R,Curveball,Ball,,,0,0.600500894,-0.188163609
1,0,2,2,'2-2,2026-09-13,Guelph Gryphons,Brock Badgers,,Evan Ogston,Charlie Hughes,R,R,Fastball,Groundout,Ground Ball,Straightaway,0,-0.316734548,0.648325803
1,1,0,0,'0-0,2026-09-13,Guelph Gryphons,Brock Badgers,,Nolan Scicluna,Charlie Hughes,L,R,Fastball,Swinging Strike,,,0,-0.516133557,0.332669421
1,1,0,1,'0-1,2026-09-13,Guelph Gryphons,Brock Badgers,,Nolan Scicluna,Charlie Hughes,L,R,Changeup,Swinging Strike,,,0,-1.373549297,0.277429554
1,1,0,2,'0-2,2026-09-13,Guelph Gryphons,Brock Badgers,,Nolan Scicluna,Charlie Hughes,L,R,Fastball,Flyout,Fly Ball,Straightaway,0,0.361222083,0.474714793
1,2,0,0,'0-0,2026-09-13,Guelph Gryphons,Brock Badgers,,Andrew Johnston,Charlie Hughes,R,R,Curveball,Called Strike,,,0,-0.13727544,0.758805537
1,2,0,1,'0-1,2026-09-13,Guelph Gryphons,Brock Badgers,,Andrew Johnston,Charlie Hughes,R,R,Curveball,Swinging Strike,,,0,0.401101885,1.113918967
1,2,0,2,'0-2,2026-09-13,Guelph Gryphons,Brock Badgers,,Andrew Johnston,Charlie Hughes,R,R,Curveball,Strikeout Swinging,,,0,1.258517625,-0.274969115
1,0,0,0,'0-0,2026-09-13,Brock Badgers,Guelph Gryphons,,Gavin Taylor,Daniel Meron,R,R,Fastball,Called Strike,,,0,0.600500894,0.285320964
1,0,0,1,'0-1,2026-09-13,Brock Badgers,Guelph Gryphons,,Gavin Taylor,Daniel Meron,R,R,Breaking Ball,Ball,,,0,1.956414157,-0.093466695
1,0,1,1,'1-1,2026-09-13,Brock Badgers,Guelph Gryphons,,Gavin Taylor,Daniel Meron,R,R,Fastball,Called Strike,,,0,1.198697922,0.277429554
1,0,1,2,'1-2,2026-09-13,Brock Badgers,Guelph Gryphons,,Gavin Taylor,Daniel Meron,R,R,Breaking Ball,Foul,,,0,0.520741291,0.506280431
1,0,1,2,'1-2,2026-09-13,Brock Badgers,Guelph Gryphons,,Gavin Taylor,Daniel Meron,R,R,Breaking Ball,Strikeout Swinging,,,0,0.381161984,0.695674261
1,1,0,0,'0-0,2026-09-13,Brock Badgers,Guelph Gryphons,,Kade Falardeau,Daniel Meron,R,R,Fastball,Flyout,Fly Ball,Opposite Field,0,0.7201403,0.695674261
1,2,0,0,'0-0,2026-09-13,Brock Badgers,Guelph Gryphons,,Jaden Leeder,Daniel Meron,R,R,Breaking Ball,Ball,,,0,1.617435841,-0.274969115
1,2,1,0,'1-0,2026-09-13,Brock Badgers,Guelph Gryphons,,Jaden Leeder,Daniel Meron,R,R,Fastball,Groundout,Ground Ball,Opposite Field,0,0.620440795,0.600977346
2,0,0,0,'0-0,2026-09-13,Guelph Gryphons,Brock Badgers,,Sawyer Whitaker,Charlie Hughes,L,R,Changeup,Groundout,Ground Ball,Straightaway,0,-0.496193657,0.198515459
2,1,0,0,'0-0,2026-09-13,Guelph Gryphons,Brock Badgers,,Marco Da Gama,Charlie Hughes,R,R,Curveball,Foul,,,0,0.460921588,0.261646735
2,1,0,1,'0-1,2026-09-13,Guelph Gryphons,Brock Badgers,,Marco Da Gama,Charlie Hughes,R,R,Curveball,Ball,,,0,0.460921588,0.940307957
2,1,1,1,'1-1,2026-09-13,Guelph Gryphons,Brock Badgers,,Marco Da Gama,Charlie Hughes,R,R,Curveball,Called Strike,,,0,0.241582678,0.18273264
2,1,1,2,'1-2,2026-09-13,Guelph Gryphons,Brock Badgers,,Marco Da Gama,Charlie Hughes,R,R,Fastball,Groundout,Ground Ball,Straightaway,0,0.261522579,0.640434394
2,2,0,0,'0-0,2026-09-13,Guelph Gryphons,Brock Badgers,,Brendan Cooper,Charlie Hughes,R,R,Curveball,Called Strike,,,0,0.28146248,0.514171841
2,2,0,1,'0-1,2026-09-13,Guelph Gryphons,Brock Badgers,,Brendan Cooper,Charlie Hughes,R,R,Curveball,Groundout,Ground Ball,Pull,0,0.221642777,0.277429554
2,0,0,0,'0-0,2026-09-13,Brock Badgers,Guelph Gryphons,,Flynn Matheson,Daniel Meron,R,R,Fastball,Ball,,,0,1.617435841,-0.022444009
2,0,1,0,'1-0,2026-09-13,Brock Badgers,Guelph Gryphons,,Flynn Matheson,Daniel Meron,R,R,Fastball,Flyout,Fly Ball,Pull,0,0.261522579,0.214298278
2,1,0,0,'0-0,2026-09-13,Brock Badgers,Guelph Gryphons,,Josh Frazer,Daniel Meron,L,R,Offspeed,Swinging Strike,,,0,-0.336674449,0.119601363
2,1,0,1,'0-1,2026-09-13,Brock Badgers,Guelph Gryphons,,Josh Frazer,Daniel Meron,L,R,Offspeed,Ball,,,0,-0.276854746,-0.432797306
2,1,1,1,'1-1,2026-09-13,Brock Badgers,Guelph Gryphons,,Josh Frazer,Daniel Meron,L,R,Offspeed,Called Strike,,,0,-0.57595326,0.632542984
2,1,1,2,'1-2,2026-09-13,Brock Badgers,Guelph Gryphons,,Josh Frazer,Daniel Meron,L,R,Fastball,Ball,,,0,1.757015148,-0.164489381
2,1,2,2,'2-2,2026-09-13,Brock Badgers,Guelph Gryphons,,Josh Frazer,Daniel Meron,L,R,Offspeed,Strikeout Swinging,,,0,-0.875051774,0.17484123
2,2,0,0,'0-0,2026-09-13,Brock Badgers,Guelph Gryphons,,Brady Campbell,Daniel Meron,R,R,Fastball,Called Strike,,,0,0.740080201,0.222189687
2,2,0,1,'0-1,2026-09-13,Brock Badgers,Guelph Gryphons,,Brady Campbell,Daniel Meron,R,R,Breaking Ball,Ball,,,0,1.138878219,-0.369666029
2,2,1,1,'1-1,2026-09-13,Brock Badgers,Guelph Gryphons,,Brady Campbell,Daniel Meron,R,R,Fastball,Ball,,,0,1.517736337,-0.148706562
2,2,2,1,'2-1,2026-09-13,Brock Badgers,Guelph Gryphons,,Brady Campbell,Daniel Meron,R,R,Fastball,Foul,,,0,0.620440795,0.648325803
2,2,2,2,'2-2,2026-09-13,Brock Badgers,Guelph Gryphons,,Brady Campbell,Daniel Meron,R,R,Breaking Ball,Strikeout Looking,,,0,-0.157215341,0.340560831
3,0,0,0,'0-0,2026-09-13,Guelph Gryphons,Brock Badgers,,Ray Gloria,Charlie Hughes,R,R,Curveball,Called Strike,,,0,0.30140238,0.143275592
3,0,0,1,'0-1,2026-09-13,Guelph Gryphons,Brock Badgers,,Ray Gloria,Charlie Hughes,R,R,Curveball,Swinging Strike,,,0,0.440981687,0.380017878
3,0,0,2,'0-2,2026-09-13,Guelph Gryphons,Brock Badgers,,Ray Gloria,Charlie Hughes,R,R,Fastball,Ball,,,0,0.680260498,1.121810376
3,0,1,2,'1-2,2026-09-13,Guelph Gryphons,Brock Badgers,,Ray Gloria,Charlie Hughes,R,R,Curveball,Ball,,,0,1.657315643,-0.1802722
3,0,2,2,'2-2,2026-09-13,Guelph Gryphons,Brock Badgers,,Ray Gloria,Charlie Hughes,R,R,Fastball,Foul,,,0,0.401101885,0.829828223
3,0,2,2,'2-2,2026-09-13,Guelph Gryphons,Brock Badgers,,Ray Gloria,Charlie Hughes,R,R,Curveball,Popout,Pop Up,Straightaway,0,0.401101885,0.640434394
3,1,0,0,'0-0,2026-09-13,Guelph Gryphons,Brock Badgers,,Noah Chang,Charlie Hughes,R,R,Curveball,Called Strike,,,0,-0.436373954,0.34845224
3,1,0,1,'0-1,2026-09-13,Guelph Gryphons,Brock Badgers,,Noah Chang,Charlie Hughes,R,R,Fastball,Ball,,,0,0.620440795,1.23229011
3,1,1,1,'1-1,2026-09-13,Guelph Gryphons,Brock Badgers,,Noah Chang,Charlie Hughes,R,R,Changeup,Swinging Strike,,,0,0.700200399,-0.203946429
3,1,1,2,'1-2,2026-09-13,Guelph Gryphons,Brock Badgers,,Noah Chang,Charlie Hughes,R,R,Curveball,Groundout,Ground Ball,Pull,0,0.50080139,0.743022718
3,2,0,0,'0-0,2026-09-13,Guelph Gryphons,Brock Badgers,,Jaylen Wood,Charlie Hughes,R,R,Changeup,Ball,,,0,1.118938318,-0.1802722
3,2,1,0,'1-0,2026-09-13,Guelph Gryphons,Brock Badgers,,Jaylen Wood,Charlie Hughes,R,R,Changeup,Called Strike,,,0,-0.376554251,0.600977346
3,2,1,1,'1-1,2026-09-13,Guelph Gryphons,Brock Badgers,,Jaylen Wood,Charlie Hughes,R,R,Curveball,Ball,,,0,0.28146248,1.082353329
3,2,2,1,'2-1,2026-09-13,Guelph Gryphons,Brock Badgers,,Jaylen Wood,Charlie Hughes,R,R,Curveball,Ball,,,0,1.457916634,0.837719632
3,2,3,1,'3-1,2026-09-13,Guelph Gryphons,Brock Badgers,,Jaylen Wood,Charlie Hughes,R,R,Fastball,Walk,,,0,0.50080139,1.090244738
3,2,0,0,'0-0,2026-09-13,Guelph Gryphons,Brock Badgers,,Evan Ogston,Charlie Hughes,R,R,Fastball,Ball,,,100,0.341282182,0.948199366
3,2,1,0,'1-0,2026-09-13,Guelph Gryphons,Brock Badgers,,Evan Ogston,Charlie Hughes,R,R,Curveball,Foul,,,100,0.560621092,0.948199366
3,2,1,1,'1-1,2026-09-13,Guelph Gryphons,Brock Badgers,,Evan Ogston,Charlie Hughes,R,R,Curveball,Called Strike,,,100,0.640380696,0.498389022
3,2,1,2,'1-2,2026-09-13,Guelph Gryphons,Brock Badgers,,Evan Ogston,Charlie Hughes,R,R,Curveball,Ball,,,100,0.042183668,-0.322317572
3,2,2,2,'2-2,2026-09-13,Guelph Gryphons,Brock Badgers,,Evan Ogston,Charlie Hughes,R,R,Fastball,Ball,,,100,-0.296794647,1.145484605
3,2,3,2,'3-2,2026-09-13,Guelph Gryphons,Brock Badgers,,Evan Ogston,Charlie Hughes,R,R,Curveball,Walk,,,100,0.859719606,0.672000032
3,2,0,0,'0-0,2026-09-13,Guelph Gryphons,Brock Badgers,,Nolan Scicluna,Charlie Hughes,L,R,Fastball,Flyout,Fly Ball,Straightaway,110,0.421041786,0.593085936
3,0,0,0,'0-0,2026-09-13,Brock Badgers,Guelph Gryphons,,Nate Parsons,Daniel Meron,L,R,Fastball,Ball,,,0,-0.595893161,-0.338100391
3,0,1,0,'1-0,2026-09-13,Brock Badgers,Guelph Gryphons,,Nate Parsons,Daniel Meron,L,R,Fastball,Foul,,,0,-0.456313855,0.585194527
3,0,1,1,'1-1,2026-09-13,Brock Badgers,Guelph Gryphons,,Nate Parsons,Daniel Meron,L,R,Offspeed,Groundout,Ground Ball,Pull,0,-0.536073458,0.821936813
3,1,0,0,'0-0,2026-09-13,Brock Badgers,Guelph Gryphons,,Nolan Phelan,Daniel Meron,R,R,Fastball,Ball,,,0,0.480861489,1.106027557
3,1,1,0,'1-0,2026-09-13,Brock Badgers,Guelph Gryphons,,Nolan Phelan,Daniel Meron,R,R,Fastball,Lineout,Line Drive,Pull,0,0.381161984,0.190624049
3,2,0,0,'0-0,2026-09-13,Brock Badgers,Guelph Gryphons,,Adam Geddes,Daniel Meron,L,R,Offspeed,Called Strike,,,0,0.460921588,0.427366336
3,2,0,1,'0-1,2026-09-13,Brock Badgers,Guelph Gryphons,,Adam Geddes,Daniel Meron,L,R,Offspeed,Foul,,,0,-0.556013359,0.18273264
3,2,0,2,'0-2,2026-09-13,Brock Badgers,Guelph Gryphons,,Adam Geddes,Daniel Meron,L,R,Offspeed,Triple,Fly Ball,Pull,0,-0.655712864,0.766696947
3,2,0,0,'0-0,2026-09-13,Brock Badgers,Guelph Gryphons,,Gavin Taylor,Daniel Meron,R,R,Breaking Ball,Ball,,,1,1.298397427,-0.235512067
3,2,1,0,'1-0,2026-09-13,Brock Badgers,Guelph Gryphons,,Gavin Taylor,Daniel Meron,R,R,Fastball,Ball,,,1,1.497796436,0.821936813
3,2,2,0,'2-0,2026-09-13,Brock Badgers,Guelph Gryphons,,Gavin Taylor,Daniel Meron,R,R,Fastball,Ball,,,1,-0.35661435,-0.132923743
3,2,3,0,'3-0,2026-09-13,Brock Badgers,Guelph Gryphons,,Gavin Taylor,Daniel Meron,R,R,Breaking Ball,Walk,,,1,0.440981687,-0.219729248
3,2,0,0,'0-0,2026-09-13,Brock Badgers,Guelph Gryphons,,Kade Falardeau,Daniel Meron,R,R,Fastball,Called Strike,,,101,0.28146248,0.640434394
3,2,0,1,'0-1,2026-09-13,Brock Badgers,Guelph Gryphons,,Kade Falardeau,Daniel Meron,R,R,Fastball,Ball,,,101,1.278457526,0.892959499
3,2,1,1,'1-1,2026-09-13,Brock Badgers,Guelph Gryphons,,Kade Falardeau,Daniel Meron,R,R,Breaking Ball,Called Strike,,,11,0.241582678,0.806153994
3,2,1,2,'1-2,2026-09-13,Brock Badgers,Guelph Gryphons,,Kade Falardeau,Daniel Meron,R,R,Breaking Ball,Groundout,Ground Ball,Straightaway,11,0.440981687,0.285320964
4,0,0,0,'0-0,2026-09-13,Guelph Gryphons,Brock Badgers,,Andrew Johnston,Charlie Hughes,R,R,Curveball,Called Strike,,,0,0.28146248,0.814045404
4,0,0,1,'0-1,2026-09-13,Guelph Gryphons,Brock Badgers,,Andrew Johnston,Charlie Hughes,R,R,Curveball,Foul,,,0,0.421041786,0.143275592
4,0,0,2,'0-2,2026-09-13,Guelph Gryphons,Brock Badgers,,Andrew Johnston,Charlie Hughes,R,R,Curveball,Ball,,,0,1.238577724,-0.36177462
4,0,1,2,'1-2,2026-09-13,Guelph Gryphons,Brock Badgers,,Andrew Johnston,Charlie Hughes,R,R,Fastball,Single,Line Drive,Opposite Field,0,0.560621092,0.648325803
4,0,0,0,'0-0,2026-09-13,Guelph Gryphons,Brock Badgers,,Sawyer Whitaker,Charlie Hughes,L,R,Fastball,Ball,,,100,1.15881812,0.837719632
4,0,1,0,'1-0,2026-09-13,Guelph Gryphons,Brock Badgers,,Sawyer Whitaker,Charlie Hughes,L,R,Fastball,Single,Ground Ball,Straightaway,100,-0.496193657,0.198515459
4,0,0,0,'0-0,2026-09-13,Guelph Gryphons,Brock Badgers,,Marco Da Gama,Charlie Hughes,R,R,Curveball,Sacrifice Bunt,Ground Ball,Pull,110,-0.336674449,0.750914127
4,1,0,0,'0-0,2026-09-13,Guelph Gryphons,Brock Badgers,,Brendan Cooper,Charlie Hughes,R,R,Changeup,Foul,,,11,0.261522579,0.648325803
4,1,0,1,'0-1,2026-09-13,Guelph Gryphons,Brock Badgers,,Brendan Cooper,Charlie Hughes,R,R,Curveball,Ball,,,11,0.321342281,0.940307957
4,1,1,1,'1-1,2026-09-13,Guelph Gryphons,Brock Badgers,,Brendan Cooper,Charlie Hughes,R,R,Changeup,Ball,,,11,0.221642777,1.121810376
4,1,2,1,'2-1,2026-09-13,Guelph Gryphons,Brock Badgers,,Brendan Cooper,Charlie Hughes,R,R,Fastball,Swinging Strike,,,11,-0.35661435,0.411583517
4,1,2,2,'2-2,2026-09-13,Guelph Gryphons,Brock Badgers,,Brendan Cooper,Charlie Hughes,R,R,Fastball,Foul,,,11,0.440981687,0.624651575
4,1,2,2,'2-2,2026-09-13,Guelph Gryphons,Brock Badgers,,Brendan Cooper,Charlie Hughes,R,R,Changeup,Single,Ground Ball,Pull,11,0.421041786,0.419474926
4,1,0,0,'0-0,2026-09-13,Guelph Gryphons,Brock Badgers,,Ray Gloria,Charlie Hughes,R,R,Fastball,Sacrifice Fly,Fly Ball,Straightaway,11,0.460921588,0.766696947
4,2,0,0,'0-0,2026-09-13,Guelph Gryphons,Brock Badgers,,Noah Chang,Charlie Hughes,R,R,Fastball,Ball,,,10,-1.21403009,0.758805537
4,2,1,1,'1-1,2026-09-13,Guelph Gryphons,Brock Badgers,,Noah Chang,Charlie Hughes,L,R,Curveball,Called Strike,,,10,0.600500894,0.514171841
4,2,1,2,'1-2,2026-09-13,Guelph Gryphons,Brock Badgers,,Noah Chang,Charlie Hughes,L,R,Fastball,Foul,,,10,0.680260498,0.198515459
4,2,1,2,'1-2,2026-09-13,Guelph Gryphons,Brock Badgers,,Noah Chang,Charlie Hughes,L,R,Changeup,Foul,,,10,0.740080201,-0.17238079
4,2,1,2,'1-2,2026-09-13,Guelph Gryphons,Brock Badgers,,Noah Chang,Charlie Hughes,L,R,Fastball,Ball,,,10,-0.456313855,1.208615881
4,2,2,2,'2-2,2026-09-13,Guelph Gryphons,Brock Badgers,,Noah Chang,Charlie Hughes,L,R,Curveball,Strikeout Swinging,,,10,1.59749594,0.056470087
4,0,0,0,'0-0,2026-09-13,Brock Badgers,Guelph Gryphons,,Jaden Leeder,Daniel Meron,R,R,Breaking Ball,Ball,,,0,1.856714652,0.466823384
4,0,1,0,'1-0,2026-09-13,Brock Badgers,Guelph Gryphons,,Jaden Leeder,Daniel Meron,R,R,Fastball,Error,Ground Ball,Opposite Field,0,0.440981687,0.798262585
4,0,0,0,'0-0,2026-09-13,Brock Badgers,Guelph Gryphons,,Flynn Matheson,Daniel Meron,R,R,Fastball,Single,Line Drive,Straightaway,100,0.520741291,0.364235059
4,0,0,0,'0-0,2026-09-13,Brock Badgers,Guelph Gryphons,,Josh Frazer,Daniel Meron,L,R,Offspeed,Ball,,,110,-1.453308901,1.177050243
4,0,1,0,'1-0,2026-09-13,Brock Badgers,Guelph Gryphons,,Josh Frazer,Daniel Meron,L,R,Offspeed,Swinging Strike,,,110,0.361222083,0.143275592
4,0,1,1,'1-1,2026-09-13,Brock Badgers,Guelph Gryphons,,Josh Frazer,Daniel Meron,L,R,Fastball,Single,Ground Ball,Opposite Field,110,0.460921588,0.269538145
4,0,0,0,'0-0,2026-09-13,Brock Badgers,Guelph Gryphons,,Brady Campbell,Daniel Meron,R,R,Breaking Ball,Ball,,,111,0.979359012,-0.338100391
4,0,1,0,'1-0,2026-09-13,Brock Badgers,Guelph Gryphons,,Brady Campbell,Daniel Meron,R,R,Fastball,Called Strike,,,111,1.15881812,0.395800698
4,0,1,1,'1-1,2026-09-13,Brock Badgers,Guelph Gryphons,,Brady Campbell,Daniel Meron,R,R,Breaking Ball,Flyout,Fly Ball,Opposite Field,111,0.321342281,0.743022718
4,1,0,0,'0-0,2026-09-13,Brock Badgers,Guelph Gryphons,,Nate Parsons,Daniel Meron,L,R,Fastball,Foul,,,101,1.37815703,0.743022718
4,1,0,1,'0-1,2026-09-13,Brock Badgers,Guelph Gryphons,,Nate Parsons,Daniel Meron,L,R,Breaking Ball,Ball,,,101,0.421041786,-0.188163609
4,1,1,1,'1-1,2026-09-13,Brock Badgers,Guelph Gryphons,,Nate Parsons,Daniel Meron,L,R,Fastball,Sacrifice Fly,Fly Ball,Straightaway,11,-0.316734548,0.837719632
4,2,0,0,'0-0,2026-09-13,Brock Badgers,Guelph Gryphons,,Nolan Phelan,Daniel Meron,R,R,Breaking Ball,Called Strike,,,10,0.401101885,1.074461919
4,2,0,1,'0-1,2026-09-13,Brock Badgers,Guelph Gryphons,,Nolan Phelan,Daniel Meron,R,R,Breaking Ball,Flyout,Fly Ball,Straightaway,10,0.181762975,0.34845224
5,0,0,0,'0-0,2026-09-13,Guelph Gryphons,Brock Badgers,,Jaylen Wood,Charlie Hughes,R,R,Curveball,Called Strike,,,0,0.341282182,0.679891441
5,0,0,1,'0-1,2026-09-13,Guelph Gryphons,Brock Badgers,,Jaylen Wood,Charlie Hughes,R,R,Curveball,Groundout,Ground Ball,Straightaway,0,0.580560993,0.316886602
5,1,0,0,'0-0,2026-09-13,Guelph Gryphons,Brock Badgers,,Evan Ogston,Charlie Hughes,R,R,Curveball,Groundout,Ground Ball,Pull,0,-0.675652765,0.52206325
5,2,0,0,'0-0,2026-09-13,Guelph Gryphons,Brock Badgers,,Nolan Scicluna,Charlie Hughes,L,R,Curveball,Called Strike,,,0,-0.775352269,0.261646735
5,2,0,1,'0-1,2026-09-13,Guelph Gryphons,Brock Badgers,,Nolan Scicluna,Charlie Hughes,L,R,Changeup,Swinging Strike,,,0,-0.57595326,-0.211837838
5,2,0,2,'0-2,2026-09-13,Guelph Gryphons,Brock Badgers,,Nolan Scicluna,Charlie Hughes,L,R,Fastball,Ball,,,0,-0.536073458,1.177050243
5,2,1,2,'1-2,2026-09-13,Guelph Gryphons,Brock Badgers,,Nolan Scicluna,Charlie Hughes,L,R,Changeup,Strikeout Swinging,,,0,-0.316734548,-0.330208981
5,0,0,0,'0-0,2026-09-13,Brock Badgers,Guelph Gryphons,,Adam Geddes,Daniel Meron,L,R,Fastball,Ball,,,0,0.30140238,-0.345991801
5,0,1,0,'1-0,2026-09-13,Brock Badgers,Guelph Gryphons,,Adam Geddes,Daniel Meron,L,R,Fastball,Ball,,,0,0.640380696,-0.401231667
5,0,2,0,'2-0,2026-09-13,Brock Badgers,Guelph Gryphons,,Adam Geddes,Daniel Meron,L,R,Breaking Ball,Ball,,,0,0.580560993,0.837719632
5,0,3,0,'3-0,2026-09-13,Brock Badgers,Guelph Gryphons,,Adam Geddes,Daniel Meron,L,R,Fastball,Called Strike,,,0,0.381161984,0.443149155
5,0,3,1,'3-1,2026-09-13,Brock Badgers,Guelph Gryphons,,Adam Geddes,Daniel Meron,L,R,Fastball,Walk,,,0,0.361222083,-0.093466695
5,0,0,0,'0-0,2026-09-13,Brock Badgers,Guelph Gryphons,,Gavin Taylor,Daniel Meron,R,R,Breaking Ball,Ball,,,100,0.421041786,1.121810376
5,0,1,0,'1-0,2026-09-13,Brock Badgers,Guelph Gryphons,,Gavin Taylor,Daniel Meron,R,R,Fastball,Called Strike,,,100,0.700200399,0.135384182
5,0,1,1,'1-1,2026-09-13,Brock Badgers,Guelph Gryphons,,Gavin Taylor,Daniel Meron,R,R,Breaking Ball,Ball,,,10,-0.695592666,1.082353329
5,0,2,1,'2-1,2026-09-13,Brock Badgers,Guelph Gryphons,,Gavin Taylor,Daniel Meron,R,R,Fastball,Ball,,,1,0.620440795,1.121810376
5,0,3,1,'3-1,2026-09-13,Brock Badgers,Guelph Gryphons,,Gavin Taylor,Daniel Meron,R,R,Fastball,Walk,,,1,0.540681192,1.106027557
5,0,0,0,'0-0,2026-09-13,Brock Badgers,Guelph Gryphons,,Kade Falardeau,Daniel Meron,R,R,Fastball,Ball,,,101,0.221642777,1.106027557
5,0,1,0,'1-0,2026-09-13,Brock Badgers,Guelph Gryphons,,Kade Falardeau,Daniel Meron,R,R,Fastball,Ball,,,11,0.819839804,-0.227620657
5,0,2,0,'2-0,2026-09-13,Brock Badgers,Guelph Gryphons,,Kade Falardeau,Daniel Meron,R,R,Breaking Ball,Called Strike,,,11,0.7201403,0.616760165
5,0,2,1,'2-1,2026-09-13,Brock Badgers,Guelph Gryphons,,Kade Falardeau,Daniel Meron,R,R,Fastball,Single,Ground Ball,Pull,11,0.181762975,0.735131308
5,0,0,0,'0-0,2026-09-13,Brock Badgers,Guelph Gryphons,,Jaden Leeder,Vinny Bouchard Wright,R,L,Fastball,Ball,,,101,1.098998417,1.208615881
5,0,1,0,'1-0,2026-09-13,Brock Badgers,Guelph Gryphons,,Jaden Leeder,Vinny Bouchard Wright,R,L,Fastball,Ball,,,11,0.879659507,-0.196055019
5,0,2,0,'2-0,2026-09-13,Brock Badgers,Guelph Gryphons,,Jaden Leeder,Vinny Bouchard Wright,R,L,Fastball,Foul,,,11,1.238577724,0.451040564
5,0,2,1,'2-1,2026-09-13,Brock Badgers,Guelph Gryphons,,Jaden Leeder,Vinny Bouchard Wright,R,L,Offspeed,Swinging Strike,,,11,1.637375742,0.056470087
5,0,2,2,'2-2,2026-09-13,Brock Badgers,Guelph Gryphons,,Jaden Leeder,Vinny Bouchard Wright,R,L,Offspeed,Ball,,,11,0.799899904,-0.432797306
5,0,3,2,'3-2,2026-09-13,Brock Badgers,Guelph Gryphons,,Jaden Leeder,Vinny Bouchard Wright,R,L,Breaking Ball,Strikeout Looking,,,11,0.680260498,0.585194527
5,1,0,0,'0-0,2026-09-13,Brock Badgers,Guelph Gryphons,,Flynn Matheson,Vinny Bouchard Wright,R,L,Fastball,Foul,,,11,0.7201403,0.672000032
5,1,0,1,'0-1,2026-09-13,Brock Badgers,Guelph Gryphons,,Flynn Matheson,Vinny Bouchard Wright,R,L,Offspeed,Ball,,,11,1.936474256,-0.203946429
5,1,1,1,'1-1,2026-09-13,Brock Badgers,Guelph Gryphons,,Flynn Matheson,Vinny Bouchard Wright,R,L,Fastball,Groundout,Ground Ball,Pull,11,0.261522579,0.648325803
5,2,0,0,'0-0,2026-09-13,Brock Badgers,Guelph Gryphons,,Josh Frazer,Vinny Bouchard Wright,L,L,Breaking Ball,Called Strike,,,110,-0.635772963,0.34845224
5,2,0,1,'0-1,2026-09-13,Brock Badgers,Guelph Gryphons,,Josh Frazer,Vinny Bouchard Wright,L,L,Breaking Ball,Swinging Strike,,,110,0.520741291,-0.211837838
5,2,0,2,'0-2,2026-09-13,Brock Badgers,Guelph Gryphons,,Josh Frazer,Vinny Bouchard Wright,L,L,Breaking Ball,Single,Line Drive,Opposite Field,110,-0.436373954,0.206406868
5,2,0,0,'0-0,2026-09-13,Brock Badgers,Guelph Gryphons,,Brady Campbell,Vinny Bouchard Wright,R,L,Fastball,Called Strike,,,100,0.28146248,0.821936813
5,2,0,1,'0-1,2026-09-13,Brock Badgers,Guelph Gryphons,,Brady Campbell,Vinny Bouchard Wright,R,L,Fastball,Foul,,,100,0.421041786,0.545737479
5,2,0,2,'0-2,2026-09-13,Brock Badgers,Guelph Gryphons,,Brady Campbell,Vinny Bouchard Wright,R,L,Offspeed,Ball,,,100,1.398096931,-0.203946429
5,2,1,2,'1-2,2026-09-13,Brock Badgers,Guelph Gryphons,,Brady Campbell,Vinny Bouchard Wright,R,L,Fastball,Flyout,Fly Ball,Opposite Field,100,0.440981687,0.672000032
6,0,0,0,'0-0,2026-09-13,Guelph Gryphons,Brock Badgers,,Andrew Johnston,Jack Tiessen,R,R,Curveball,Ball,,,0,-0.57595326,1.113918967
6,0,1,0,'1-0,2026-09-13,Guelph Gryphons,Brock Badgers,,Andrew Johnston,Jack Tiessen,R,R,Fastball,Ball,,,0,1.936474256,0.048578677
6,0,2,0,'2-0,2026-09-13,Guelph Gryphons,Brock Badgers,,Andrew Johnston,Jack Tiessen,R,R,Curveball,Called Strike,,,0,0.460921588,0.892959499
6,0,2,1,'2-1,2026-09-13,Guelph Gryphons,Brock Badgers,,Andrew Johnston,Jack Tiessen,R,R,Curveball,Foul,,,0,0.201702876,0.869285271
6,0,2,2,'2-2,2026-09-13,Guelph Gryphons,Brock Badgers,,Andrew Johnston,Jack Tiessen,R,R,Changeup,Foul,,,0,0.361222083,0.806153994
6,0,2,2,'2-2,2026-09-13,Guelph Gryphons,Brock Badgers,,Andrew Johnston,Jack Tiessen,R,R,Curveball,Popout,Pop Up,Opposite Field,0,-0.376554251,0.829828223
6,1,0,0,'0-0,2026-09-13,Guelph Gryphons,Brock Badgers,,Sawyer Whitaker,Jack Tiessen,L,R,Fastball,Groundout,Ground Ball,Straightaway,0,-0.396494152,0.214298278
6,2,0,0,'0-0,2026-09-13,Guelph Gryphons,Brock Badgers,,Marco Da Gama,Jack Tiessen,R,R,Curveball,Ball,,,0,0.460921588,-0.401231667
6,2,1,0,'1-0,2026-09-13,Guelph Gryphons,Brock Badgers,,Marco Da Gama,Jack Tiessen,R,R,Curveball,Ball,,,0,0.740080201,-0.322317572
6,2,2,0,'2-0,2026-09-13,Guelph Gryphons,Brock Badgers,,Marco Da Gama,Jack Tiessen,R,R,Fastball,Called Strike,,,0,0.680260498,0.861393861
6,2,2,1,'2-1,2026-09-13,Guelph Gryphons,Brock Badgers,,Marco Da Gama,Jack Tiessen,R,R,Fastball,Called Strike,,,0,0.839779705,0.687782851
6,2,2,2,'2-2,2026-09-13,Guelph Gryphons,Brock Badgers,,Marco Da Gama,Jack Tiessen,R,R,Fastball,Ball,,,0,-0.456313855,1.066570509
6,2,3,2,'3-2,2026-09-13,Guelph Gryphons,Brock Badgers,,Marco Da Gama,Jack Tiessen,R,R,Fastball,Foul,,,0,0.600500894,0.095927134
6,2,3,2,'3-2,2026-09-13,Guelph Gryphons,Brock Badgers,,Marco Da Gama,Jack Tiessen,R,R,Fastball,Strikeout Looking,,,0,0.680260498,0.908742318
6,0,0,0,'0-0,2026-09-13,Brock Badgers,Guelph Gryphons,,Nate Parsons,Vinny Bouchard Wright,L,L,Breaking Ball,Ball,,,0,1.178758021,0.790371175
6,0,1,0,'1-0,2026-09-13,Brock Badgers,Guelph Gryphons,,Nate Parsons,Vinny Bouchard Wright,L,L,Breaking Ball,Ball,,,0,-1.373549297,0.750914127
6,0,2,0,'2-0,2026-09-13,Brock Badgers,Guelph Gryphons,,Nate Parsons,Vinny Bouchard Wright,L,L,Fastball,Groundout,Ground Ball,Pull,0,0.261522579,0.814045404
6,1,0,0,'0-0,2026-09-13,Brock Badgers,Guelph Gryphons,,Liam Riley,Vinny Bouchard Wright,R,L,Fastball,Foul,,,0,0.401101885,0.435257745
6,1,0,1,'0-1,2026-09-13,Brock Badgers,Guelph Gryphons,,Liam Riley,Vinny Bouchard Wright,R,L,Fastball,Ball,,,0,-0.236974945,-0.219729248
6,1,1,1,'1-1,2026-09-13,Brock Badgers,Guelph Gryphons,,Liam Riley,Vinny Bouchard Wright,R,L,Fastball,Ball,,,0,1.37815703,0.308995192
6,1,2,1,'2-1,2026-09-13,Brock Badgers,Guelph Gryphons,,Liam Riley,Vinny Bouchard Wright,R,L,Fastball,Called Strike,,,0,0.740080201,0.806153994
6,1,2,2,'2-2,2026-09-13,Brock Badgers,Guelph Gryphons,,Liam Riley,Vinny Bouchard Wright,R,L,Fastball,Foul,,,0,-0.496193657,0.332669421
6,1,2,2,'2-2,2026-09-13,Brock Badgers,Guelph Gryphons,,Liam Riley,Vinny Bouchard Wright,R,L,Fastball,Foul,,,0,0.08206347,0.119601363
6,1,2,2,'2-2,2026-09-13,Brock Badgers,Guelph Gryphons,,Liam Riley,Vinny Bouchard Wright,R,L,Fastball,Ball,,,0,1.437976733,-0.077683876
6,1,3,2,'3-2,2026-09-13,Brock Badgers,Guelph Gryphons,,Liam Riley,Vinny Bouchard Wright,R,L,Fastball,Groundout,Ground Ball,Straightaway,0,0.620440795,0.593085936
6,2,0,0,'0-0,2026-09-13,Brock Badgers,Guelph Gryphons,,Adam Geddes,Harrison Young,L,L,Fastball,Ball,,,0,-0.79529217,-0.188163609
6,2,1,0,'1-0,2026-09-13,Brock Badgers,Guelph Gryphons,,Adam Geddes,Harrison Young,L,L,Fastball,Ball,,,0,0.600500894,-0.274969115
6,2,2,0,'2-0,2026-09-13,Brock Badgers,Guelph Gryphons,,Adam Geddes,Harrison Young,L,L,Fastball,Ball,,,0,-0.934871477,-0.298643343
6,2,3,0,'3-0,2026-09-13,Brock Badgers,Guelph Gryphons,,Adam Geddes,Harrison Young,L,L,Fastball,Called Strike,,,0,-0.556013359,0.727239899
6,2,3,1,'3-1,2026-09-13,Brock Badgers,Guelph Gryphons,,Adam Geddes,Harrison Young,L,L,Fastball,Groundout,Ground Ball,Pull,0,0.361222083,0.285320964
7,0,0,0,'0-0,2026-09-13,Guelph Gryphons,Brock Badgers,,Brendan Cooper,Jack Tiessen,R,R,Fastball,Called Strike,,,0,0.341282182,0.758805537
7,0,0,1,'0-1,2026-09-13,Guelph Gryphons,Brock Badgers,,Brendan Cooper,Jack Tiessen,R,R,Changeup,Ball,,,0,-0.875051774,1.121810376
7,0,1,1,'1-1,2026-09-13,Guelph Gryphons,Brock Badgers,,Brendan Cooper,Jack Tiessen,R,R,Fastball,Ball,,,0,-0.456313855,1.098136148
7,0,2,1,'2-1,2026-09-13,Guelph Gryphons,Brock Badgers,,Brendan Cooper,Jack Tiessen,R,R,Fastball,Foul,,,0,0.221642777,0.088035725
7,0,2,2,'2-2,2026-09-13,Guelph Gryphons,Brock Badgers,,Brendan Cooper,Jack Tiessen,R,R,Fastball,Hit By Pitch,,,0,-1.572948306,1.003439233
7,0,0,0,'0-0,2026-09-13,Guelph Gryphons,Brock Badgers,,Jack Gillis,Jack Tiessen,L,R,Fastball,Ball,,,100,-0.296794647,-0.330208981
7,0,1,0,'1-0,2026-09-13,Guelph Gryphons,Brock Badgers,,Jack Gillis,Jack Tiessen,L,R,Fastball,Ball,,,100,1.198697922,-0.401231667
7,0,2,0,'2-0,2026-09-13,Guelph Gryphons,Brock Badgers,,Jack Gillis,Jack Tiessen,L,R,Fastball,Swinging Strike,,,100,0.421041786,-0.1802722
7,0,2,1,'2-1,2026-09-13,Guelph Gryphons,Brock Badgers,,Jack Gillis,Jack Tiessen,L,R,Fastball,Double,Fly Ball,Straightaway,100,-0.396494152,0.845611042
7,0,0,0,'0-0,2026-09-13,Guelph Gryphons,Brock Badgers,,Noah Chang,Jack Tiessen,R,R,Fastball,Swinging Strike,,,11,0.50080139,0.269538145
7,0,0,1,'0-1,2026-09-13,Guelph Gryphons,Brock Badgers,,Noah Chang,Jack Tiessen,R,R,Fastball,Called Strike,,,11,0.680260498,0.395800698
7,0,0,2,'0-2,2026-09-13,Guelph Gryphons,Brock Badgers,,Noah Chang,Jack Tiessen,R,R,Fastball,Ball,,,11,1.298397427,0.214298278
7,0,1,2,'1-2,2026-09-13,Guelph Gryphons,Brock Badgers,,Noah Chang,Jack Tiessen,R,R,Fastball,Groundout,Ground Ball,Straightaway,11,0.401101885,0.656217213
7,1,0,0,'0-0,2026-09-13,Guelph Gryphons,Brock Badgers,,Jaylen Wood,Jack Tiessen,R,R,Fastball,Ball,,,1,1.697195445,-0.1802722
7,1,1,0,'1-0,2026-09-13,Guelph Gryphons,Brock Badgers,,Jaylen Wood,Jack Tiessen,R,R,Fastball,Ball,,,1,0.50080139,0.956090776
7,1,2,0,'2-0,2026-09-13,Guelph Gryphons,Brock Badgers,,Jaylen Wood,Jack Tiessen,R,R,Fastball,Foul,,,1,0.859719606,0.845611042
7,1,2,1,'2-1,2026-09-13,Guelph Gryphons,Brock Badgers,,Jaylen Wood,Jack Tiessen,R,R,Fastball,Ball,,,1,0.660320597,-0.36177462
7,1,3,1,'3-1,2026-09-13,Guelph Gryphons,Brock Badgers,,Jaylen Wood,Jack Tiessen,R,R,Fastball,Walk,,,1,-1.134270486,1.169158834
7,1,0,0,'0-0,2026-09-13,Guelph Gryphons,Brock Badgers,,Evan Ogston,Max Van Dam,R,L,Fastball,Groundout,Ground Ball,Pull,101,0.540681192,0.672000032
7,2,0,0,'0-0,2026-09-13,Guelph Gryphons,Brock Badgers,,Nolan Scicluna,Max Van Dam,L,L,Fastball,Ball,,,11,1.418036832,-0.235512067
7,2,1,0,'1-0,2026-09-13,Guelph Gryphons,Brock Badgers,,Nolan Scicluna,Max Van Dam,L,L,Fastball,Ball,,,11,-0.476253756,-0.259186295
7,2,2,0,'2-0,2026-09-13,Guelph Gryphons,Brock Badgers,,Nolan Scicluna,Max Van Dam,L,L,Fastball,Foul,,,11,0.460921588,0.593085936
7,2,2,1,'2-1,2026-09-13,Guelph Gryphons,Brock Badgers,,Nolan Scicluna,Max Van Dam,L,L,Fastball,Ball,,,11,-0.755412369,0.372126469
7,2,3,1,'3-1,2026-09-13,Guelph Gryphons,Brock Badgers,,Nolan Scicluna,Max Van Dam,L,L,Fastball,Walk,,,11,1.318337327,0.814045404
7,2,0,0,'0-0,2026-09-13,Guelph Gryphons,Brock Badgers,,Adrian Crewe,Max Van Dam,L,L,Fastball,Foul,,,111,0.50080139,0.364235059
7,2,0,1,'0-1,2026-09-13,Guelph Gryphons,Brock Badgers,,Adrian Crewe,Max Van Dam,L,L,Fastball,Called Strike,,,111,-0.556013359,0.845611042
7,2,0,2,'0-2,2026-09-13,Guelph Gryphons,Brock Badgers,,Adrian Crewe,Max Van Dam,L,L,Slider,Ball,,,111,-0.35661435,-0.511711401
7,2,1,2,'1-2,2026-09-13,Guelph Gryphons,Brock Badgers,,Adrian Crewe,Max Van Dam,L,L,Fastball,Foul,,,111,0.421041786,0.679891441
7,2,1,2,'1-2,2026-09-13,Guelph Gryphons,Brock Badgers,,Adrian Crewe,Max Van Dam,L,L,Slider,Foul,,,111,-0.396494152,-0.117140923
7,2,1,2,'1-2,2026-09-13,Guelph Gryphons,Brock Badgers,,Adrian Crewe,Max Van Dam,L,L,Fastball,Groundout,Ground Ball,Straightaway,111,0.28146248,0.837719632
1,0,0,0,'0-0,2026-09-16,Brock Badgers,Brock Badgers,,Avery Brooks,Jack Cohen,R,R,Fastball,Ball,,,111,-0.536073458,-0.424905896
1,0,1,0,'1-0,2026-09-16,Brock Badgers,Brock Badgers,,Avery Brooks,Jack Cohen,R,R,Fastball,Foul,,,,0.440981687,0.245863916
1,0,1,1,'1-1,2026-09-16,Brock Badgers,Brock Badgers,,Avery Brooks,Jack Cohen,R,R,Fastball,Ball,,,,1.697195445,-0.203946429
1,0,2,1,'2-1,2026-09-16,Brock Badgers,Brock Badgers,,Avery Brooks,Jack Cohen,R,R,Fastball,Called Strike,,,,-0.416434053,0.088035725
1,0,2,2,'2-2,2026-09-16,Brock Badgers,Brock Badgers,,Avery Brooks,Jack Cohen,R,R,Fastball,Foul,,,,0.600500894,-0.1802722
1,0,2,2,'2-2,2026-09-16,Brock Badgers,Brock Badgers,,Avery Brooks,Jack Cohen,R,R,Slider,Ball,,,,1.298397427,-0.298643343
1,0,3,2,'3-2,2026-09-16,Brock Badgers,Brock Badgers,,Avery Brooks,Jack Cohen,R,R,Fastball,Foul,,,,0.879659507,-0.077683876
1,0,3,2,'3-2,2026-09-16,Brock Badgers,Brock Badgers,,Avery Brooks,Jack Cohen,R,R,Fastball,Error,Fly Ball,Opposite Field,,0.421041786,0.624651575
1,0,0,0,'0-0,2026-09-16,Brock Badgers,Brock Badgers,,Colin Mockford,Jack Cohen,L,R,Fastball,Ball,,,,1.238577724,0.324778012
1,0,1,0,'1-0,2026-09-16,Brock Badgers,Brock Badgers,,Colin Mockford,Jack Cohen,L,R,Fastball,Foul,,,,-0.376554251,0.222189687
1,0,1,1,'1-1,2026-09-16,Brock Badgers,Brock Badgers,,Colin Mockford,Jack Cohen,L,R,Fastball,Ball,,,,-1.712527613,0.230081097
1,0,2,1,'2-1,2026-09-16,Brock Badgers,Brock Badgers,,Colin Mockford,Jack Cohen,L,R,Fastball,Swinging Strike,,,,-0.695592666,0.616760165
1,0,2,2,'2-2,2026-09-16,Brock Badgers,Brock Badgers,,Colin Mockford,Jack Cohen,L,R,Slider,Strikeout Swinging,,,,-0.556013359,-0.251294886
1,1,0,0,'0-0,2026-09-16,Brock Badgers,Brock Badgers,,Brayden Sowrey,Jack Cohen,R,R,Slider,Swinging Strike,,,,1.238577724,-0.132923743
1,1,0,1,'0-1,2026-09-16,Brock Badgers,Brock Badgers,,Brayden Sowrey,Jack Cohen,R,R,Fastball,Ball,,,,-1.493188703,0.829828223
1,1,1,1,'1-1,2026-09-16,Brock Badgers,Brock Badgers,,Brayden Sowrey,Jack Cohen,R,R,Fastball,Ball,,,,1.019238814,-0.345991801
1,1,2,1,'2-1,2026-09-16,Brock Badgers,Brock Badgers,,Brayden Sowrey,Jack Cohen,R,R,Fastball,Ball,,,,1.318337327,0.774588356
1,1,3,1,'3-1,2026-09-16,Brock Badgers,Brock Badgers,,Brayden Sowrey,Jack Cohen,R,R,Fastball,Foul,,,,-0.037575935,0.214298278
1,1,3,2,'3-2,2026-09-16,Brock Badgers,Brock Badgers,,Brayden Sowrey,Jack Cohen,R,R,Fastball,Flyout,Fly Ball,Opposite Field,,-0.336674449,0.695674261
1,2,0,0,'0-0,2026-09-16,Brock Badgers,Brock Badgers,,Liam Riley,Jack Cohen,R,R,Fastball,Called Strike,,,,-0.536073458,0.735131308
1,2,0,1,'0-1,2026-09-16,Brock Badgers,Brock Badgers,,Liam Riley,Jack Cohen,R,R,Fastball,Groundout,Ground Ball,Straightaway,,-0.615833062,0.190624049
1,0,0,0,'0-0,2026-09-16,Brock Badgers,Brock Badgers,,Tim Somerville,Nolan McFarlane,R,R,Fastball,Ball,,,,,
1,0,1,0,'1-0,2026-09-16,Brock Badgers,Brock Badgers,,Tim Somerville,Nolan McFarlane,R,R,Changeup,Ball,,,,-1.692587712,-0.093466695
1,0,2,0,'2-0,2026-09-16,Brock Badgers,Brock Badgers,,Tim Somerville,Nolan McFarlane,R,R,Slider,Groundout,Ground Ball,Straightaway,,0.560621092,0.18273264
1,1,0,0,'0-0,2026-09-16,Brock Badgers,Brock Badgers,,Colin Mockford,Nolan McFarlane,L,R,Changeup,Called Strike,,,,-0.695592666,0.569411708
1,1,0,1,'0-1,2026-09-16,Brock Badgers,Brock Badgers,,Colin Mockford,Nolan McFarlane,L,R,Changeup,Ball,,,,-1.373549297,0.032795858
1,1,1,1,'1-1,2026-09-16,Brock Badgers,Brock Badgers,,Colin Mockford,Nolan McFarlane,L,R,Fastball,Swinging Strike,,,,-0.595893161,0.758805537
1,1,1,2,'1-2,2026-09-16,Brock Badgers,Brock Badgers,,Colin Mockford,Nolan McFarlane,L,R,Changeup,Ball,,,,0.760020102,-0.290751934
1,1,2,2,'2-2,2026-09-16,Brock Badgers,Brock Badgers,,Colin Mockford,Nolan McFarlane,L,R,Fastball,Ball,,,,0.381161984,-0.35388321
1,1,3,2,'3-2,2026-09-16,Brock Badgers,Brock Badgers,,Colin Mockford,Nolan McFarlane,L,R,Fastball,Foul,,,,0.28146248,0.545737479
1,1,3,2,'3-2,2026-09-16,Brock Badgers,Brock Badgers,,Colin Mockford,Nolan McFarlane,L,R,Fastball,Foul,,,,0.201702876,0.269538145
1,1,3,2,'3-2,2026-09-16,Brock Badgers,Brock Badgers,,Colin Mockford,Nolan McFarlane,L,R,Changeup,Strikeout Swinging,,,,0.740080201,0.332669421
1,2,0,0,'0-0,2026-09-16,Brock Badgers,Brock Badgers,,Avery Brooks,Nolan McFarlane,R,R,Slider,Called Strike,,,,0.022243767,0.798262585
1,2,0,1,'0-1,2026-09-16,Brock Badgers,Brock Badgers,,Avery Brooks,Nolan McFarlane,R,R,Slider,Groundout,Ground Ball,Straightaway,,-0.396494152,0.166949821
2,0,0,0,'0-0,2026-09-16,Brock Badgers,Brock Badgers,,Liam Riley,Nolan McFarlane,R,R,Fastball,Single,Ground Ball,Pull,,0.321342281,0.056470087
2,0,0,0,'0-0,2026-09-16,Brock Badgers,Brock Badgers,,Jack Cohen,Nolan McFarlane,R,R,Fastball,Foul,,,,-0.35661435,0.616760165
2,0,0,1,'0-1,2026-09-16,Brock Badgers,Brock Badgers,,Jack Cohen,Nolan McFarlane,R,R,Slider,Home Run,Fly Ball,Pull,,-0.35661435,0.774588356
2,0,0,0,'0-0,2026-09-16,Brock Badgers,Brock Badgers,,Liam Riley,Ryan Atkinson,R,R,Curveball,Called Strike,,,,0.440981687,0.190624049
2,0,0,1,'0-1,2026-09-16,Brock Badgers,Brock Badgers,,Liam Riley,Ryan Atkinson,R,R,Curveball,Swinging Strike,,,,0.421041786,-0.235512067
2,0,0,2,'0-2,2026-09-16,Brock Badgers,Brock Badgers,,Liam Riley,Ryan Atkinson,R,R,Curveball,Foul,,,,-0.755412369,0.380017878
2,0,0,2,'0-2,2026-09-16,Brock Badgers,Brock Badgers,,Liam Riley,Ryan Atkinson,R,R,Fastball,Ball,,,,-0.516133557,1.161267424
2,0,1,2,'1-2,2026-09-16,Brock Badgers,Brock Badgers,,Liam Riley,Ryan Atkinson,R,R,Curveball,Foul,,,,-0.496193657,0.569411708
2,0,1,2,'1-2,2026-09-16,Brock Badgers,Brock Badgers,,Liam Riley,Ryan Atkinson,R,R,Curveball,Strikeout Looking,,,,-0.835171972,0.616760165
2,1,0,0,'0-0,2026-09-16,Brock Badgers,Brock Badgers,,Avery Brooks,Ryan Atkinson,R,R,Splitter,Ball,,,,1.437976733,0.71145708
2,1,1,0,'1-0,2026-09-16,Brock Badgers,Brock Badgers,,Avery Brooks,Ryan Atkinson,R,R,Curveball,Ball,,,,0.460921588,1.137593195
2,1,2,0,'2-0,2026-09-16,Brock Badgers,Brock Badgers,,Avery Brooks,Ryan Atkinson,R,R,Fastball,Foul,,,,0.50080139,0.301103783
2,1,2,1,'2-1,2026-09-16,Brock Badgers,Brock Badgers,,Avery Brooks,Ryan Atkinson,R,R,Curveball,Called Strike,,,,-0.695592666,0.892959499
2,1,2,2,'2-2,2026-09-16,Brock Badgers,Brock Badgers,,Avery Brooks,Ryan Atkinson,R,R,Curveball,Groundout,Ground Ball,Straightaway,,0.620440795,0.506280431
2,2,0,0,'0-0,2026-09-16,Brock Badgers,Brock Badgers,,Colin Mockford,Ryan Atkinson,L,R,Fastball,Ball,,,,-0.755412369,1.066570509
2,2,1,0,'1-0,2026-09-16,Brock Badgers,Brock Badgers,,Colin Mockford,Ryan Atkinson,L,R,Fastball,Ball,,,,-0.735472468,1.137593195
2,2,2,0,'2-0,2026-09-16,Brock Badgers,Brock Badgers,,Colin Mockford,Ryan Atkinson,L,R,Curveball,Called Strike,,,,1.358217129,0.301103783
2,2,2,1,'2-1,2026-09-16,Brock Badgers,Brock Badgers,,Colin Mockford,Ryan Atkinson,L,R,Splitter,Foul,,,,0.28146248,0.088035725
2,2,2,2,'2-2,2026-09-16,Brock Badgers,Brock Badgers,,Colin Mockford,Ryan Atkinson,L,R,Fastball,Groundout,Ground Ball,Straightaway,,-0.536073458,0.17484123
2,0,0,0,'0-0,2026-09-16,Brock Badgers,Brock Badgers,,Tim Somerville,Maverick Lawrence,R,R,Fastball,Ball,,,,-1.393489198,0.979765004
2,0,1,0,'1-0,2026-09-16,Brock Badgers,Brock Badgers,,Tim Somerville,Maverick Lawrence,R,R,Fastball,Foul,,,,-1.313729594,0.687782851
2,0,1,1,'1-1,2026-09-16,Brock Badgers,Brock Badgers,,Tim Somerville,Maverick Lawrence,R,R,Slider,Swinging Strike,,,,0.760020102,-0.338100391
2,0,1,2,'1-2,2026-09-16,Brock Badgers,Brock Badgers,,Tim Somerville,Maverick Lawrence,R,R,Slider,Single,Ground Ball,Pull,,-0.256914845,0.261646735
2,0,0,0,'0-0,2026-09-16,Brock Badgers,Brock Badgers,,Josh Frazer,Maverick Lawrence,L,R,Fastball,Ball,,,,0.08206347,1.082353329
2,0,1,0,'1-0,2026-09-16,Brock Badgers,Brock Badgers,,Josh Frazer,Maverick Lawrence,L,R,Changeup,Foul,,,,0.161823074,0.214298278
2,0,1,1,'1-1,2026-09-16,Brock Badgers,Brock Badgers,,Josh Frazer,Maverick Lawrence,L,R,Changeup,Called Strike,,,,-0.99469118,-0.243403476
2,0,1,2,'1-2,2026-09-16,Brock Badgers,Brock Badgers,,Josh Frazer,Maverick Lawrence,L,R,Fastball,Ball,,,,0.959419111,1.24018152
2,0,2,2,'2-2,2026-09-16,Brock Badgers,Brock Badgers,,Josh Frazer,Maverick Lawrence,L,R,Slider,Groundout,Ground Ball,Straightaway,,-1.413429099,0.159058411
2,1,0,0,'0-0,2026-09-16,Brock Badgers,Brock Badgers,,Liam Riley,Maverick Lawrence,R,R,Fastball,Ball,,,,0.620440795,1.042896281
2,1,1,0,'1-0,2026-09-16,Brock Badgers,Brock Badgers,,Liam Riley,Maverick Lawrence,R,R,Changeup,Swinging Strike,,,,-0.635772963,-0.132923743
2,1,1,1,'1-1,2026-09-16,Brock Badgers,Brock Badgers,,Liam Riley,Maverick Lawrence,R,R,Fastball,Called Strike,,,,1.278457526,0.214298278
2,1,1,2,'1-2,2026-09-16,Brock Badgers,Brock Badgers,,Liam Riley,Maverick Lawrence,R,R,Changeup,Strikeout Swinging,,,,-0.217035044,-0.290751934
2,2,0,0,'0-0,2026-09-16,Brock Badgers,Brock Badgers,,Avery Brooks,Maverick Lawrence,R,R,Fastball,Single,Line Drive,Straightaway,,0.221642777,0.316886602
1,0,0,0,'0-0,2026-09-19,Brock Badgers,Western Mustangs,,Gavin Taylor,Leo LeClair,R,R,Fastball,Called Strike,,,0,-0.444738257,0.888555679
1,0,0,1,'0-1,2026-09-19,Brock Badgers,Western Mustangs,,Gavin Taylor,Leo LeClair,R,R,Breaking Ball,Ball,,,0,0.86636624,-0.345755354
1,0,1,1,'1-1,2026-09-19,Brock Badgers,Western Mustangs,,Gavin Taylor,Leo LeClair,R,R,Breaking Ball,Ball,,,0,-1.259212262,1.140134998
1,0,2,1,'2-1,2026-09-19,Brock Badgers,Western Mustangs,,Gavin Taylor,Leo LeClair,R,R,Fastball,Popout,Pop Up,Straightaway,0,-0.385142598,0.322502212
1,1,0,0,'0-0,2026-09-19,Brock Badgers,Western Mustangs,,Kade Falardeau,Leo LeClair,R,R,Fastball,Called Strike,,,0,0.151218333,0.676285629
1,1,0,1,'0-1,2026-09-19,Brock Badgers,Western Mustangs,,Kade Falardeau,Leo LeClair,R,R,Fastball,Foul,,,0,0.349870529,0.259607382
1,1,0,2,'0-2,2026-09-19,Brock Badgers,Western Mustangs,,Kade Falardeau,Leo LeClair,R,R,Fastball,Foul,,,0,0.449196627,1.140134998
1,1,0,2,'0-2,2026-09-19,Brock Badgers,Western Mustangs,,Kade Falardeau,Leo LeClair,R,R,Breaking Ball,Ball,,,0,0.647848824,0.102370308
1,1,1,2,'1-2,2026-09-19,Brock Badgers,Western Mustangs,,Kade Falardeau,Leo LeClair,R,R,Fastball,Ball,,,0,0.588253165,1.163720559
1,1,2,2,'2-2,2026-09-19,Brock Badgers,Western Mustangs,,Kade Falardeau,Leo LeClair,R,R,Fastball,Groundout,Ground Ball,Pull,0,-0.345412159,0.204574406
1,2,0,0,'0-0,2026-09-19,Brock Badgers,Western Mustangs,,Flynn Matheson,Leo LeClair,R,R,Fastball,Ball,,,0,-1.457864459,-0.18851828
1,2,1,0,'1-0,2026-09-19,Brock Badgers,Western Mustangs,,Flynn Matheson,Leo LeClair,R,R,Fastball,Called Strike,,,0,0.767040142,0.42470631
1,2,1,1,'1-1,2026-09-19,Brock Badgers,Western Mustangs,,Flynn Matheson,Leo LeClair,R,R,Breaking Ball,Foul,,,0,0.488927067,-0.133485304
1,2,1,2,'1-2,2026-09-19,Brock Badgers,Western Mustangs,,Flynn Matheson,Leo LeClair,R,R,Fastball,Foul,,,0,0.747174922,0.841384557
1,2,1,2,'1-2,2026-09-19,Brock Badgers,Western Mustangs,,Flynn Matheson,Leo LeClair,R,R,Breaking Ball,Ball,,,0,1.44245761,-0.243551256
1,2,2,2,'2-2,2026-09-19,Brock Badgers,Western Mustangs,,Flynn Matheson,Leo LeClair,R,R,Breaking Ball,Ball,,,0,1.482188049,-0.345755354
1,2,3,2,'3-2,2026-09-19,Brock Badgers,Western Mustangs,,Flynn Matheson,Leo LeClair,R,R,Fastball,Walk,,,0,-0.941368748,1.163720559
1,2,0,0,'0-0,2026-09-19,Brock Badgers,Western Mustangs,0.95,Josh Frazer,Leo LeClair,L,R,Fastball,Ball,,,100,-1.259212262,0.408982603
1,2,1,0,'1-0,2026-09-19,Brock Badgers,Western Mustangs,,Josh Frazer,Leo LeClair,L,R,Offspeed,Ball,,,100,-1.517460118,1.085102022
1,2,2,0,'2-0,2026-09-19,Brock Badgers,Western Mustangs,,Josh Frazer,Leo LeClair,L,R,Fastball,Ball,,,100,-1.636651436,0.841384557
1,2,3,0,'3-0,2026-09-19,Brock Badgers,Western Mustangs,,Josh Frazer,Leo LeClair,L,R,Fastball,Single,Line Drive,Straightaway,100,-0.146759962,0.188850699
1,2,0,0,'0-0,2026-09-19,Brock Badgers,Western Mustangs,,Jaden Leeder,Leo LeClair,R,R,Fastball,Double,Fly Ball,Opposite Field,110,0.548522726,0.770627873
1,2,0,0,'0-0,2026-09-19,Brock Badgers,Western Mustangs,,Brady Campbell,Leo LeClair,R,R,Breaking Ball,Called Strike,,,10,0.369735749,0.173126991
1,2,0,1,'0-1,2026-09-19,Brock Badgers,Western Mustangs,,Brady Campbell,Leo LeClair,R,R,Fastball,Swinging Strike,,,10,0.330005309,0.63697636
1,2,0,2,'0-2,2026-09-19,Brock Badgers,Western Mustangs,,Brady Campbell,Leo LeClair,R,R,Fastball,Foul,,,10,-0.464603476,0.408982603
1,2,0,2,'0-2,2026-09-19,Brock Badgers,Western Mustangs,,Brady Campbell,Leo LeClair,R,R,Breaking Ball,Single,Ground Ball,Straightaway,10,0.627983604,0.558357823
1,2,0,0,'0-0,2026-09-19,Brock Badgers,Western Mustangs,,Nolan Phelan,Leo LeClair,R,R,Fastball,Foul,,,100,0.330005309,0.864970118
1,2,0,1,'0-1,2026-09-19,Brock Badgers,Western Mustangs,,Nolan Phelan,Leo LeClair,R,R,Fastball,Called Strike,,,100,-0.325546939,0.84924641
1,2,0,2,'0-2,2026-09-19,Brock Badgers,Western Mustangs,,Nolan Phelan,Leo LeClair,R,R,Breaking Ball,Strikeout Swinging,,,100,0.568387945,0.125955869
1,0,0,0,'0-0,2026-09-19,Western Mustangs,Brock Badgers,,Quin Steinke,Jack Cohen,L,R,Fastball,Ball,,,0,1.303401072,-0.196380133
1,0,1,0,'1-0,2026-09-19,Western Mustangs,Brock Badgers,,Quin Steinke,Jack Cohen,L,R,Fastball,Ball,,,0,-0.24608606,1.163720559
1,0,2,0,'2-0,2026-09-19,Western Mustangs,Brock Badgers,,Quin Steinke,Jack Cohen,L,R,Fastball,Ball,,,0,1.303401072,0.69987119
1,0,3,0,'3-0,2026-09-19,Western Mustangs,Brock Badgers,,Quin Steinke,Jack Cohen,L,R,Fastball,Walk,,,0,-1.457864459,0.857108264
1,0,0,0,'0-0,2026-09-19,Western Mustangs,Brock Badgers,,Adam Thuss,Jack Cohen,R,R,Fastball,Ball,,,100,0.747174922,0.251745528
1,0,1,0,'1-0,2026-09-19,Western Mustangs,Brock Badgers,,,,,,,Caught Stealing,,,,,
1,1,1,0,'1-0,2026-09-19,Western Mustangs,Brock Badgers,,Adam Thuss,Jack Cohen,R,R,Slider,Called Strike,,,0,-0.742716552,0.684147483
1,1,1,1,'1-1,2026-09-19,Western Mustangs,Brock Badgers,,Adam Thuss,Jack Cohen,R,R,Slider,Swinging Strike,,,0,0.84650102,-0.109899742
1,1,1,2,'1-2,2026-09-19,Western Mustangs,Brock Badgers,,Adam Thuss,Jack Cohen,R,R,Slider,Single,Fly Ball,Straightaway,0,-0.484468696,-0.133485304
1,1,0,0,'0-0,2026-09-19,Western Mustangs,Brock Badgers,,Ryan Nuernberger,Jack Cohen,R,R,Changeup,Ball,,,100,-1.318807921,-0.345755354
1,1,1,0,'1-0,2026-09-19,Western Mustangs,Brock Badgers,,Ryan Nuernberger,Jack Cohen,R,R,Fastball,Ball,,,100,0.747174922,0.629114507
1,1,2,0,'2-0,2026-09-19,Western Mustangs,Brock Badgers,,Ryan Nuernberger,Jack Cohen,R,R,Fastball,Ball,,,100,0.588253165,-0.558025404
1,1,3,0,'3-0,2026-09-19,Western Mustangs,Brock Badgers,,Ryan Nuernberger,Jack Cohen,R,R,Fastball,Walk,,,100,-1.775707973,0.982897924
1,1,0,0,'0-0,2026-09-19,Western Mustangs,Brock Badgers,,Trent Sillett,Jack Cohen,R,R,Slider,Called Strike,,,110,-0.126894742,0.157403284
1,1,0,1,'0-1,2026-09-19,Western Mustangs,Brock Badgers,,Trent Sillett,Jack Cohen,R,R,Fastball,Foul,,,110,0.608118385,0.338225919
1,1,0,2,'0-2,2026-09-19,Western Mustangs,Brock Badgers,,Trent Sillett,Jack Cohen,R,R,Slider,Single,Line Drive,Opposite Field,110,-0.24608606,0.519048555
1,1,0,0,'0-0,2026-09-19,Western Mustangs,Brock Badgers,,Parker McLean,Jack Cohen,L,R,Fastball,Ball,,,101,0.548522726,-0.385064622
1,1,1,0,'1-0,2026-09-19,Western Mustangs,Brock Badgers,,Parker McLean,Jack Cohen,L,R,Changeup,Ball,,,101,-1.616786216,0.951450509
1,1,2,0,'2-0,2026-09-19,Western Mustangs,Brock Badgers,,Parker McLean,Jack Cohen,L,R,Fastball,Ball,,,101,-1.418134019,-0.015557498
1,1,3,0,'3-0,2026-09-19,Western Mustangs,Brock Badgers,,Parker McLean,Jack Cohen,L,R,Fastball,Walk,,,101,-0.921503528,-0.196380133
1,1,0,0,'0-0,2026-09-19,Western Mustangs,Brock Badgers,,Rowan Rajhans,Jack Cohen,L,R,Changeup,Ball,,,111,-1.755842753,0.864970118
1,1,1,0,'1-0,2026-09-19,Western Mustangs,Brock Badgers,,Rowan Rajhans,Jack Cohen,L,R,Fastball,Swinging Strike,,,111,-0.623525234,0.534772262
1,1,1,1,'1-1,2026-09-19,Western Mustangs,Brock Badgers,,Rowan Rajhans,Jack Cohen,L,R,Fastball,Called Strike,,,111,0.409466188,0.825660849
1,1,1,2,'1-2,2026-09-19,Western Mustangs,Brock Badgers,,Rowan Rajhans,Jack Cohen,L,R,Fastball,Sacrifice Fly,Fly Ball,Pull,111,-0.524199135,0.165265138
1,2,0,0,'0-0,2026-09-19,Western Mustangs,Brock Badgers,,Thomas Valero,Jack Cohen,R,R,Slider,Groundout,Ground Ball,Straightaway,101,SKIP,
2,0,0,0,'0-0,2026-09-19,Brock Badgers,Western Mustangs,,Jack Shannon,Leo LeClair,R,R,Fastball,Popout,Pop Up,Straightaway,0,-0.325546939,0.857108264
2,1,0,0,'0-0,2026-09-19,Brock Badgers,Western Mustangs,,Adam Geddes,Leo LeClair,L,R,Fastball,Foul,,,0,-0.087164303,0.416844456
2,1,0,1,'0-1,2026-09-19,Brock Badgers,Western Mustangs,,Adam Geddes,Leo LeClair,L,R,Fastball,Flyout,Fly Ball,Opposite Field,0,-0.603660014,0.660561921
2,2,0,0,'0-0,2026-09-19,Brock Badgers,Western Mustangs,,Gavin Taylor,Leo LeClair,R,R,Fastball,Swinging Strike,,,0,-0.563929575,0.880693825
2,2,0,1,'0-1,2026-09-19,Brock Badgers,Western Mustangs,,Gavin Taylor,Leo LeClair,R,R,Breaking Ball,Ball,,,0,0.29027487,1.092963875
2,2,1,1,'1-1,2026-09-19,Brock Badgers,Western Mustangs,,Gavin Taylor,Leo LeClair,R,R,Breaking Ball,Called Strike,,,0,0.568387945,0.243883675
2,2,1,2,'1-2,2026-09-19,Brock Badgers,Western Mustangs,,Gavin Taylor,Leo LeClair,R,R,Fastball,Strikeout Swinging,,,0,0.548522726,0.48760114
2,0,0,0,'0-0,2026-09-19,Western Mustangs,Brock Badgers,,Matt Dubrick,Jack Cohen,L,R,Fastball,Ball,,,0,-1.457864459,0.864970118
2,0,1,0,'1-0,2026-09-19,Western Mustangs,Brock Badgers,,Matt Dubrick,Jack Cohen,L,R,Fastball,Called Strike,,,0,0.707444483,0.346087773
2,0,1,1,'1-1,2026-09-19,Western Mustangs,Brock Badgers,,Matt Dubrick,Jack Cohen,L,R,Fastball,Swinging Strike,,,0,-0.524199135,0.621252653
2,0,1,2,'1-2,2026-09-19,Western Mustangs,Brock Badgers,,Matt Dubrick,Jack Cohen,L,R,Fastball,Ball,,,0,-0.325546939,-0.306446085
2,0,2,2,'2-2,2026-09-19,Western Mustangs,Brock Badgers,,Matt Dubrick,Jack Cohen,L,R,Fastball,Ball,,,0,-1.477729678,0.69987119
2,0,3,2,'3-2,2026-09-19,Western Mustangs,Brock Badgers,,Matt Dubrick,Jack Cohen,L,R,Fastball,Walk,,,0,0.667714043,-0.243551256
2,0,0,0,'0-0,2026-09-19,Western Mustangs,Brock Badgers,,Alex Brown,Jack Cohen,L,R,Fastball,Ball,,,100,2.038414199,0.220298114
2,0,1,0,'1-0,2026-09-19,Western Mustangs,Brock Badgers,,Alex Brown,Jack Cohen,L,R,Changeup,Ball,,,100,-1.497594898,0.353949627
2,0,2,0,'2-0,2026-09-19,Western Mustangs,Brock Badgers,,Alex Brown,Jack Cohen,L,R,Fastball,Ball,,,100,-1.855168852,0.770627873
2,0,3,0,'3-0,2026-09-19,Western Mustangs,Brock Badgers,,Alex Brown,Jack Cohen,L,R,Fastball,Walk,,,100,0.84650102,-0.463683159
2,0,0,0,'0-0,2026-09-19,Western Mustangs,Brock Badgers,,Quin Steinke,Nolan McFarlane,L,R,Fastball,Ball,,,110,0.528657506,-0.212103841
2,0,1,0,'1-0,2026-09-19,Western Mustangs,Brock Badgers,,Quin Steinke,Nolan McFarlane,L,R,Slider,Single,Ground Ball,Opposite Field,110,-0.464603476,0.283192943
2,0,0,0,'0-0,2026-09-19,Western Mustangs,Brock Badgers,,Adam Thuss,Nolan McFarlane,R,R,Fastball,Ball,,,101,0.906096679,0.432568164
2,0,1,0,'1-0,2026-09-19,Western Mustangs,Brock Badgers,,Adam Thuss,Nolan McFarlane,R,R,Fastball,Sacrifice Fly,Fly Ball,Pull,101,0.429331408,0.157403284
2,1,0,0,'0-0,2026-09-19,Western Mustangs,Brock Badgers,,Ryan Nuernberger,Nolan McFarlane,L,R,Slider,Foul,,,1,0.250544431,0.534772262
2,1,0,1,'0-1,2026-09-19,Western Mustangs,Brock Badgers,,Ryan Nuernberger,Nolan McFarlane,L,R,Changeup,Foul,,,1,-0.742716552,0.110232162
2,1,0,2,'0-2,2026-09-19,Western Mustangs,Brock Badgers,,Ryan Nuernberger,Nolan McFarlane,L,R,Changeup,Error,Ground Ball,Pull,1,-0.683120893,0.220298114
2,1,0,0,'0-0,2026-09-19,Western Mustangs,Brock Badgers,,Trent Sillett,Nolan McFarlane,L,R,Fastball,Single,Ground Ball,Opposite Field,100,-0.24608606,0.794213435
2,1,0,0,'0-0,2026-09-19,Western Mustangs,Brock Badgers,,Parker McLean,Nolan McFarlane,L,R,Changeup,Groundout,Ground Ball,Opposite Field,110,-0.484468696,0.267469236
2,2,0,0,'0-0,2026-09-19,Western Mustangs,Brock Badgers,,Rowan Rajhans,Nolan McFarlane,L,R,Changeup,Foul,,,101,-0.663255673,0.0866466
2,2,0,1,'0-1,2026-09-19,Western Mustangs,Brock Badgers,,Rowan Rajhans,Nolan McFarlane,L,R,Changeup,Swinging Strike,,,101,-0.484468696,-0.424373891
2,2,0,2,'0-2,2026-09-19,Western Mustangs,Brock Badgers,,Rowan Rajhans,Nolan McFarlane,L,R,Changeup,Ball,,,101,-1.716112314,0.346087773
2,2,1,2,'1-2,2026-09-19,Western Mustangs,Brock Badgers,,Rowan Rajhans,Nolan McFarlane,L,R,Fastball,Ball,,,101,-1.577055777,0.684147483
2,2,2,2,'2-2,2026-09-19,Western Mustangs,Brock Badgers,,Rowan Rajhans,Nolan McFarlane,L,R,Changeup,Ball,,,101,-1.735977534,1.234477242
2,2,3,2,'3-2,2026-09-19,Western Mustangs,Brock Badgers,,Rowan Rajhans,Nolan McFarlane,L,R,Fastball,Walk,,,101,0.826635801,-0.243551256
2,2,0,0,'0-0,2026-09-19,Western Mustangs,Brock Badgers,,Thomas Valero,Nolan McFarlane,R,R,Slider,Called Strike,,,111,0.190948772,0.91214124
2,2,0,1,'0-1,2026-09-19,Western Mustangs,Brock Badgers,,Thomas Valero,Nolan McFarlane,R,R,Fastball,Lineout,Line Drive,Straightaway,111,-0.345412159,0.69987119
3,0,0,0,'0-0,2026-09-19,Brock Badgers,Western Mustangs,,Kade Falardeau,Leo LeClair,R,R,Fastball,Swinging Strike,,,0,0.29027487,0.660561921
3,0,0,1,'0-1,2026-09-19,Brock Badgers,Western Mustangs,,Kade Falardeau,Leo LeClair,R,R,Breaking Ball,Foul,,,0,-0.206355621,0.291054797
3,0,0,2,'0-2,2026-09-19,Brock Badgers,Western Mustangs,,Kade Falardeau,Leo LeClair,R,R,Fastball,Foul,,,0,-0.583794794,1.210891681
3,0,0,2,'0-2,2026-09-19,Brock Badgers,Western Mustangs,,Kade Falardeau,Leo LeClair,R,R,Fastball,Ball,,,0,1.243805413,0.84924641
3,0,1,2,'1-2,2026-09-19,Brock Badgers,Western Mustangs,,Kade Falardeau,Leo LeClair,R,R,Fastball,Ball,,,0,1.502053269,-0.212103841
3,0,2,2,'2-2,2026-09-19,Brock Badgers,Western Mustangs,,Kade Falardeau,Leo LeClair,R,R,Breaking Ball,Foul,,,0,0.330005309,0.880693825
3,0,2,2,'2-2,2026-09-19,Brock Badgers,Western Mustangs,,Kade Falardeau,Leo LeClair,R,R,Fastball,Foul,,,0,-0.484468696,0.841384557
3,0,2,2,'2-2,2026-09-19,Brock Badgers,Western Mustangs,,Kade Falardeau,Leo LeClair,R,R,Fastball,Groundout,,,0,0.409466188,0.228159967
3,1,0,0,'0-0,2026-09-19,Brock Badgers,Western Mustangs,,Flynn Matheson,Leo LeClair,R,R,Fastball,Swinging Strike,,,0,-0.484468696,0.621252653
3,1,0,1,'0-1,2026-09-19,Brock Badgers,Western Mustangs,,Flynn Matheson,Leo LeClair,R,R,Breaking Ball,Swinging Strike,,,0,0.588253165,0.157403284
3,1,0,2,'0-2,2026-09-19,Brock Badgers,Western Mustangs,,Flynn Matheson,Leo LeClair,R,R,Fastball,Strikeout Swinging,,,0,-0.107029523,0.864970118
3,2,0,0,'0-0,2026-09-19,Brock Badgers,Western Mustangs,,Josh Frazer,Leo LeClair,L,R,Fastball,Called Strike,,,0,-1.239347043,0.692009336
3,2,0,1,'0-1,2026-09-19,Brock Badgers,Western Mustangs,,Josh Frazer,Leo LeClair,L,R,Fastball,Foul,,,0,0.151218333,0.27533109
3,2,0,2,'0-2,2026-09-19,Brock Badgers,Western Mustangs,,Josh Frazer,Leo LeClair,L,R,Fastball,Ball,,,0,0.508792286,1.132273144
3,2,1,2,'1-2,2026-09-19,Brock Badgers,Western Mustangs,,Josh Frazer,Leo LeClair,L,R,Offspeed,Foul,,,0,-1.35853836,0.880693825
3,2,1,2,'1-2,2026-09-19,Brock Badgers,Western Mustangs,,Josh Frazer,Leo LeClair,L,R,Fastball,Strikeout Looking,,,0,0.667714043,0.621252653
3,0,0,0,'0-0,2026-09-19,Western Mustangs,Brock Badgers,,Matt Dubrick,Nolan McFarlane,L,R,Fastball,Called Strike,,,0,-0.24608606,0.188850699
3,0,0,1,'0-1,2026-09-19,Western Mustangs,Brock Badgers,,Matt Dubrick,Nolan McFarlane,L,R,Changeup,Ball,,,0,-1.577055777,-0.149209011
3,0,1,1,'1-1,2026-09-19,Western Mustangs,Brock Badgers,,Matt Dubrick,Nolan McFarlane,L,R,Changeup,Foul,,,0,-0.2858165,0.416844456
3,0,1,2,'1-2,2026-09-19,Western Mustangs,Brock Badgers,,Matt Dubrick,Nolan McFarlane,L,R,Changeup,Ball,,,0,0.627983604,-0.290722378
3,0,2,2,'2-2,2026-09-19,Western Mustangs,Brock Badgers,,Matt Dubrick,Nolan McFarlane,L,R,Changeup,Foul,,,0,-1.259212262,0.330364066
3,0,2,2,'2-2,2026-09-19,Western Mustangs,Brock Badgers,,Matt Dubrick,Nolan McFarlane,L,R,Fastball,Strikeout Swinging,,,0,-0.623525234,0.692009336
3,1,0,0,'0-0,2026-09-19,Western Mustangs,Brock Badgers,,Alex Brown,Nolan McFarlane,L,R,Fastball,Ball,,,0,0.29027487,1.12441129
3,1,1,0,'1-0,2026-09-19,Western Mustangs,Brock Badgers,,Alex Brown,Nolan McFarlane,L,R,Fastball,Ball,,,0,-1.716112314,0.228159967
3,1,2,0,'2-0,2026-09-19,Western Mustangs,Brock Badgers,,Alex Brown,Nolan McFarlane,L,R,Fastball,Flyout,Fly Ball,Pull,0,-0.563929575,0.369673334
3,2,0,0,'0-0,2026-09-19,Western Mustangs,Brock Badgers,,Quin Steinke,Nolan McFarlane,L,R,Fastball,Ball,,,0,-0.047433864,-0.235689402
3,2,1,0,'1-0,2026-09-19,Western Mustangs,Brock Badgers,,Quin Steinke,Nolan McFarlane,L,R,Fastball,Ball,,,0,-1.537325337,0.802075288
3,2,2,0,'2-0,2026-09-19,Western Mustangs,Brock Badgers,,Quin Steinke,Nolan McFarlane,L,R,Fastball,Called Strike,,,0,0.270409651,0.589805238
3,2,2,1,'2-1,2026-09-19,Western Mustangs,Brock Badgers,,Quin Steinke,Nolan McFarlane,L,R,Changeup,Flyout,Fly Ball,Opposite Field,0,-0.504333916,0.259607382
4,0,0,0,'0-0,2026-09-19,Brock Badgers,Western Mustangs,,Jaden Leeder,Leo LeClair,R,R,Breaking Ball,Called Strike,,,0,0.190948772,0.794213435
4,0,0,1,'0-1,2026-09-19,Brock Badgers,Western Mustangs,,Jaden Leeder,Leo LeClair,R,R,Fastball,Double,Fly Ball,Opposite Field,0,-0.26595128,0.291054797
4,0,0,0,'0-0,2026-09-19,Brock Badgers,Western Mustangs,,Brady Campbell,Leo LeClair,R,R,Fastball,Swinging Strike,,,10,0.449196627,0.479739286
4,0,0,1,'0-1,2026-09-19,Brock Badgers,Western Mustangs,,Brady Campbell,Leo LeClair,R,R,Fastball,Foul,,,10,0.330005309,0.243883675
4,0,0,2,'0-2,2026-09-19,Brock Badgers,Western Mustangs,,Brady Campbell,Leo LeClair,R,R,Fastball,Foul,,,10,-0.683120893,0.471877432
4,0,0,2,'0-2,2026-09-19,Brock Badgers,Western Mustangs,,Brady Campbell,Leo LeClair,R,R,Breaking Ball,Strikeout Swinging,,,10,0.84650102,-0.424373891
4,1,0,0,'0-0,2026-09-19,Brock Badgers,Western Mustangs,,Nolan Phelan,Leo LeClair,R,R,Fastball,Called Strike,,,10,0.727309702,0.385397042
4,1,0,1,'0-1,2026-09-19,Brock Badgers,Western Mustangs,,Nolan Phelan,Leo LeClair,R,R,Breaking Ball,Ball,,,10,0.091622674,-0.298584232
4,1,1,1,'1-1,2026-09-19,Brock Badgers,Western Mustangs,,Nolan Phelan,Leo LeClair,R,R,Fastball,Foul,,,10,-0.424873037,0.353949627
4,1,1,2,'1-2,2026-09-19,Brock Badgers,Western Mustangs,,Nolan Phelan,Leo LeClair,R,R,Fastball,Popout,Pop Up,Straightaway,10,-0.464603476,0.872831972
4,2,0,0,'0-0,2026-09-19,Brock Badgers,Western Mustangs,,Jack Shannon,Leo LeClair,R,R,Breaking Ball,Ball,,,10,-0.206355621,-0.259274963
4,2,1,0,'1-0,2026-09-19,Brock Badgers,Western Mustangs,,Jack Shannon,Leo LeClair,R,R,Breaking Ball,Ball,,,10,1.144479315,-0.219965694
4,2,2,0,'2-0,2026-09-19,Brock Badgers,Western Mustangs,,Jack Shannon,Leo LeClair,R,R,Fastball,Swinging Strike,,,10,-0.166625182,0.644838214
4,2,2,1,'2-1,2026-09-19,Brock Badgers,Western Mustangs,,Jack Shannon,Leo LeClair,R,R,Fastball,Error,Ground Ball,Pull,10,-0.603660014,0.652700068
4,2,0,0,'0-0,2026-09-19,Brock Badgers,Western Mustangs,,Adam Geddes,Leo LeClair,L,R,Fastball,Ball,,,101,-0.464603476,1.132273144
4,2,1,0,'1-0,2026-09-19,Brock Badgers,Western Mustangs,,Adam Geddes,Leo LeClair,L,R,Fastball,Foul,,,101,-0.583794794,0.196712552
4,2,1,1,'1-1,2026-09-19,Brock Badgers,Western Mustangs,,Adam Geddes,Leo LeClair,L,R,Fastball,Foul,,,101,-0.26595128,0.833522703
4,2,1,2,'1-2,2026-09-19,Brock Badgers,Western Mustangs,,Adam Geddes,Leo LeClair,L,R,Fastball,Strikeout Looking,,,101,0.826635801,0.770627873
4,0,0,0,'0-0,2026-09-19,Western Mustangs,Brock Badgers,,Adam Thuss,Nolan McFarlane,R,R,Fastball,Ball,,,0,1.263670633,0.802075288
4,0,1,0,'1-0,2026-09-19,Western Mustangs,Brock Badgers,,Adam Thuss,Nolan McFarlane,R,R,Changeup,Ball,,,0,-0.385142598,-0.227827548
4,0,2,0,'2-0,2026-09-19,Western Mustangs,Brock Badgers,,Adam Thuss,Nolan McFarlane,R,R,Changeup,Double,Line Drive,Pull,0,-0.26595128,0.125955869
4,0,0,0,'0-0,2026-09-19,Western Mustangs,Brock Badgers,,Ryan Nuernberger,Nolan McFarlane,L,R,Changeup,Ball,,,10,-0.345412159,-0.094176035
4,0,1,0,'1-0,2026-09-19,Western Mustangs,Brock Badgers,,Ryan Nuernberger,Nolan McFarlane,L,R,Changeup,Ball,,,10,-1.219481823,-0.385064622
4,0,2,0,'2-0,2026-09-19,Western Mustangs,Brock Badgers,,Ryan Nuernberger,Nolan McFarlane,L,R,Changeup,Ball,,,10,-1.517460118,0.157403284
4,0,3,0,'3-0,2026-09-19,Western Mustangs,Brock Badgers,,Ryan Nuernberger,Nolan McFarlane,L,R,Fastball,Called Strike,,,10,0.608118385,0.63697636
4,0,3,1,'3-1,2026-09-19,Western Mustangs,Brock Badgers,,Ryan Nuernberger,Nolan McFarlane,L,R,Changeup,Foul,,,10,-0.603660014,0.574081531
4,0,3,2,'3-2,2026-09-19,Western Mustangs,Brock Badgers,,Ryan Nuernberger,Nolan McFarlane,L,R,Changeup,Groundout,Ground Ball,Pull,10,-0.504333916,0.684147483
4,1,0,0,'0-0,2026-09-19,Western Mustangs,Brock Badgers,,Trent Sillett,Nolan McFarlane,R,R,Slider,Single,Line Drive,Pull,1,0.429331408,0.385397042
4,1,0,0,'0-0,2026-09-19,Western Mustangs,Brock Badgers,,Parker McLean,Nolan McFarlane,L,R,Changeup,Foul,,,100,0.190948772,0.644838214
4,1,0,1,'0-1,2026-09-19,Western Mustangs,Brock Badgers,,Parker McLean,Nolan McFarlane,L,R,Fastball,Foul,,,100,-0.702986112,0.786351581
4,1,0,2,'0-2,2026-09-19,Western Mustangs,Brock Badgers,,Parker McLean,Nolan McFarlane,L,R,Slider,Single,Ground Ball,Pull,100,0.369735749,0.141679576
4,1,0,0,'0-0,2026-09-19,Western Mustangs,Brock Badgers,,Rowan Rajhans,Nolan McFarlane,L,R,Fastball,Ball,,,110,-1.735977534,0.330364066
4,1,1,0,'1-0,2026-09-19,Western Mustangs,Brock Badgers,,Rowan Rajhans,Nolan McFarlane,L,R,Changeup,Single,Ground Ball,Pull,110,-0.663255673,0.14954143
4,1,0,0,'0-0,2026-09-19,Western Mustangs,Brock Badgers,,Thomas Valero,Nolan McFarlane,R,R,Fastball,Called Strike,,,1,-0.623525234,0.817798996
4,1,0,1,'0-1,2026-09-19,Western Mustangs,Brock Badgers,,Thomas Valero,Nolan McFarlane,R,R,Fastball,Called Strike,,,1,0.608118385,0.110232162
4,1,0,2,'0-2,2026-09-19,Western Mustangs,Brock Badgers,,Thomas Valero,Nolan McFarlane,R,R,Slider,Sacrifice Fly,,,1,-0.444738257,0.566219677
4,2,0,0,'0-0,2026-09-19,Western Mustangs,Brock Badgers,,Matt Dubrick,Nolan McFarlane,L,R,Changeup,Called Strike,,,1,-0.742716552,0.314640358
4,2,0,1,'0-1,2026-09-19,Western Mustangs,Brock Badgers,,Matt Dubrick,Nolan McFarlane,L,R,Fastball,Flyout,Fly Ball,Opposite Field,1,-0.464603476,0.220298114
5,0,0,0,'0-0,2026-09-19,Brock Badgers,Western Mustangs,,Tim Somerville,Leo LeClair,R,R,Fastball,Called Strike,,,0,0.707444483,0.629114507
5,0,0,1,'0-1,2026-09-19,Brock Badgers,Western Mustangs,,Tim Somerville,Leo LeClair,R,R,Breaking Ball,Foul,,,0,0.826635801,0.283192943
5,0,0,2,'0-2,2026-09-19,Brock Badgers,Western Mustangs,,Tim Somerville,Leo LeClair,R,R,Fastball,Ball,,,0,2.038414199,-0.133485304
5,0,1,2,'1-2,2026-09-19,Brock Badgers,Western Mustangs,,Tim Somerville,Leo LeClair,R,R,Breaking Ball,Ball,,,0,0.786905361,-0.510854282
5,0,2,2,'2-2,2026-09-19,Brock Badgers,Western Mustangs,,Tim Somerville,Leo LeClair,R,R,Fastball,Foul,,,0,-0.444738257,0.471877432
5,0,2,2,'2-2,2026-09-19,Brock Badgers,Western Mustangs,,Tim Somerville,Leo LeClair,R,R,Breaking Ball,Flyout,Fly Ball,Pull,0,-0.226220841,0.251745528
5,1,0,0,'0-0,2026-09-19,Brock Badgers,Western Mustangs,,Kade Falardeau,Leo LeClair,R,R,Fastball,Ball,,,0,-1.040694846,1.179444266
5,1,1,0,'1-0,2026-09-19,Brock Badgers,Western Mustangs,,Kade Falardeau,Leo LeClair,R,R,Breaking Ball,Called Strike,,,0,0.131353113,0.228159967
5,1,1,1,'1-1,2026-09-19,Brock Badgers,Western Mustangs,,Kade Falardeau,Leo LeClair,R,R,Fastball,Foul,,,0,0.250544431,0.864970118
5,1,1,2,'1-2,2026-09-19,Brock Badgers,Western Mustangs,,Kade Falardeau,Leo LeClair,R,R,Fastball,Groundout,Ground Ball,Pull,0,0.488927067,0.401120749
5,2,0,0,'0-0,2026-09-19,Brock Badgers,Western Mustangs,,Flynn Matheson,Leo LeClair,L,R,Fastball,Popout,,,0,0.548522726,0.668423775
5,0,0,0,'0-0,2026-09-19,Western Mustangs,Brock Badgers,,Alex Brown,Maverick Lawrence,L,R,Fastball,Flyout,,,0,-0.504333916,0.605528945
5,1,0,0,'0-0,2026-09-19,Western Mustangs,Brock Badgers,,Quin Steinke,Maverick Lawrence,L,R,Changeup,Ball,,,0,-1.437999239,-0.251413109
5,1,1,0,'1-0,2026-09-19,Western Mustangs,Brock Badgers,,Quin Steinke,Maverick Lawrence,L,R,Fastball,Foul,,,0,-0.186490401,0.48760114
5,1,1,1,'1-1,2026-09-19,Western Mustangs,Brock Badgers,,Quin Steinke,Maverick Lawrence,L,R,Changeup,Lineout,Line Drive,Straightaway,0,-0.365277378,0.141679576
5,2,0,0,'0-0,2026-09-19,Western Mustangs,Brock Badgers,,Adam Thuss,Maverick Lawrence,R,R,Fastball,Ball,,,0,1.581514147,0.864970118
5,2,1,0,'1-0,2026-09-19,Western Mustangs,Brock Badgers,,Adam Thuss,Maverick Lawrence,R,R,Slider,Ball,,,0,0.86636624,0.236021821
5,2,2,0,'2-0,2026-09-19,Western Mustangs,Brock Badgers,,Adam Thuss,Maverick Lawrence,R,R,Slider,Flyout,Fly Ball,Straightaway,0,0.647848824,0.629114507
6,0,0,0,'0-0,2026-09-19,Brock Badgers,Western Mustangs,,Josh Frazer,Leo LeClair,L,R,Fastball,Ball,,,0,-1.477729678,1.108687583
6,0,1,0,'1-0,2026-09-19,Brock Badgers,Western Mustangs,,Josh Frazer,Leo LeClair,L,R,Fastball,Called Strike,,,0,0.508792286,0.338225919
6,0,1,1,'1-1,2026-09-19,Brock Badgers,Western Mustangs,,Josh Frazer,Leo LeClair,L,R,Fastball,Swinging Strike,,,0,-0.424873037,0.684147483
6,0,1,2,'1-2,2026-09-19,Brock Badgers,Western Mustangs,,Josh Frazer,Leo LeClair,L,R,Offspeed,Popout,Pop Up,Opposite Field,0,0.250544431,0.118094015
6,1,0,0,'0-0,2026-09-19,Brock Badgers,Western Mustangs,,Jaden Leeder,Leo LeClair,L,R,Breaking Ball,Popout,Pop Up,Straightaway,0,-0.424873037,0.267469236
6,2,0,0,'0-0,2026-09-19,Brock Badgers,Western Mustangs,,Brady Campbell,Leo LeClair,R,R,Fastball,Called Strike,,,0,0.389600968,0.48760114
6,2,0,1,'0-1,2026-09-19,Brock Badgers,Western Mustangs,,Brady Campbell,Leo LeClair,R,R,Breaking Ball,Called Strike,,,0,0.548522726,0.165265138
6,2,0,2,'0-2,2026-09-19,Brock Badgers,Western Mustangs,,Brady Campbell,Leo LeClair,R,R,Fastball,Ball,,,0,0.84650102,1.147996851
6,2,1,2,'1-2,2026-09-19,Brock Badgers,Western Mustangs,,Brady Campbell,Leo LeClair,R,R,Breaking Ball,Ball,,,0,1.323266292,0.495462993
6,2,2,2,'2-2,2026-09-19,Brock Badgers,Western Mustangs,,Brady Campbell,Leo LeClair,R,R,Fastball,Ball,,,0,0.548522726,-0.212103841
6,2,3,2,'3-2,2026-09-19,Brock Badgers,Western Mustangs,,Brady Campbell,Leo LeClair,R,R,Fastball,Groundout,Ground Ball,Pull,0,-0.305681719,0.495462993
6,0,0,0,'0-0,2026-09-19,Western Mustangs,Brock Badgers,,Ryan Nuernberger,Maverick Lawrence,L,R,Fastball,Foul,,,0,-0.504333916,0.668423775
6,0,0,1,'0-1,2026-09-19,Western Mustangs,Brock Badgers,,Ryan Nuernberger,Maverick Lawrence,L,R,Fastball,Called Strike,,,0,0.687579263,0.621252653
6,0,0,2,'0-2,2026-09-19,Western Mustangs,Brock Badgers,,Ryan Nuernberger,Maverick Lawrence,L,R,Changeup,Ball,,,0,0.508792286,-0.282860524
6,0,1,2,'1-2,2026-09-19,Western Mustangs,Brock Badgers,,Ryan Nuernberger,Maverick Lawrence,L,R,Changeup,Groundout,Ground Ball,Pull,0,-0.643390453,0.125955869
6,1,0,0,'0-0,2026-09-19,Western Mustangs,Brock Badgers,,Trent Sillett,Maverick Lawrence,R,R,Fastball,Called Strike,,,0,0.508792286,0.196712552
6,1,0,1,'0-1,2026-09-19,Western Mustangs,Brock Badgers,,Trent Sillett,Maverick Lawrence,R,R,Slider,Single,Line Drive,Pull,0,-0.166625182,0.236021821
6,1,0,0,'0-0,2026-09-19,Western Mustangs,Brock Badgers,,Parker McLean,Maverick Lawrence,L,R,Changeup,Foul,,,100,-0.226220841,0.157403284
6,1,0,1,'0-1,2026-09-19,Western Mustangs,Brock Badgers,,Parker McLean,Maverick Lawrence,L,R,Changeup,Ball,,,100,-1.279077482,0.0866466
6,1,1,1,'1-1,2026-09-19,Western Mustangs,Brock Badgers,,Parker McLean,Maverick Lawrence,L,R,Fastball,Error,Ground Ball,Pull,100,-0.464603476,0.346087773
6,1,0,0,'0-0,2026-09-19,Western Mustangs,Brock Badgers,,Rowan Rajhans,Maverick Lawrence,L,R,Fastball,Foul,,,110,-0.365277378,0.479739286
6,1,0,1,'0-1,2026-09-19,Western Mustangs,Brock Badgers,,Rowan Rajhans,Maverick Lawrence,L,R,Fastball,Called Strike,,,110,0.687579263,0.401120749
6,1,0,2,'0-2,2026-09-19,Western Mustangs,Brock Badgers,,Rowan Rajhans,Maverick Lawrence,L,R,Fastball,Flyout,Fly Ball,Straightaway,110,0.29027487,0.841384557
6,2,0,0,'0-0,2026-09-19,Western Mustangs,Brock Badgers,,Thomas Valero,Maverick Lawrence,R,R,Fastball,Ball,,,110,-0.424873037,1.12441129
6,2,1,0,'1-0,2026-09-19,Western Mustangs,Brock Badgers,,Thomas Valero,Maverick Lawrence,R,R,Slider,Called Strike,,,110,0.627983604,0.825660849
6,2,1,1,'1-1,2026-09-19,Western Mustangs,Brock Badgers,,Thomas Valero,Maverick Lawrence,R,R,Slider,Ball,,,110,0.647848824,-0.471545013
6,2,2,1,'2-1,2026-09-19,Western Mustangs,Brock Badgers,,Thomas Valero,Maverick Lawrence,R,R,Fastball,Ball,,,110,-0.226220841,1.352405048
6,2,3,1,'3-1,2026-09-19,Western Mustangs,Brock Badgers,,Thomas Valero,Maverick Lawrence,R,R,Fastball,Swinging Strike,,,110,0.767040142,0.298916651
6,2,3,2,'3-2,2026-09-19,Western Mustangs,Brock Badgers,,Thomas Valero,Maverick Lawrence,R,R,Slider,Foul,,,110,0.369735749,0.754904166
6,2,3,2,'3-2,2026-09-19,Western Mustangs,Brock Badgers,,Thomas Valero,Maverick Lawrence,R,R,Changeup,Strikeout Swinging,,,110,-0.027568644,-0.251413109
7,0,0,0,'0-0,2026-09-19,Brock Badgers,Western Mustangs,,Liam Riley,Leo LeClair,R,R,Fastball,Double,Line Drive,Pull,0,0.508792286,0.63697636
7,0,0,0,'0-0,2026-09-19,Brock Badgers,Western Mustangs,,Brayden Sowrey,Leo LeClair,R,R,Fastball,Ball,,,10,0.608118385,1.218753535
7,0,1,0,'1-0,2026-09-19,Brock Badgers,Western Mustangs,,Brayden Sowrey,Leo LeClair,R,R,Fastball,Single,Pop Up,Pull,10,-0.464603476,0.621252653
7,0,0,0,'0-0,2026-09-19,Brock Badgers,Western Mustangs,,Nate Parsons,Leo LeClair,L,R,Offspeed,Ball,,,110,0.230679211,-0.164932718
7,0,1,0,'1-0,2026-09-19,Brock Badgers,Western Mustangs,,Nate Parsons,Leo LeClair,L,R,Fastball,Foul,,,110,-0.623525234,0.542634116
7,0,1,1,'1-1,2026-09-19,Brock Badgers,Western Mustangs,,Nate Parsons,Leo LeClair,L,R,Fastball,Called Strike,,,110,0.647848824,0.377535188
7,0,1,2,'1-2,2026-09-19,Brock Badgers,Western Mustangs,,Nate Parsons,Leo LeClair,L,R,Fastball,Popout,Pop Up,Pull,110,-0.26595128,0.495462993
7,1,0,0,'0-0,2026-09-19,Brock Badgers,Western Mustangs,,Tim Somerville,Leo LeClair,R,R,Fastball,Error,Ground Ball,Pull,110,0.270409651,0.440430017
7,1,0,0,'0-0,2026-09-19,Brock Badgers,Western Mustangs,,Kade Falardeau,Leo LeClair,R,R,Fastball,Foul,,,111,-0.24608606,0.228159967
7,1,0,1,'0-1,2026-09-19,Brock Badgers,Western Mustangs,,Kade Falardeau,Leo LeClair,R,R,Fastball,Ball,,,111,1.44245761,0.251745528
7,1,1,1,'1-1,2026-09-19,Brock Badgers,Western Mustangs,,Kade Falardeau,Leo LeClair,R,R,Breaking Ball,Groundout,Ground Ball,Straightaway,111,0.469061847,0.165265138
7,2,0,0,'0-0,2026-09-19,Brock Badgers,Western Mustangs,,Flynn Matheson,Leo LeClair,R,R,Fastball,Ball,,,101,-0.683120893,1.140134998
7,2,1,0,'1-0,2026-09-19,Brock Badgers,Western Mustangs,,Flynn Matheson,Leo LeClair,R,R,Fastball,Swinging Strike,,,101,-0.484468696,1.061516461
7,2,1,1,'1-1,2026-09-19,Brock Badgers,Western Mustangs,,Flynn Matheson,Leo LeClair,R,R,Breaking Ball,Ball,,,101,1.005422777,-0.416512037
7,2,2,1,'2-1,2026-09-19,Brock Badgers,Western Mustangs,,Flynn Matheson,Leo LeClair,R,R,Fastball,Ball,,,101,-1.3982688,1.132273144
7,2,3,1,'3-1,2026-09-19,Brock Badgers,Western Mustangs,,Flynn Matheson,Leo LeClair,R,R,Fastball,Popout,Pop Up,Pull,101,-0.365277378,0.597667092
1,0,0,0,'0-0,2026-09-19,Brock Badgers,Western Mustangs,,Gavin Taylor,Tyler Ray,R,R,Fastball,Ball,,,0,1.343131511,-0.251413109
1,0,1,0,'1-0,2026-09-19,Brock Badgers,Western Mustangs,,Gavin Taylor,Tyler Ray,R,R,Fastball,Called Strike,,,0,0.608118385,0.21243626
1,0,1,1,'1-1,2026-09-19,Brock Badgers,Western Mustangs,,Gavin Taylor,Tyler Ray,R,R,Fastball,Swinging Strike,,,0,0.230679211,0.21243626
1,0,1,2,'1-2,2026-09-19,Brock Badgers,Western Mustangs,,Gavin Taylor,Tyler Ray,R,R,Fastball,Foul,,,,-0.405007818,0.377535188
1,0,1,2,'1-2,2026-09-19,Brock Badgers,Western Mustangs,,Gavin Taylor,Tyler Ray,R,R,Fastball,Ball,,,,-0.663255673,1.132273144
1,0,2,2,'2-2,2026-09-19,Brock Badgers,Western Mustangs,,Gavin Taylor,Tyler Ray,R,R,Fastball,Groundout,Ground Ball,Pull,,0.429331408,0.21243626
1,1,0,0,'0-0,2026-09-19,Brock Badgers,Western Mustangs,,Kade Falardeau,Tyler Ray,R,R,Fastball,Ball,,,,-1.318807921,0.794213435
1,1,1,0,'1-0,2026-09-19,Brock Badgers,Western Mustangs,,Kade Falardeau,Tyler Ray,R,R,Fastball,Ball,,,,0.230679211,-0.314307939
1,1,2,0,'2-0,2026-09-19,Brock Badgers,Western Mustangs,,Kade Falardeau,Tyler Ray,R,R,Fastball,Called Strike,,,,0.608118385,0.684147483
1,1,2,1,'2-1,2026-09-19,Brock Badgers,Western Mustangs,,Kade Falardeau,Tyler Ray,R,R,Fastball,Ball,,,,-1.199616603,-0.27499867
1,1,3,1,'3-1,2026-09-19,Brock Badgers,Western Mustangs,,Kade Falardeau,Tyler Ray,R,R,Fastball,Walk,,,,-1.567123167,-0.031281205
1,1,0,0,'0-0,2026-09-19,Brock Badgers,Western Mustangs,,Flynn Matheson,Tyler Ray,R,R,Fastball,Called Strike,,,,0.131353113,0.621252653
1,1,0,1,'0-1,2026-09-19,Brock Badgers,Western Mustangs,,Flynn Matheson,Tyler Ray,R,R,Breaking Ball,Single,Line Drive,Straightaway,,0.548522726,0.76276602
1,1,0,0,'0-0,2026-09-19,Brock Badgers,Western Mustangs,,Josh Frazer,Tyler Ray,L,R,Fastball,Double,Line Drive,Straightaway,,-0.345412159,0.267469236
1,1,0,0,'0-0,2026-09-19,Brock Badgers,Western Mustangs,,Jaden Leeder,Tyler Ray,R,R,Fastball,Ball,,,,-0.80231221,-0.353617207
1,1,1,0,'1-0,2026-09-19,Brock Badgers,Western Mustangs,,Jaden Leeder,Tyler Ray,R,R,Fastball,Ball,,,,0.767040142,-0.117761596
1,1,2,0,'2-0,2026-09-19,Brock Badgers,Western Mustangs,,Jaden Leeder,Tyler Ray,R,R,Fastball,Foul,,,,0.29027487,0.141679576
1,1,2,1,'2-1,2026-09-19,Brock Badgers,Western Mustangs,,Jaden Leeder,Tyler Ray,R,R,Fastball,Ball,,,,1.561648928,-0.015557498
1,1,3,1,'3-1,2026-09-19,Brock Badgers,Western Mustangs,,Jaden Leeder,Tyler Ray,R,R,Fastball,Foul,,,,-0.087164303,0.401120749
1,1,3,2,'3-2,2026-09-19,Brock Badgers,Western Mustangs,,Jaden Leeder,Tyler Ray,R,R,Fastball,Strikeout Looking,,,,0.727309702,0.125955869
1,2,0,0,'0-0,2026-09-19,Brock Badgers,Western Mustangs,,Brady Campbell,Tyler Ray,R,R,Breaking Ball,Ball,,,,1.939088101,0.236021821
1,2,1,0,'1-0,2026-09-19,Brock Badgers,Western Mustangs,,Brady Campbell,Tyler Ray,R,R,Fastball,Ball,,,,1.42259239,0.251745528
1,2,2,0,'2-0,2026-09-19,Brock Badgers,Western Mustangs,,Brady Campbell,Tyler Ray,R,R,Fastball,Single,Line Drive,Straightaway,,-0.206355621,0.802075288
1,2,0,0,'0-0,2026-09-19,Brock Badgers,Western Mustangs,,Nate Parsons,Tyler Ray,L,R,Fastball,Swinging Strike,,,,-0.702986112,0.786351581
1,2,0,1,'0-1,2026-09-19,Brock Badgers,Western Mustangs,,Nate Parsons,Tyler Ray,L,R,Offspeed,Called Strike,,,,0.190948772,0.322502212
1,2,0,2,'0-2,2026-09-19,Brock Badgers,Western Mustangs,,Nate Parsons,Tyler Ray,L,R,Fastball,Strikeout Swinging,,,,0.389600968,-0.086314181
1,0,0,0,'0-0,2026-09-19,Western Mustangs,Brock Badgers,,Quin Steinke,Ryan Facchini,L,R,Changeup,Ball,,,,-1.557190557,0.84924641
1,0,1,0,'1-0,2026-09-19,Western Mustangs,Brock Badgers,,Quin Steinke,Ryan Facchini,L,R,Fastball,Ball,,,,-0.603660014,1.18730612
1,0,2,0,'2-0,2026-09-19,Western Mustangs,Brock Badgers,,Quin Steinke,Ryan Facchini,L,R,Fastball,Ball,,,,-1.3982688,1.12441129
1,0,3,0,'3-0,2026-09-19,Western Mustangs,Brock Badgers,,Quin Steinke,Ryan Facchini,L,R,Cutter,Called Strike,,,,-0.603660014,0.676285629
1,0,3,1,'3-1,2026-09-19,Western Mustangs,Brock Badgers,,Quin Steinke,Ryan Facchini,L,R,Cutter,Walk,,,,-0.424873037,1.077240168
1,0,0,0,'0-0,2026-09-19,Western Mustangs,Brock Badgers,,Adam Thuss,Ryan Facchini,R,R,Cutter,Ball,,,,1.204074974,-0.251413109
1,0,1,0,'1-0,2026-09-19,Western Mustangs,Brock Badgers,,Adam Thuss,Ryan Facchini,R,R,Cutter,Called Strike,,,,0.429331408,0.888555679
1,0,1,1,'1-1,2026-09-19,Western Mustangs,Brock Badgers,,Adam Thuss,Ryan Facchini,R,R,Cutter,Ball,,,,1.601379367,-0.141347157
1,0,2,1,'2-1,2026-09-19,Western Mustangs,Brock Badgers,,Adam Thuss,Ryan Facchini,R,R,Fastball,Ball,,,,0.449196627,1.195167974
1,0,3,1,'3-1,2026-09-19,Western Mustangs,Brock Badgers,,Adam Thuss,Ryan Facchini,R,R,Cutter,Called Strike,,,,-0.722851332,0.63697636
1,0,3,2,'3-2,2026-09-19,Western Mustangs,Brock Badgers,,Adam Thuss,Ryan Facchini,R,R,Cutter,Strikeout Looking,,,,-0.762581771,0.802075288
1,1,0,0,'0-0,2026-09-19,Western Mustangs,Brock Badgers,,Ryan Nuernberger,Ryan Facchini,L,R,Fastball,Single,Ground Ball,Opposite Field,0,-0.424873037,0.794213435
1,1,0,0,'0-0,2026-09-19,Western Mustangs,Brock Badgers,,Trent Sillett,Ryan Facchini,L,R,Cutter,Swinging Strike,,,,-0.524199135,0.574081531
1,1,0,1,'0-1,2026-09-19,Western Mustangs,Brock Badgers,,Trent Sillett,Ryan Facchini,L,R,Cutter,Called Strike,,,,0.508792286,0.621252653
1,1,0,2,'0-2,2026-09-19,Western Mustangs,Brock Badgers,,Trent Sillett,Ryan Facchini,L,R,Slider,Ball,,,,0.925961899,-0.219965694
1,1,1,2,'1-2,2026-09-19,Western Mustangs,Brock Badgers,,Trent Sillett,Ryan Facchini,L,R,Fastball,Ball,,,,-0.405007818,1.242339096
1,1,2,2,'2-2,2026-09-19,Western Mustangs,Brock Badgers,,Trent Sillett,Ryan Facchini,L,R,Cutter,Ball,,,,-1.716112314,0.97503607
1,1,3,2,'3-2,2026-09-19,Western Mustangs,Brock Badgers,,Trent Sillett,Ryan Facchini,L,R,Fastball,Walk,,,,1.462322829,0.188850699
1,1,0,0,'0-0,2026-09-19,Western Mustangs,Brock Badgers,,Rowan Rajhans,Ryan Facchini,L,R,Fastball,Ball,,,,0.727309702,1.108687583
1,1,1,0,'1-0,2026-09-19,Western Mustangs,Brock Badgers,,Rowan Rajhans,Ryan Facchini,L,R,Cutter,Called Strike,,,,0.409466188,0.684147483
1,1,1,1,'1-1,2026-09-19,Western Mustangs,Brock Badgers,,Rowan Rajhans,Ryan Facchini,L,R,Cutter,Popout,Pop Up,Straightaway,,-0.2858165,0.542634116
1,2,0,0,'0-0,2026-09-19,Western Mustangs,Brock Badgers,,Parker McLean,Ryan Facchini,L,R,Cutter,Groundout,Ground Ball,Pull,,0.389600968,0.511186701
2,0,0,0,'0-0,2026-09-19,Brock Badgers,Western Mustangs,,Nolan Phelan,Tyler Ray,R,R,Fastball,Ball,,,,-0.762581771,1.116549437
2,0,1,0,'1-0,2026-09-19,Brock Badgers,Western Mustangs,,Nolan Phelan,Tyler Ray,R,R,Fastball,Single,Ground Ball,Pull,,-0.444738257,0.401120749
2,0,0,0,'0-0,2026-09-19,Brock Badgers,Western Mustangs,,Adam Geddes,Tyler Ray,L,R,Fastball,Ball,,,,-1.477729678,0.817798996
2,0,1,0,'1-0,2026-09-19,Brock Badgers,Western Mustangs,,Adam Geddes,Tyler Ray,L,R,Fastball,Ball,,,,-1.418134019,-0.353617207
2,0,2,0,'2-0,2026-09-19,Brock Badgers,Western Mustangs,,Adam Geddes,Tyler Ray,L,R,Fastball,Ball,,,,0.667714043,-0.227827548
2,0,3,0,'3-0,2026-09-19,Brock Badgers,Western Mustangs,,Adam Geddes,Tyler Ray,L,R,Fastball,Called Strike,,,,-0.643390453,0.76276602
2,0,3,1,'3-1,2026-09-19,Brock Badgers,Western Mustangs,,Adam Geddes,Tyler Ray,L,R,Fastball,Swinging Strike,,,,-1.577055777,0.597667092
2,0,3,2,'3-2,2026-09-19,Brock Badgers,Western Mustangs,,Adam Geddes,Tyler Ray,L,R,Fastball,Groundout,Ground Ball,Pull,,-0.444738257,0.644838214
2,1,0,0,'0-0,2026-09-19,Brock Badgers,Western Mustangs,,Gavin Taylor,Tyler Ray,R,R,Fastball,Ball,,,,1.482188049,0.440430017
2,1,1,0,'1-0,2026-09-19,Brock Badgers,Western Mustangs,,Gavin Taylor,Tyler Ray,R,R,Breaking Ball,Ball,,,,1.561648928,-0.180656426
2,1,2,0,'2-0,2026-09-19,Brock Badgers,Western Mustangs,,Gavin Taylor,Tyler Ray,R,R,Fastball,Walk,,,,-1.557190557,0.236021821
2,1,0,0,'0-0,2026-09-19,Brock Badgers,Western Mustangs,,Kade Falardeau,Tyler Ray,R,R,Fastball,Called Strike,,,,0.389600968,0.267469236
2,1,0,1,'0-1,2026-09-19,Brock Badgers,Western Mustangs,,Kade Falardeau,Tyler Ray,R,R,Breaking Ball,Foul,,,,0.369735749,0.825660849
2,1,0,2,'0-2,2026-09-19,Brock Badgers,Western Mustangs,,Kade Falardeau,Tyler Ray,R,R,Fastball,Foul,,,,0.806770581,0.180988845
2,1,0,2,'0-2,2026-09-19,Brock Badgers,Western Mustangs,,Kade Falardeau,Tyler Ray,R,R,Fastball,Foul,,,,0.707444483,0.385397042
2,1,0,2,'0-2,2026-09-19,Brock Badgers,Western Mustangs,,Kade Falardeau,Tyler Ray,R,R,Fastball,Popout,Pop Up,Straightaway,,-0.405007818,0.76276602
2,2,0,0,'0-0,2026-09-19,Brock Badgers,Western Mustangs,,Flynn Matheson,Tyler Ray,R,R,Fastball,Foul,,,,0.091622674,-0.133485304
2,2,0,1,'0-1,2026-09-19,Brock Badgers,Western Mustangs,,Flynn Matheson,Tyler Ray,R,R,Breaking Ball,Ball,,,,1.621244586,-0.031281205
2,2,1,1,'1-1,2026-09-19,Brock Badgers,Western Mustangs,,Flynn Matheson,Tyler Ray,R,R,Fastball,Ball,,,,0.88623146,-0.18851828
2,2,2,1,'2-1,2026-09-19,Brock Badgers,Western Mustangs,,Flynn Matheson,Tyler Ray,R,R,Fastball,Popout,Pop Up,Opposite Field,,0.449196627,0.141679576
2,0,0,0,'0-0,2026-09-19,Western Mustangs,Brock Badgers,,Dominic Pugliese,Ryan Facchini,L,R,Cutter,Foul,,,,0.230679211,0.157403284
2,0,0,1,'0-1,2026-09-19,Western Mustangs,Brock Badgers,,Dominic Pugliese,Ryan Facchini,L,R,Changeup,Ball,,,,-1.557190557,0.770627873
2,0,1,1,'1-1,2026-09-19,Western Mustangs,Brock Badgers,,Dominic Pugliese,Ryan Facchini,L,R,Splitter,Called Strike,,,,0.151218333,0.589805238
2,0,1,2,'1-2,2026-09-19,Western Mustangs,Brock Badgers,,Dominic Pugliese,Ryan Facchini,L,R,Fastball,Ball,,,,-1.298942702,1.12441129
2,0,2,2,'2-2,2026-09-19,Western Mustangs,Brock Badgers,,Dominic Pugliese,Ryan Facchini,L,R,Changeup,Ball,,,,-1.855168852,0.998621631
2,0,3,2,'3-2,2026-09-19,Western Mustangs,Brock Badgers,,Dominic Pugliese,Ryan Facchini,L,R,Cutter,Strikeout Swinging,,,,-0.683120893,0.825660849
2,1,0,0,'0-0,2026-09-19,Western Mustangs,Brock Badgers,,Matt Dubrick,Ryan Facchini,L,R,Changeup,Ball,,,,-0.504333916,1.12441129
2,1,1,0,'1-0,2026-09-19,Western Mustangs,Brock Badgers,,Matt Dubrick,Ryan Facchini,L,R,Cutter,Called Strike,,,,-0.464603476,0.747042312
2,1,1,1,'1-1,2026-09-19,Western Mustangs,Brock Badgers,,Matt Dubrick,Ryan Facchini,L,R,Splitter,Ball,,,,-0.742716552,0.393258895
2,1,2,1,'2-1,2026-09-19,Western Mustangs,Brock Badgers,,Matt Dubrick,Ryan Facchini,L,R,Cutter,Single,Line Drive,Pull,,-0.365277378,0.393258895
2,1,0,0,'0-0,2026-09-19,Western Mustangs,Brock Badgers,,Adam Awrey,Ryan Facchini,L,R,Cutter,Groundout,Ground Ball,Pull,,-0.583794794,0.259607382
2,2,0,0,'0-0,2026-09-19,Western Mustangs,Brock Badgers,,Quin Steinke,Ryan Facchini,L,R,Splitter,Called Strike,,,,-0.702986112,0.597667092
2,2,0,1,'0-1,2026-09-19,Western Mustangs,Brock Badgers,,Quin Steinke,Ryan Facchini,L,R,Splitter,Single,Ground Ball,Straightaway,,-0.26595128,0.173126991
2,2,0,0,'0-0,2026-09-19,Western Mustangs,Brock Badgers,,Adam Thuss,Ryan Facchini,R,R,Cutter,Ball,,,,1.204074974,-0.219965694
2,2,1,0,'1-0,2026-09-19,Western Mustangs,Brock Badgers,,Adam Thuss,Ryan Facchini,R,R,Cutter,Swinging Strike,,,,0.747174922,0.346087773
2,2,1,1,'1-1,2026-09-19,Western Mustangs,Brock Badgers,,Adam Thuss,Ryan Facchini,R,R,Cutter,Foul,,,,-0.325546939,-0.12562345
2,2,1,2,'1-2,2026-09-19,Western Mustangs,Brock Badgers,,Adam Thuss,Ryan Facchini,R,R,Slider,Ball,,,,0.647848824,-0.518716135
2,2,2,2,'2-2,2026-09-19,Western Mustangs,Brock Badgers,,Adam Thuss,Ryan Facchini,R,R,Fastball,Ball,,,,0.488927067,1.116549437
2,2,3,2,'3-2,2026-09-19,Western Mustangs,Brock Badgers,,Adam Thuss,Ryan Facchini,R,R,Cutter,Double,Fly Ball,Pull,,0.31014009,0.267469236
2,2,0,0,'0-0,2026-09-19,Western Mustangs,Brock Badgers,,Ryan Nuernberger,Ryan Facchini,L,R,Cutter,Hit By Pitch,,,,1.680840245,0.36181148
2,2,0,0,'0-0,2026-09-19,Western Mustangs,Brock Badgers,,Trent Sillett,Ryan Facchini,R,R,Cutter,Called Strike,,,,-0.742716552,0.204574406
2,2,0,1,'0-1,2026-09-19,Western Mustangs,Brock Badgers,,Trent Sillett,Ryan Facchini,R,R,Fastball,Called Strike,,,,-0.702986112,0.692009336
2,2,0,2,'0-2,2026-09-19,Western Mustangs,Brock Badgers,,Trent Sillett,Ryan Facchini,R,R,Slider,Ball,,,,-1.298942702,0.180988845
2,2,1,2,'1-2,2026-09-19,Western Mustangs,Brock Badgers,,Trent Sillett,Ryan Facchini,R,R,Cutter,Ball,,,,1.502053269,0.173126991
2,2,2,2,'2-2,2026-09-19,Western Mustangs,Brock Badgers,,Trent Sillett,Ryan Facchini,R,R,Cutter,Ball,,,,0.667714043,0.935726801
2,2,3,2,'3-2,2026-09-19,Western Mustangs,Brock Badgers,,Trent Sillett,Ryan Facchini,R,R,Cutter,Walk,,,,1.343131511,0.228159967
2,2,0,0,'0-0,2026-09-19,Western Mustangs,Brock Badgers,,Rowan Rajhans,Ryan Facchini,L,R,Fastball,Called Strike,,,,-0.683120893,0.770627873
2,2,0,1,'0-1,2026-09-19,Western Mustangs,Brock Badgers,,Rowan Rajhans,Ryan Facchini,L,R,Cutter,Foul,,,,-0.24608606,0.094508454
2,2,0,2,'0-2,2026-09-19,Western Mustangs,Brock Badgers,,Rowan Rajhans,Ryan Facchini,L,R,Fastball,Foul,,,,-0.484468696,0.84924641
2,2,0,2,'0-2,2026-09-19,Western Mustangs,Brock Badgers,,Rowan Rajhans,Ryan Facchini,L,R,Slider,Foul,,,,-0.683120893,0.322502212
2,2,0,2,'0-2,2026-09-19,Western Mustangs,Brock Badgers,,Rowan Rajhans,Ryan Facchini,L,R,Changeup,Strikeout Swinging,,,,0.31014009,0.102370308
3,0,0,0,'0-0,2026-09-19,Brock Badgers,Western Mustangs,,Josh Frazer,Tyler Ray,L,R,Fastball,Called Strike,,,,-0.583794794,0.173126991
3,0,0,1,'0-1,2026-09-19,Brock Badgers,Western Mustangs,,Josh Frazer,Tyler Ray,L,R,Offspeed,Swinging Strike,,,,0.171083552,0.369673334
3,0,0,2,'0-2,2026-09-19,Brock Badgers,Western Mustangs,,Josh Frazer,Tyler Ray,L,R,Fastball,Ball,,,,-1.855168852,0.982897924
3,0,1,2,'1-2,2026-09-19,Brock Badgers,Western Mustangs,,Josh Frazer,Tyler Ray,L,R,Offspeed,Popout,Pop Up,Opposite Field,,-0.206355621,0.236021821
3,1,0,0,'0-0,2026-09-19,Brock Badgers,Western Mustangs,,Jaden Leeder,Tyler Ray,R,R,Fastball,Called Strike,,,,0.548522726,0.125955869
3,1,0,1,'0-1,2026-09-19,Brock Badgers,Western Mustangs,,Jaden Leeder,Tyler Ray,R,R,Offspeed,Ball,,,,1.561648928,-0.235689402
3,1,1,1,'1-1,2026-09-19,Brock Badgers,Western Mustangs,,Jaden Leeder,Tyler Ray,R,R,Breaking Ball,Foul,,,,0.409466188,0.589805238
3,1,1,2,'1-2,2026-09-19,Brock Badgers,Western Mustangs,,Jaden Leeder,Tyler Ray,R,R,Fastball,Groundout,Ground Ball,Opposite Field,,0.31014009,0.864970118
3,2,0,0,'0-0,2026-09-19,Brock Badgers,Western Mustangs,,Brady Campbell,Tyler Ray,R,R,Breaking Ball,Ball,,,,1.541783708,1.147996851
3,2,1,0,'1-0,2026-09-19,Brock Badgers,Western Mustangs,,Brady Campbell,Tyler Ray,R,R,Fastball,Ball,,,,-1.338673141,-0.235689402
3,2,2,0,'2-0,2026-09-19,Brock Badgers,Western Mustangs,,Brady Campbell,Tyler Ray,R,R,Fastball,Popout,Pop Up,Straightaway,,-0.504333916,0.864970118
3,0,0,0,'0-0,2026-09-19,Western Mustangs,Brock Badgers,,Parker McLean,Ryan Facchini,L,R,Cutter,Swinging Strike,,,,0.210813992,0.786351581
3,0,0,1,'0-1,2026-09-19,Western Mustangs,Brock Badgers,,Parker McLean,Ryan Facchini,L,R,Splitter,Ball,,,,-1.795573193,0.055199186
3,0,1,1,'1-1,2026-09-19,Western Mustangs,Brock Badgers,,Parker McLean,Ryan Facchini,L,R,Changeup,Foul,,,,-0.544064355,0.809937142
3,0,1,2,'1-2,2026-09-19,Western Mustangs,Brock Badgers,,Parker McLean,Ryan Facchini,L,R,Cutter,Groundout,Ground Ball,Pull,,0.171083552,0.464015579
3,1,0,0,'0-0,2026-09-19,Western Mustangs,Brock Badgers,,Dominic Pugliese,Ryan Facchini,L,R,Changeup,Ball,,,,-1.537325337,0.408982603
3,1,1,0,'1-0,2026-09-19,Western Mustangs,Brock Badgers,,Dominic Pugliese,Ryan Facchini,L,R,Splitter,Single,Line Drive,Pull,,-0.464603476,0.267469236
3,1,0,0,'0-0,2026-09-19,Western Mustangs,Brock Badgers,,Matt Dubrick,Ryan Facchini,L,R,Fastball,Called Strike,,,,-0.861907869,0.393258895
3,1,0,1,'0-1,2026-09-19,Western Mustangs,Brock Badgers,,Matt Dubrick,Ryan Facchini,L,R,Changeup,Error,Ground Ball,Pull,,-0.166625182,0.204574406
3,1,0,0,'0-0,2026-09-19,Western Mustangs,Brock Badgers,,Adam Awrey,Ryan Facchini,L,R,Cutter,Called Strike,,,,-0.26595128,0.613390799
3,1,0,1,'0-1,2026-09-19,Western Mustangs,Brock Badgers,,Adam Awrey,Ryan Facchini,L,R,Fastball,Ball,,,,-0.603660014,1.163720559
3,1,1,1,'1-1,2026-09-19,Western Mustangs,Brock Badgers,,Adam Awrey,Ryan Facchini,L,R,Cutter,Ball,,,,-1.418134019,0.070922893
3,1,2,1,'2-1,2026-09-19,Western Mustangs,Brock Badgers,,Adam Awrey,Ryan Facchini,L,R,Cutter,Groundout,Ground Ball,Pull,,-0.444738257,0.621252653
3,2,0,0,'0-0,2026-09-19,Western Mustangs,Brock Badgers,,Quin Steinke,Ryan Facchini,L,R,Fastball,Called Strike,,,,0.250544431,0.76276602
3,2,0,1,'0-1,2026-09-19,Western Mustangs,Brock Badgers,,Quin Steinke,Ryan Facchini,L,R,Fastball,Ball,,,,-1.636651436,0.802075288
3,2,1,1,'1-1,2026-09-19,Western Mustangs,Brock Badgers,,Quin Steinke,Ryan Facchini,L,R,Cutter,Called Strike,,,,-0.206355621,0.668423775
3,2,1,2,'1-2,2026-09-19,Western Mustangs,Brock Badgers,,Quin Steinke,Ryan Facchini,L,R,Changeup,Groundout,Ground Ball,Straightaway,,-0.385142598,0.157403284
4,0,0,0,'0-0,2026-09-19,Brock Badgers,Western Mustangs,,Nate Parsons,Tyler Ray,L,R,Offspeed,Foul,,,,-0.504333916,0.21243626
4,0,0,1,'0-1,2026-09-19,Brock Badgers,Western Mustangs,,Nate Parsons,Tyler Ray,L,R,Fastball,Foul,,,,-0.405007818,0.872831972
4,0,0,2,'0-2,2026-09-19,Brock Badgers,Western Mustangs,,Nate Parsons,Tyler Ray,L,R,Fastball,Ball,,,,-0.623525234,1.242339096
4,0,1,2,'1-2,2026-09-19,Brock Badgers,Western Mustangs,,Nate Parsons,Tyler Ray,L,R,Fastball,Ball,,,,-1.497594898,0.794213435
4,0,2,2,'2-2,2026-09-19,Brock Badgers,Western Mustangs,,Nate Parsons,Tyler Ray,L,R,Offspeed,Ball,,,,0.588253165,-0.361479061
4,0,3,2,'3-2,2026-09-19,Brock Badgers,Western Mustangs,,Nate Parsons,Tyler Ray,L,R,Fastball,Strikeout Looking,,,,0.389600968,0.196712552
4,1,0,0,'0-0,2026-09-19,Brock Badgers,Western Mustangs,,Nolan Phelan,Tyler Ray,R,R,Breaking Ball,Called Strike,,,,0.608118385,0.118094015
4,1,0,1,'0-1,2026-09-19,Brock Badgers,Western Mustangs,,Nolan Phelan,Tyler Ray,R,R,Fastball,Ball,,,,1.44245761,-0.227827548
4,1,1,1,'1-1,2026-09-19,Brock Badgers,Western Mustangs,,Nolan Phelan,Tyler Ray,R,R,Fastball,Hit By Pitch,,,,-1.537325337,0.684147483
4,1,0,0,'0-0,2026-09-19,Brock Badgers,Western Mustangs,,,,,,,Caught Stealing,,,,,
4,2,0,0,'0-0,2026-09-19,Brock Badgers,Western Mustangs,,Adam Geddes,Tyler Ray,L,R,Fastball,Ball,,,,-1.716112314,0.770627873
4,2,1,0,'1-0,2026-09-19,Brock Badgers,Western Mustangs,,Adam Geddes,Tyler Ray,L,R,Offspeed,Called Strike,,,,-0.663255673,0.621252653
4,2,1,1,'1-1,2026-09-19,Brock Badgers,Western Mustangs,,Adam Geddes,Tyler Ray,L,R,Offspeed,Swinging Strike,,,,-1.279077482,0.338225919
4,2,1,2,'1-2,2026-09-19,Brock Badgers,Western Mustangs,,Adam Geddes,Tyler Ray,L,R,Fastball,Hit By Pitch,,,,1.40272717,0.864970118
4,2,0,0,'0-0,2026-09-19,Brock Badgers,Western Mustangs,,Gavin Taylor,Tyler Ray,R,R,Fastball,Single,Ground Ball,Pull,,-0.623525234,0.42470631
4,2,0,0,'0-0,2026-09-19,Brock Badgers,Western Mustangs,,Kade Falardeau,Tyler Ray,R,R,Fastball,Ball,,,,1.343131511,0.668423775
4,2,1,0,'1-0,2026-09-19,Brock Badgers,Western Mustangs,,Kade Falardeau,Tyler Ray,R,R,Breaking Ball,Called Strike,,,,0.826635801,0.432568164
4,2,1,1,'1-1,2026-09-19,Brock Badgers,Western Mustangs,,Kade Falardeau,Tyler Ray,R,R,Breaking Ball,Ball,,,,1.263670633,0.668423775
4,2,2,1,'2-1,2026-09-19,Brock Badgers,Western Mustangs,,Kade Falardeau,Tyler Ray,R,R,Fastball,Foul,,,,0.806770581,0.173126991
4,2,2,2,'2-2,2026-09-19,Brock Badgers,Western Mustangs,,Kade Falardeau,Tyler Ray,R,R,Breaking Ball,Single,Line Drive,Opposite Field,,0.449196627,0.298916651
4,2,0,0,'0-0,2026-09-19,Brock Badgers,Western Mustangs,,Flynn Matheson,Tyler Ray,R,R,Fastball,Ball,,,,0.687579263,-0.133485304
4,2,1,0,'1-0,2026-09-19,Brock Badgers,Western Mustangs,,Flynn Matheson,Tyler Ray,R,R,Fastball,Swinging Strike,,,,-0.24608606,0.416844456
4,2,1,1,'1-1,2026-09-19,Brock Badgers,Western Mustangs,,Flynn Matheson,Tyler Ray,R,R,Fastball,Ball,,,,-0.146759962,-0.282860524
4,2,2,1,'2-1,2026-09-19,Brock Badgers,Western Mustangs,,Flynn Matheson,Tyler Ray,R,R,Fastball,Ball,,,,-0.464603476,1.147996851
4,2,3,1,'3-1,2026-09-19,Brock Badgers,Western Mustangs,,Flynn Matheson,Tyler Ray,R,R,Fastball,Walk,,,,-0.663255673,1.100825729
4,2,0,0,'0-0,2026-09-19,Brock Badgers,Western Mustangs,,Josh Frazer,Tyler Ray,L,R,Fastball,Ball,,,,-1.279077482,0.196712552
4,2,1,0,'1-0,2026-09-19,Brock Badgers,Western Mustangs,,Josh Frazer,Tyler Ray,L,R,Offspeed,Popout,Pop Up,Opposite Field,,0.151218333,0.27533109
4,0,0,0,'0-0,2026-09-19,Western Mustangs,Brock Badgers,,Adam Thuss,Ryan Facchini,R,R,Slider,Ball,,,,-1.437999239,0.731318605
4,0,1,0,'1-0,2026-09-19,Western Mustangs,Brock Badgers,,Adam Thuss,Ryan Facchini,R,R,Cutter,Called Strike,,,,0.250544431,0.660561921
4,0,1,1,'1-1,2026-09-19,Western Mustangs,Brock Badgers,,Adam Thuss,Ryan Facchini,R,R,Changeup,Ball,,,,-1.239347043,0.857108264
4,0,2,1,'2-1,2026-09-19,Western Mustangs,Brock Badgers,,Adam Thuss,Ryan Facchini,R,R,Cutter,Popout,Pop Up,Straightaway,,-0.464603476,-0.157070865
4,1,0,0,'0-0,2026-09-19,Western Mustangs,Brock Badgers,,Ryan Nuernberger,Ryan Facchini,L,R,Changeup,Called Strike,,,,-0.563929575,0.377535188
4,1,0,1,'0-1,2026-09-19,Western Mustangs,Brock Badgers,,Ryan Nuernberger,Ryan Facchini,L,R,Changeup,Called Strike,,,,0.250544431,0.534772262
4,1,0,2,'0-2,2026-09-19,Western Mustangs,Brock Badgers,,Ryan Nuernberger,Ryan Facchini,L,R,Fastball,Ball,,,,-1.696247094,0.770627873
4,1,1,2,'1-2,2026-09-19,Western Mustangs,Brock Badgers,,Ryan Nuernberger,Ryan Facchini,L,R,Changeup,Double,Fly Ball,Pull,,-0.424873037,0.291054797
4,1,0,0,'0-0,2026-09-19,Western Mustangs,Brock Badgers,,Trent Sillett,Ryan Facchini,R,R,Fastball,Ball,,,,-0.524199135,1.108687583
4,1,1,0,'1-0,2026-09-19,Western Mustangs,Brock Badgers,,Trent Sillett,Ryan Facchini,R,R,Cutter,Ball,,,,1.084883656,-0.27499867
4,1,2,0,'2-0,2026-09-19,Western Mustangs,Brock Badgers,,Trent Sillett,Ryan Facchini,R,R,Cutter,Called Strike,,,,-0.762581771,-0.06272862
4,1,2,1,'2-1,2026-09-19,Western Mustangs,Brock Badgers,,Trent Sillett,Ryan Facchini,R,R,Fastball,Ball,,,,-0.82217743,0.676285629
4,1,3,1,'3-1,2026-09-19,Western Mustangs,Brock Badgers,,Trent Sillett,Ryan Facchini,R,R,Cutter,Swinging Strike,,,,0.627983604,0.133817723
4,1,3,2,'3-2,2026-09-19,Western Mustangs,Brock Badgers,,Trent Sillett,Ryan Facchini,R,R,Cutter,Popout,Pop Up,Straightaway,,0.190948772,0.141679576
4,2,0,0,'0-0,2026-09-19,Western Mustangs,Brock Badgers,,Rowan Rajhans,Ryan Facchini,L,R,Changeup,Groundout,Ground Ball,Pull,,-0.444738257,0.133817723
5,0,0,0,'0-0,2026-09-19,Brock Badgers,Western Mustangs,,Jaden Leeder,Tyler Ray,R,R,Breaking Ball,Double,Line Drive,Pull,,-0.434805647,0.369673334
5,0,0,0,'0-0,2026-09-19,Brock Badgers,Western Mustangs,,Brady Campbell,Tyler Ray,R,R,Fastball,Ball,,,,1.362996731,-0.282860524
5,0,1,0,'1-0,2026-09-19,Brock Badgers,Western Mustangs,,Brady Campbell,Tyler Ray,R,R,Fastball,Called Strike,,,,0.826635801,0.21243626
5,0,1,1,'1-1,2026-09-19,Brock Badgers,Western Mustangs,,Brady Campbell,Tyler Ray,R,R,Fastball,Groundout,Ground Ball,Straightaway,,-0.424873037,0.668423775
5,1,0,0,'0-0,2026-09-19,Brock Badgers,Western Mustangs,,Nate Parsons,Tyler Ray,L,R,Changeup,Swinging Strike,,,,-0.087164303,-0.306446085
5,1,0,1,'0-1,2026-09-19,Brock Badgers,Western Mustangs,,Nate Parsons,Tyler Ray,L,R,Fastball,Called Strike,,,,0.210813992,0.589805238
5,1,0,2,'0-2,2026-09-19,Brock Badgers,Western Mustangs,,Nate Parsons,Tyler Ray,L,R,Fastball,Strikeout Swinging,,,,0.429331408,-0.172794572
5,2,0,0,'0-0,2026-09-19,Brock Badgers,Western Mustangs,,Nolan Phelan,Tyler Ray,R,R,Fastball,Ball,,,,0.508792286,1.108687583
5,2,1,0,'1-0,2026-09-19,Brock Badgers,Western Mustangs,,Nolan Phelan,Tyler Ray,R,R,Fastball,Ball,,,,-1.179751384,1.147996851
5,2,2,0,'2-0,2026-09-19,Brock Badgers,Western Mustangs,,Nolan Phelan,Tyler Ray,R,R,Fastball,Foul,,,,-0.504333916,0.165265138
5,2,2,1,'2-1,2026-09-19,Brock Badgers,Western Mustangs,,Nolan Phelan,Tyler Ray,R,R,Fastball,Ball,,,,1.44245761,0.330364066
5,2,3,1,'3-1,2026-09-19,Brock Badgers,Western Mustangs,,Nolan Phelan,Tyler Ray,R,R,Fastball,Walk,,,,0.906096679,0.747042312
5,2,0,0,'0-0,2026-09-19,Brock Badgers,Western Mustangs,,Adam Geddes,Tyler Ray,L,R,Fastball,Ball,,,,0.786905361,-0.219965694
5,2,1,0,'1-0,2026-09-19,Brock Badgers,Western Mustangs,,Adam Geddes,Tyler Ray,L,R,Offspeed,Ball,,,,-1.676381875,1.108687583
5,2,2,0,'2-0,2026-09-19,Brock Badgers,Western Mustangs,,Adam Geddes,Tyler Ray,L,R,Fastball,Ball,,,,1.104748876,-0.282860524
5,2,3,0,'3-0,2026-09-19,Brock Badgers,Western Mustangs,,Adam Geddes,Tyler Ray,L,R,Fastball,Called Strike,,,,-0.643390453,0.291054797
5,2,3,1,'3-1,2026-09-19,Brock Badgers,Western Mustangs,,Adam Geddes,Tyler Ray,L,R,Fastball,Walk,,,,1.065018436,-0.3378935
5,2,0,0,'0-0,2026-09-19,Brock Badgers,Western Mustangs,,Gavin Taylor,Tyler Ray,R,R,Fastball,Called Strike,,,,0.747174922,0.574081531
5,2,0,1,'0-1,2026-09-19,Brock Badgers,Western Mustangs,,Gavin Taylor,Tyler Ray,R,R,Fastball,Flyout,Fly Ball,Straightaway,,-0.702986112,0.558357823
5,0,0,0,'0-0,2026-09-19,Western Mustangs,Brock Badgers,,Parker McLean,Ryan Facchini,L,R,Changeup,Swinging Strike,,,,-1.100290505,-0.227827548
5,0,0,1,'0-1,2026-09-19,Western Mustangs,Brock Badgers,,Parker McLean,Ryan Facchini,L,R,Changeup,Ball,,,,-1.477729678,-0.212103841
5,0,1,1,'1-1,2026-09-19,Western Mustangs,Brock Badgers,,Parker McLean,Ryan Facchini,L,R,Fastball,Ball,,,,-1.596920996,0.715594897
5,0,2,1,'2-1,2026-09-19,Western Mustangs,Brock Badgers,,Parker McLean,Ryan Facchini,L,R,Cutter,Foul,,,,-0.544064355,0.416844456
5,0,2,2,'2-2,2026-09-19,Western Mustangs,Brock Badgers,,Parker McLean,Ryan Facchini,L,R,Changeup,Ball,,,,-2.033955828,0.298916651
5,0,3,2,'3-2,2026-09-19,Western Mustangs,Brock Badgers,,Parker McLean,Ryan Facchini,L,R,Cutter,Double,Fly Ball,Pull,,0.111487893,0.141679576
5,0,0,0,'0-0,2026-09-19,Western Mustangs,Brock Badgers,,Dominic Pugliese,Ryan Facchini,L,R,Cutter,Ball,,,,1.541783708,0.369673334
5,0,1,0,'1-0,2026-09-19,Western Mustangs,Brock Badgers,,Dominic Pugliese,Ryan Facchini,L,R,Fastball,Swinging Strike,,,,-0.375209988,1.096894802
5,0,1,1,'1-1,2026-09-19,Western Mustangs,Brock Badgers,,Dominic Pugliese,Ryan Facchini,L,R,Changeup,Ball,,,,-0.583794794,-0.40078833
5,0,2,1,'2-1,2026-09-19,Western Mustangs,Brock Badgers,,Dominic Pugliese,Ryan Facchini,L,R,Fastball,Ball,,,,0.588253165,-0.157070865
5,0,3,1,'3-1,2026-09-19,Western Mustangs,Brock Badgers,,Dominic Pugliese,Ryan Facchini,L,R,Cutter,Walk,,,,0.727309702,-0.392926476
5,0,0,0,'0-0,2026-09-19,Western Mustangs,Brock Badgers,,Matt Dubrick,Jack Tiessen,L,R,Fastball,Called Strike,,,,0.608118385,0.621252653
5,0,0,1,'0-1,2026-09-19,Western Mustangs,Brock Badgers,,Matt Dubrick,Jack Tiessen,L,R,Fastball,Sacrifice Fly,Fly Ball,Straightaway,,-0.524199135,0.754904166
5,1,0,0,'0-0,2026-09-19,Western Mustangs,Brock Badgers,,Adam Awrey,Jack Tiessen,L,R,Fastball,Called Strike,,,,-1.3982688,-0.023419352
5,1,0,1,'0-1,2026-09-19,Western Mustangs,Brock Badgers,,Adam Awrey,Jack Tiessen,L,R,Fastball,Ball,,,,0.508792286,-0.219965694
5,1,1,1,'1-1,2026-09-19,Western Mustangs,Brock Badgers,,Adam Awrey,Jack Tiessen,L,R,Fastball,Groundout,Ground Ball,Pull,,-0.504333916,0.676285629
5,2,0,0,'0-0,2026-09-19,Western Mustangs,Brock Badgers,,Quin Steinke,Jack Tiessen,L,R,Fastball,Swinging Strike,,,,-0.702986112,1.210891681
5,2,0,1,'0-1,2026-09-19,Western Mustangs,Brock Badgers,,Quin Steinke,Jack Tiessen,L,R,Fastball,Foul,,,,-0.464603476,0.306778504
5,2,0,2,'0-2,2026-09-19,Western Mustangs,Brock Badgers,,Quin Steinke,Jack Tiessen,L,R,Fastball,Foul,,,,-0.424873037,1.132273144
5,2,0,2,'0-2,2026-09-19,Western Mustangs,Brock Badgers,,Quin Steinke,Jack Tiessen,L,R,Fastball,Single,Line Drive,Opposite Field,,-0.544064355,0.589805238
5,2,0,0,'0-0,2026-09-19,Western Mustangs,Brock Badgers,,Adam Thuss,Jack Tiessen,R,R,Fastball,Flyout,Fly Ball,Straightaway,,0.31014009,0.188850699
6,0,0,0,'0-0,2026-09-19,Brock Badgers,Western Mustangs,,Kade Falardeau,Connor Lynch,R,R,Fastball,Single,Line Drive,Straightaway,,-0.126894742,0.228159967
6,0,0,0,'0-0,2026-09-19,Brock Badgers,Western Mustangs,,Flynn Matheson,Connor Lynch,R,R,Fastball,Foul,,,,0.469061847,0.660561921
6,0,0,1,'0-1,2026-09-19,Brock Badgers,Western Mustangs,,Flynn Matheson,Connor Lynch,R,R,Breaking Ball,Ball,,,,0.88623146,-0.314307939
6,0,1,1,'1-1,2026-09-19,Brock Badgers,Western Mustangs,,Flynn Matheson,Connor Lynch,R,R,Fastball,Ball,,,,-0.583794794,1.108687583
6,0,2,1,'2-1,2026-09-19,Brock Badgers,Western Mustangs,,Flynn Matheson,Connor Lynch,R,R,Breaking Ball,Ball,,,,0.528657506,-0.259274963
6,0,3,1,'3-1,2026-09-19,Brock Badgers,Western Mustangs,,Flynn Matheson,Connor Lynch,R,R,Fastball,Groundout,Ground Ball,Pull,,-0.464603476,0.613390799
6,1,0,0,'0-0,2026-09-19,Brock Badgers,Western Mustangs,,Josh Frazer,Connor Lynch,L,R,Offspeed,Ball,,,,0.767040142,-0.440097598
6,1,1,0,'1-0,2026-09-19,Brock Badgers,Western Mustangs,,Josh Frazer,Connor Lynch,L,R,Offspeed,Swinging Strike,,,,-1.477729678,0.21243626
6,1,1,1,'1-1,2026-09-19,Brock Badgers,Western Mustangs,,Josh Frazer,Connor Lynch,L,R,Offspeed,Foul,,,,-0.504333916,-0.157070865
6,1,1,2,'1-2,2026-09-19,Brock Badgers,Western Mustangs,,Josh Frazer,Connor Lynch,L,R,Offspeed,Strikeout Swinging,,,,0.449196627,0.110232162
6,2,0,0,'0-0,2026-09-19,Brock Badgers,Western Mustangs,,Jaden Leeder,Connor Lynch,R,R,Breaking Ball,Ball,,,,-0.722851332,1.116549437
6,2,1,0,'1-0,2026-09-19,Brock Badgers,Western Mustangs,,Jaden Leeder,Connor Lynch,R,R,Fastball,Foul,,,,0.151218333,0.723456751
6,2,1,1,'1-1,2026-09-19,Brock Badgers,Western Mustangs,,Jaden Leeder,Connor Lynch,R,R,Breaking Ball,Ball,,,,1.223940194,-0.235689402
6,2,2,1,'2-1,2026-09-19,Brock Badgers,Western Mustangs,,Jaden Leeder,Connor Lynch,R,R,Fastball,Error,Ground Ball,Pull,,0.687579263,0.157403284
6,2,0,0,'0-0,2026-09-19,Brock Badgers,Western Mustangs,,Brady Campbell,Connor Lynch,R,R,Fastball,Foul,,,,-0.544064355,0.401120749
6,2,0,1,'0-1,2026-09-19,Brock Badgers,Western Mustangs,,Brady Campbell,Connor Lynch,R,R,Fastball,Ball,,,,1.164344535,-0.345755354
6,2,1,1,'1-1,2026-09-19,Brock Badgers,Western Mustangs,,Brady Campbell,Connor Lynch,R,R,Offspeed,Ball,,,,-0.444738257,-0.345755354
6,2,2,1,'2-1,2026-09-19,Brock Badgers,Western Mustangs,,Brady Campbell,Connor Lynch,R,R,Fastball,Ball,,,,-1.35853836,0.904279386
6,2,3,1,'3-1,2026-09-19,Brock Badgers,Western Mustangs,,Brady Campbell,Connor Lynch,R,R,Fastball,Single,Line Drive,Pull,,-0.504333916,0.283192943
6,2,0,0,'0-0,2026-09-19,Brock Badgers,Western Mustangs,,Tim Somerville,Connor Lynch,R,R,Fastball,Error,Ground Ball,Straightaway,,-0.80231221,0.330364066
6,2,0,0,'0-0,2026-09-19,Brock Badgers,Western Mustangs,,Liam Riley,Connor Lynch,R,R,Breaking Ball,Ball,,,,0.806770581,-0.196380133
6,2,1,0,'1-0,2026-09-19,Brock Badgers,Western Mustangs,,Liam Riley,Connor Lynch,R,R,Breaking Ball,Swinging Strike,,,,-0.26595128,0.754904166
6,2,1,1,'1-1,2026-09-19,Brock Badgers,Western Mustangs,,Liam Riley,Connor Lynch,R,R,Fastball,Swinging Strike,,,,0.429331408,0.243883675
6,2,1,2,'1-2,2026-09-19,Brock Badgers,Western Mustangs,,Liam Riley,Connor Lynch,R,R,Breaking Ball,Ball,,,,1.263670633,-0.447959452
6,2,2,2,'2-2,2026-09-19,Brock Badgers,Western Mustangs,,Liam Riley,Connor Lynch,R,R,Fastball,Single,Ground Ball,Pull,,-0.683120893,0.251745528
6,2,0,0,'0-0,2026-09-19,Brock Badgers,Western Mustangs,,Adam Geddes,Connor Lynch,L,R,Offspeed,Ball,,,,-1.298942702,0.817798996
6,2,1,0,'1-0,2026-09-19,Brock Badgers,Western Mustangs,,Adam Geddes,Connor Lynch,L,R,Fastball,Ball,,,,-0.881773089,1.140134998
6,2,2,0,'2-0,2026-09-19,Brock Badgers,Western Mustangs,,Adam Geddes,Connor Lynch,L,R,Offspeed,Popout,Pop Up,Opposite Field,,-0.563929575,0.133817723
6,0,0,0,'0-0,2026-09-19,Western Mustangs,Brock Badgers,,Ryan Nuernberger,Jack Tiessen,L,R,Fastball,Ball,,,,0.369735749,0.090577527
6,0,1,0,'1-0,2026-09-19,Western Mustangs,Brock Badgers,,Ryan Nuernberger,Jack Tiessen,L,R,Fastball,Ball,,,,0.469061847,1.116549437
6,0,2,0,'2-0,2026-09-19,Western Mustangs,Brock Badgers,,Ryan Nuernberger,Jack Tiessen,L,R,Fastball,Ball,,,,1.42259239,-0.102037889
6,0,3,0,'3-0,2026-09-19,Western Mustangs,Brock Badgers,,Ryan Nuernberger,Jack Tiessen,L,R,Fastball,Walk,,,,-1.259212262,0.809937142
6,0,0,0,'0-0,2026-09-19,Western Mustangs,Brock Badgers,,Trent Sillett,Jack Tiessen,R,R,Fastball,Ball,,,,-1.477729678,0.872831972
6,0,1,0,'1-0,2026-09-19,Western Mustangs,Brock Badgers,,Trent Sillett,Rowan Gelder,R,L,Fastball,Called Strike,,,,-0.2858165,0.251745528
6,0,1,1,'1-1,2026-09-19,Western Mustangs,Brock Badgers,,Trent Sillett,Rowan Gelder,R,L,Fastball,Ball,,,,-0.583794794,-0.3378935
6,0,2,1,'2-1,2026-09-19,Western Mustangs,Brock Badgers,,Trent Sillett,Rowan Gelder,R,L,Fastball,Lineout,Line Drive,Opposite Field,,0.508792286,0.220298114
6,1,0,0,'0-0,2026-09-19,Western Mustangs,Brock Badgers,,Thomas Valero,Rowan Gelder,R,L,Fastball,Ball,,,,-1.040694846,-0.212103841
6,1,1,0,'1-0,2026-09-19,Western Mustangs,Brock Badgers,,Thomas Valero,Rowan Gelder,R,L,Fastball,Ball,,,,-1.477729678,0.133817723
6,1,2,0,'2-0,2026-09-19,Western Mustangs,Brock Badgers,,Thomas Valero,Rowan Gelder,R,L,Fastball,Groundout,Ground Ball,Straightaway,,0.667714043,0.094508454
6,2,0,0,'0-0,2026-09-19,Western Mustangs,Brock Badgers,,Parker McLean,Rowan Gelder,L,L,Fastball,Called Strike,,,,-0.563929575,0.27533109
6,2,0,1,'0-1,2026-09-19,Western Mustangs,Brock Badgers,,Parker McLean,Rowan Gelder,L,L,Curveball,Ball,,,,-0.365277378,1.132273144
6,2,1,1,'1-1,2026-09-19,Western Mustangs,Brock Badgers,,Parker McLean,Rowan Gelder,L,L,Fastball,Ball,,,,-1.735977534,0.188850699
6,2,2,1,'2-1,2026-09-19,Western Mustangs,Brock Badgers,,Parker McLean,Rowan Gelder,L,L,Fastball,Foul,,,,-0.583794794,0.825660849
6,2,2,2,'2-2,2026-09-19,Western Mustangs,Brock Badgers,,Parker McLean,Rowan Gelder,L,L,Curveball,Foul,,,,-0.683120893,0.471877432
6,2,2,2,'2-2,2026-09-19,Western Mustangs,Brock Badgers,,Parker McLean,Rowan Gelder,L,L,Fastball,Foul,,,,0.667714043,0.526910408
6,2,2,2,'2-2,2026-09-19,Western Mustangs,Brock Badgers,,Parker McLean,Rowan Gelder,L,L,Fastball,Ball,,,,0.032027015,1.226615389
6,2,3,2,'3-2,2026-09-19,Western Mustangs,Brock Badgers,,Parker McLean,Rowan Gelder,L,L,Fastball,Walk,,,,0.151218333,1.163720559
6,2,0,0,'0-0,2026-09-19,Western Mustangs,Brock Badgers,,Dominic Pugliese,Rowan Gelder,L,L,Fastball,Foul,,,,0.111487893,0.456153725
6,2,0,1,'0-1,2026-09-19,Western Mustangs,Brock Badgers,,Dominic Pugliese,Rowan Gelder,L,L,Fastball,Ball,,,,0.806770581,0.644838214
6,2,1,1,'1-1,2026-09-19,Western Mustangs,Brock Badgers,,Dominic Pugliese,Rowan Gelder,L,L,Fastball,Ball,,,,-0.84204265,0.298916651
6,2,2,1,'2-1,2026-09-19,Western Mustangs,Brock Badgers,,Dominic Pugliese,Rowan Gelder,L,L,Fastball,Ball,,,,-0.027568644,1.18730612
6,2,3,1,'3-1,2026-09-19,Western Mustangs,Brock Badgers,,Dominic Pugliese,Rowan Gelder,L,L,Fastball,Walk,,,,-1.775707973,-0.196380133
6,2,0,0,'0-0,2026-09-19,Western Mustangs,Brock Badgers,,Matt Dubrick,Rowan Gelder,L,L,Fastball,Ball,,,,-1.577055777,-0.109899742
6,2,1,0,'1-0,2026-09-19,Western Mustangs,Brock Badgers,,Matt Dubrick,Rowan Gelder,L,L,Fastball,Called Strike,,,,-0.146759962,0.377535188
6,2,1,1,'1-1,2026-09-19,Western Mustangs,Brock Badgers,,Matt Dubrick,Rowan Gelder,L,L,Fastball,Ball,,,,-1.37840358,-0.27499867
6,2,2,1,'2-1,2026-09-19,Western Mustangs,Brock Badgers,,Matt Dubrick,Rowan Gelder,L,L,Fastball,Ball,,,,0.469061847,1.077240168
6,2,3,1,'3-1,2026-09-19,Western Mustangs,Brock Badgers,,Matt Dubrick,Rowan Gelder,L,L,Fastball,Walk,,,,-0.603660014,0.330364066
6,2,0,0,'0-0,2026-09-19,Western Mustangs,Brock Badgers,,Adam Awrey,Rowan Gelder,L,L,Fastball,Called Strike,,,,0.131353113,0.97503607
6,2,0,1,'0-1,2026-09-19,Western Mustangs,Brock Badgers,,Adam Awrey,Rowan Gelder,L,L,Fastball,Ball,,,,-0.126894742,0.133817723
6,2,1,1,'1-1,2026-09-19,Western Mustangs,Brock Badgers,,Adam Awrey,Rowan Gelder,L,L,Fastball,Ball,,,,0.230679211,-0.086314181
6,2,2,1,'2-1,2026-09-19,Western Mustangs,Brock Badgers,,Adam Awrey,Rowan Gelder,L,L,Curveball,Called Strike,,,,-0.722851332,0.69987119
6,2,2,2,'2-2,2026-09-19,Western Mustangs,Brock Badgers,,Adam Awrey,Rowan Gelder,L,L,Fastball,Strikeout Swinging,,,,-0.524199135,0.668423775
7,0,0,0,'0-0,2026-09-19,Brock Badgers,Western Mustangs,,Gavin Taylor,Sebastian Shikatani,R,R,Fastball,Called Strike,,,,-0.464603476,0.76276602
7,0,0,1,'0-1,2026-09-19,Brock Badgers,Western Mustangs,,Gavin Taylor,Sebastian Shikatani,R,R,Breaking Ball,Swinging Strike,,,,1.521918488,-0.141347157
7,0,0,2,'0-2,2026-09-19,Brock Badgers,Western Mustangs,,Gavin Taylor,Sebastian Shikatani,R,R,Breaking Ball,Ball,,,,1.919222881,0.456153725
7,0,1,2,'1-2,2026-09-19,Brock Badgers,Western Mustangs,,Gavin Taylor,Sebastian Shikatani,R,R,Breaking Ball,Foul,,,,-0.385142598,0.27533109
7,0,1,2,'1-2,2026-09-19,Brock Badgers,Western Mustangs,,Gavin Taylor,Sebastian Shikatani,R,R,Fastball,Strikeout Swinging,,,,0.270409651,0.676285629
7,1,0,0,'0-0,2026-09-19,Brock Badgers,Western Mustangs,,Kade Falardeau,Sebastian Shikatani,R,R,Fastball,Called Strike,,,,0.548522726,0.377535188
7,1,0,1,'0-1,2026-09-19,Brock Badgers,Western Mustangs,,Kade Falardeau,Sebastian Shikatani,R,R,Fastball,Called Strike,,,,-0.126894742,0.802075288
7,1,0,2,'0-2,2026-09-19,Brock Badgers,Western Mustangs,,Kade Falardeau,Sebastian Shikatani,R,R,Breaking Ball,Error,Ground Ball,Pull,,-0.126894742,0.196712552
7,1,0,0,'0-0,2026-09-19,Brock Badgers,Western Mustangs,,Flynn Matheson,Sebastian Shikatani,R,R,Fastball,Ball,,,,2.038414199,-0.039143059
7,1,1,0,'1-0,2026-09-19,Brock Badgers,Western Mustangs,,Flynn Matheson,Sebastian Shikatani,R,R,Fastball,Foul,,,,0.568387945,0.251745528
7,1,1,1,'1-1,2026-09-19,Brock Badgers,Western Mustangs,,Flynn Matheson,Sebastian Shikatani,R,R,Fastball,Ball,,,,1.879492442,0.833522703
7,1,2,1,'2-1,2026-09-19,Brock Badgers,Western Mustangs,,Flynn Matheson,Sebastian Shikatani,R,R,Fastball,Called Strike,,,,-0.583794794,0.369673334
7,1,2,2,'2-2,2026-09-19,Brock Badgers,Western Mustangs,,Flynn Matheson,Sebastian Shikatani,R,R,Breaking Ball,Ball,,,,-1.437999239,0.291054797
7,1,3,2,'3-2,2026-09-19,Brock Badgers,Western Mustangs,,Flynn Matheson,Sebastian Shikatani,R,R,Fastball,Strikeout Swinging,,,,0.270409651,1.100825729
7,2,0,0,'0-0,2026-09-19,Brock Badgers,Western Mustangs,,Josh Frazer,Sebastian Shikatani,L,R,Breaking Ball,Ball,,,,-1.696247094,-0.133485304
7,2,1,0,'1-0,2026-09-19,Brock Badgers,Western Mustangs,,Josh Frazer,Sebastian Shikatani,L,R,Fastball,Ball,,,,1.243805413,0.841384557
7,2,2,0,'2-0,2026-09-19,Brock Badgers,Western Mustangs,,Josh Frazer,Sebastian Shikatani,L,R,Fastball,Foul,,,,0.29027487,0.314640358
7,2,2,1,'2-1,2026-09-19,Brock Badgers,Western Mustangs,,Josh Frazer,Sebastian Shikatani,L,R,Fastball,Ball,,,,0.826635801,0.27533109
7,2,3,1,'3-1,2026-09-19,Brock Badgers,Western Mustangs,,Josh Frazer,Sebastian Shikatani,L,R,Fastball,Flyout,Fly Ball,Pull,,0.528657506,0.692009336
7,0,0,0,'0-0,2026-09-19,Western Mustangs,Brock Badgers,,Quin Steinke,Max Van Dam,L,L,Fastball,Ball,,,,-1.437999239,-0.196380133
7,0,1,0,'1-0,2026-09-19,Western Mustangs,Brock Badgers,,Quin Steinke,Max Van Dam,L,L,Fastball,Called Strike,,,,-0.722851332,0.298916651
7,0,1,1,'1-1,2026-09-19,Western Mustangs,Brock Badgers,,Quin Steinke,Max Van Dam,L,L,Fastball,Ball,,,,-0.722851332,0.802075288
7,0,2,1,'2-1,2026-09-19,Western Mustangs,Brock Badgers,,Quin Steinke,Max Van Dam,L,L,Fastball,Single,Line Drive,Opposite Field,,0.508792286,0.63697636
7,0,0,0,'0-0,2026-09-19,Western Mustangs,Brock Badgers,,Adam Thuss,Max Van Dam,R,L,Fastball,Popout,Pop Up,Opposite Field,,0.449196627,0.786351581
7,1,0,0,'0-0,2026-09-19,Western Mustangs,Brock Badgers,,Ryan Nuernberger,Max Van Dam,L,L,Slider,Hit By Pitch,,,,1.700705465,0.267469236
7,1,0,0,'0-0,2026-09-19,Western Mustangs,Brock Badgers,,Trent Sillett,Max Van Dam,R,L,Fastball,Ball,,,,-1.418134019,0.27533109
7,1,1,0,'1-0,2026-09-19,Western Mustangs,Brock Badgers,,Trent Sillett,Max Van Dam,R,L,Fastball,Flyout,Fly Ball,Opposite Field,,0.84650102,0.786351581
7,2,0,0,'0-0,2026-09-19,Western Mustangs,Brock Badgers,,Nathaniel King,Max Van Dam,R,L,Fastball,Flyout,Fly Ball,Straightaway,,0.190948772,0.157403284
1,0,0,0,'0-0,2026-09-20,Waterloo Warriors,Brock Badgers,,Ben Waddell,Max Burroughsford,L,R,Changeup,Ball,,,0,-1.179751384,0.141679576
1,0,1,0,'1-0,2026-09-20,Waterloo Warriors,Brock Badgers,,Ben Waddell,Max Burroughsford,L,R,Fastball,Foul,,,0,0.31014009,0.739180459
1,0,1,1,'1-1,2026-09-20,Waterloo Warriors,Brock Badgers,,Ben Waddell,Max Burroughsford,L,R,Changeup,Called Strike,,,0,-0.782446991,0.511186701
1,0,1,2,'1-2,2026-09-20,Waterloo Warriors,Brock Badgers,,Ben Waddell,Max Burroughsford,L,R,Slider,Foul,,,0,0.131353113,0.872831972
1,0,1,2,'1-2,2026-09-20,Waterloo Warriors,Brock Badgers,,Ben Waddell,Max Burroughsford,L,R,Changeup,Ball,,,0,-1.35853836,0.377535188
1,0,2,2,'2-2,2026-09-20,Waterloo Warriors,Brock Badgers,,Ben Waddell,Max Burroughsford,L,R,Fastball,Ball,,,0,-1.259212262,0.236021821
1,0,3,2,'3-2,2026-09-20,Waterloo Warriors,Brock Badgers,,Ben Waddell,Max Burroughsford,L,R,Fastball,Flyout,Fly Ball,Pull,0,0.508792286,0.542634116
1,1,0,0,'0-0,2026-09-20,Waterloo Warriors,Brock Badgers,,Carter Kipp,Max Burroughsford,R,R,Slider,Groundout,Ground Ball,Pull,0,-0.107029523,0.833522703
1,2,0,0,'0-0,2026-09-20,Waterloo Warriors,Brock Badgers,,Ty Tinnish,Max Burroughsford,L,R,Changeup,Called Strike,,,0,-0.742716552,0.84924641
1,2,0,1,'0-1,2026-09-20,Waterloo Warriors,Brock Badgers,,Ty Tinnish,Max Burroughsford,L,R,Changeup,Ball,,,0,-0.544064355,-0.455821306
1,2,1,1,'1-1,2026-09-20,Waterloo Warriors,Brock Badgers,,Ty Tinnish,Max Burroughsford,L,R,Fastball,Foul,,,0,-0.484468696,0.644838214
1,2,1,2,'1-2,2026-09-20,Waterloo Warriors,Brock Badgers,,Ty Tinnish,Max Burroughsford,L,R,Changeup,Ball,,,0,-0.325546939,-0.172794572
1,2,2,2,'2-2,2026-09-20,Waterloo Warriors,Brock Badgers,,Ty Tinnish,Max Burroughsford,L,R,Fastball,Strikeout Looking,,,0,-0.80231221,0.707733044
1,0,0,0,'0-0,2026-09-20,Brock Badgers,Waterloo Warriors,,Adam Geddes,Justin Mende,L,R,Fastball,Ball,,,0,0.29027487,-0.322169793
1,0,1,0,'1-0,2026-09-20,Brock Badgers,Waterloo Warriors,,Adam Geddes,Justin Mende,L,R,Fastball,Ball,,,,0.270409651,1.163720559
1,0,2,0,'2-0,2026-09-20,Brock Badgers,Waterloo Warriors,,Adam Geddes,Justin Mende,L,R,Fastball,Ball,,,,-0.107029523,-0.40078833
1,0,3,0,'3-0,2026-09-20,Brock Badgers,Waterloo Warriors,,Adam Geddes,Justin Mende,L,R,Fastball,Walk,,,,0.429331408,-0.172794572
1,0,0,0,'0-0,2026-09-20,Brock Badgers,Waterloo Warriors,,Kade Falardeau,Justin Mende,R,R,Fastball,Called Strike,,,100,0.449196627,0.605528945
1,0,0,1,'0-1,2026-09-20,Brock Badgers,Waterloo Warriors,,Kade Falardeau,Justin Mende,R,R,Fastball,Single,Line Drive,Pull,,-0.405007818,0.660561921
1,0,0,0,'0-0,2026-09-20,Brock Badgers,Waterloo Warriors,,Jaden Leeder,Justin Mende,R,R,Fastball,Swinging Strike,,,110,-0.345412159,-0.133485304
1,0,0,1,'0-1,2026-09-20,Brock Badgers,Waterloo Warriors,,Jaden Leeder,Justin Mende,R,R,Fastball,Swinging Strike,,,,-0.26595128,0.259607382
1,0,0,2,'0-2,2026-09-20,Brock Badgers,Waterloo Warriors,,Jaden Leeder,Justin Mende,R,R,Breaking Ball,Ball,,,,0.786905361,-0.306446085
1,0,1,2,'1-2,2026-09-20,Brock Badgers,Waterloo Warriors,,Jaden Leeder,Justin Mende,R,R,Fastball,Double Play,Fly Ball,Straightaway,,0.488927067,0.220298114
1,2,0,0,'0-0,2026-09-20,Brock Badgers,Waterloo Warriors,,Jaden Leeder,Justin Mende,R,R,Fastball,Foul,,,,-0.683120893,0.794213435
1,2,0,1,'0-1,2026-09-20,Brock Badgers,Waterloo Warriors,,Jaden Leeder,Justin Mende,R,R,Fastball,Ball,,,,-0.2858165,-0.369340915
1,2,1,1,'1-1,2026-09-20,Brock Badgers,Waterloo Warriors,,Jaden Leeder,Justin Mende,R,R,Fastball,Swinging Strike,,,,1.283535852,0.220298114
1,2,1,2,'1-2,2026-09-20,Brock Badgers,Waterloo Warriors,,Jaden Leeder,Justin Mende,R,R,Fastball,Ball,,,,-0.80231221,1.12441129
1,2,2,2,'2-2,2026-09-20,Brock Badgers,Waterloo Warriors,,Jaden Leeder,Justin Mende,R,R,Fastball,Strikeout Swinging,,,,0.647848824,-0.164932718
2,0,0,0,'0-0,2026-09-20,Waterloo Warriors,Brock Badgers,,Sam Shephard,Max Burroughsford,R,R,Slider,Called Strike,,,,0.488927067,0.802075288
2,0,0,1,'0-1,2026-09-20,Waterloo Warriors,Brock Badgers,,Sam Shephard,Max Burroughsford,R,R,Slider,Foul,,,,0.250544431,0.613390799
2,0,0,2,'0-2,2026-09-20,Waterloo Warriors,Brock Badgers,,Sam Shephard,Max Burroughsford,R,R,Slider,Ball,,,,0.925961899,1.163720559
2,0,1,2,'1-2,2026-09-20,Waterloo Warriors,Brock Badgers,,Sam Shephard,Max Burroughsford,R,R,Slider,Ball,,,,0.528657506,-0.243551256
2,0,2,2,'2-2,2026-09-20,Waterloo Warriors,Brock Badgers,,Sam Shephard,Max Burroughsford,R,R,Slider,Foul,,,,-0.702986112,0.857108264
2,0,2,2,'2-2,2026-09-20,Waterloo Warriors,Brock Badgers,,Sam Shephard,Max Burroughsford,R,R,Slider,Strikeout Swinging,,,,0.469061847,1.085102022
2,1,0,0,'0-0,2026-09-20,Waterloo Warriors,Brock Badgers,,Rhys Jenkyn,Max Burroughsford,L,R,Changeup,Groundout,Ground Ball,Pull,,-0.524199135,0.243883675
2,2,0,0,'0-0,2026-09-20,Waterloo Warriors,Brock Badgers,,Junichi Yuki,Max Burroughsford,L,R,Slider,Ball,,,,1.462322829,0.825660849
2,2,1,0,'1-0,2026-09-20,Waterloo Warriors,Brock Badgers,,Junichi Yuki,Max Burroughsford,L,R,Splitter,Swinging Strike,,,,0.369735749,0.322502212
2,2,1,1,'1-1,2026-09-20,Waterloo Warriors,Brock Badgers,,Junichi Yuki,Max Burroughsford,L,R,Slider,Foul,,,,0.270409651,0.479739286
2,2,1,2,'1-2,2026-09-20,Waterloo Warriors,Brock Badgers,,Junichi Yuki,Max Burroughsford,L,R,Fastball,Ball,,,,0.012161795,1.25020095
2,2,2,2,'2-2,2026-09-20,Waterloo Warriors,Brock Badgers,,Junichi Yuki,Max Burroughsford,L,R,Slider,Flyout,Fly Ball,Straightaway,,0.687579263,0.574081531
2,0,0,0,'0-0,2026-09-20,Brock Badgers,Waterloo Warriors,,Brady Campbell,Justin Mende,R,R,Fastball,Ball,,,0,0.588253165,1.116549437
2,0,1,0,'1-0,2026-09-20,Brock Badgers,Waterloo Warriors,,Brady Campbell,Justin Mende,R,R,Fastball,Foul,,,0,-0.563929575,0.778489727
2,0,1,1,'1-1,2026-09-20,Brock Badgers,Waterloo Warriors,,Brady Campbell,Justin Mende,R,R,Fastball,Flyout,Fly Ball,Straightaway,,0.469061847,0.652700068
2,1,0,0,'0-0,2026-09-20,Brock Badgers,Waterloo Warriors,,Josh Frazer,Justin Mende,L,R,Breaking Ball,Ball,,,,0.071757454,-0.408650183
2,1,1,0,'1-0,2026-09-20,Brock Badgers,Waterloo Warriors,,Josh Frazer,Justin Mende,L,R,Fastball,Swinging Strike,,,,0.647848824,0.794213435
2,1,1,1,'1-1,2026-09-20,Brock Badgers,Waterloo Warriors,,Josh Frazer,Justin Mende,L,R,Fastball,Foul,,,,0.171083552,0.094508454
2,1,1,2,'1-2,2026-09-20,Brock Badgers,Waterloo Warriors,,Josh Frazer,Justin Mende,L,R,Fastball,Ball,,,,-1.517460118,0.27533109
2,1,2,2,'2-2,2026-09-20,Brock Badgers,Waterloo Warriors,,Josh Frazer,Justin Mende,L,R,Fastball,Groundout,Ground Ball,Pull,,0.786905361,0.644838214
2,2,0,0,'0-0,2026-09-20,Brock Badgers,Waterloo Warriors,,Nolan Phelan,Justin Mende,R,R,Fastball,Called Strike,,,,0.389600968,0.440430017
2,2,0,1,'0-1,2026-09-20,Brock Badgers,Waterloo Warriors,,Nolan Phelan,Justin Mende,R,R,Fastball,Ball,,,,1.44245761,1.155858705
2,2,1,1,'1-1,2026-09-20,Brock Badgers,Waterloo Warriors,,Nolan Phelan,Justin Mende,R,R,Fastball,Ball,,,,0.627983604,-0.267136817
2,2,2,1,'2-1,2026-09-20,Brock Badgers,Waterloo Warriors,,Nolan Phelan,Justin Mende,R,R,Fastball,Swinging Strike,,,,1.382861951,0.731318605
2,2,2,2,'2-2,2026-09-20,Brock Badgers,Waterloo Warriors,,Nolan Phelan,Justin Mende,R,R,Fastball,Strikeout Swinging,,,,0.627983604,0.754904166
3,0,0,0,'0-0,2026-09-20,Waterloo Warriors,Brock Badgers,,Cole Smart,Max Burroughsford,L,R,Fastball,Ball,,,0,0.369735749,-0.109899742
3,0,1,0,'1-0,2026-09-20,Waterloo Warriors,Brock Badgers,,Cole Smart,Max Burroughsford,L,R,Changeup,Ball,,,,-0.762581771,0.306778504
3,0,2,0,'2-0,2026-09-20,Waterloo Warriors,Brock Badgers,,Cole Smart,Max Burroughsford,L,R,Fastball,Called Strike,,,,-0.504333916,0.927864948
3,0,2,1,'2-1,2026-09-20,Waterloo Warriors,Brock Badgers,,Cole Smart,Max Burroughsford,L,R,Changeup,Groundout,Ground Ball,Pull,,0.31014009,0.322502212
3,1,0,0,'0-0,2026-09-20,Waterloo Warriors,Brock Badgers,,Jonah Allen,Max Burroughsford,R,R,Slider,Ball,,,,1.502053269,0.97503607
3,1,1,0,'1-0,2026-09-20,Waterloo Warriors,Brock Badgers,,Jonah Allen,Max Burroughsford,R,R,Slider,Foul,,,,0.508792286,0.731318605
3,1,1,1,'1-1,2026-09-20,Waterloo Warriors,Brock Badgers,,Jonah Allen,Max Burroughsford,R,R,Fastball,Swinging Strike,,,,0.727309702,0.857108264
3,1,1,2,'1-2,2026-09-20,Waterloo Warriors,Brock Badgers,,Jonah Allen,Max Burroughsford,R,R,Fastball,Error,Ground Ball,Straightaway,,-0.325546939,0.173126991
3,1,0,0,'0-0,2026-09-20,Waterloo Warriors,Brock Badgers,,Jai Pawa,Max Burroughsford,R,R,Fastball,Ball,,,,0.330005309,0.063061039
3,1,1,0,'1-0,2026-09-20,Waterloo Warriors,Brock Badgers,,Jai Pawa,Max Burroughsford,R,R,Slider,Called Strike,,,,0.767040142,0.652700068
3,1,1,1,'1-1,2026-09-20,Waterloo Warriors,Brock Badgers,,Jai Pawa,Max Burroughsford,R,R,Fastball,Foul,,,,0.469061847,0.173126991
3,1,1,2,'1-2,2026-09-20,Waterloo Warriors,Brock Badgers,,Jai Pawa,Max Burroughsford,R,R,Slider,Foul,,,,0.349870529,0.864970118
3,1,1,2,'1-2,2026-09-20,Waterloo Warriors,Brock Badgers,,Jai Pawa,Max Burroughsford,R,R,Fastball,Flyout,Fly Ball,Straightaway,,-0.563929575,-0.180656426
3,2,0,0,'0-0,2026-09-20,Waterloo Warriors,Brock Badgers,,Ben Waddell,Max Burroughsford,L,R,Fastball,Foul,,,,-0.583794794,0.809937142
3,2,0,1,'0-1,2026-09-20,Waterloo Warriors,Brock Badgers,,Ben Waddell,Max Burroughsford,L,R,Fastball,Called Strike,,,,-0.603660014,0.157403284
3,2,0,2,'0-2,2026-09-20,Waterloo Warriors,Brock Badgers,,Ben Waddell,Max Burroughsford,L,R,Fastball,Popout,Pop Up,Opposite Field,,-0.623525234,0.621252653
3,0,0,0,'0-0,2026-09-20,Brock Badgers,Waterloo Warriors,,Nate Parsons,Justin Mende,L,R,Fastball,Ball,,,0,-1.437999239,0.739180459
3,0,1,0,'1-0,2026-09-20,Brock Badgers,Waterloo Warriors,,Nate Parsons,Justin Mende,L,R,Fastball,Swinging Strike,,,,-0.2858165,0.306778504
3,0,1,1,'1-1,2026-09-20,Brock Badgers,Waterloo Warriors,,Nate Parsons,Justin Mende,L,R,Offspeed,Called Strike,,,,-0.663255673,0.676285629
3,0,1,2,'1-2,2026-09-20,Brock Badgers,Waterloo Warriors,,Nate Parsons,Justin Mende,L,R,Fastball,Single,Ground Ball,Pull,,-0.524199135,0.377535188
3,0,0,0,'0-0,2026-09-20,Brock Badgers,Waterloo Warriors,,Gavin Taylor,Justin Mende,R,R,Fastball,Sacrifice Bunt,Ground Ball,Straightaway,,0.449196627,0.298916651
3,1,0,0,'0-0,2026-09-20,Brock Badgers,Waterloo Warriors,,Adam Geddes,Justin Mende,L,R,Fastball,Foul,,,,-0.305681719,0.786351581
3,1,0,1,'0-1,2026-09-20,Brock Badgers,Waterloo Warriors,,Adam Geddes,Justin Mende,L,R,Offspeed,Flyout,Fly Ball,Straightaway,,-0.643390453,0.251745528
3,2,0,0,'0-0,2026-09-20,Brock Badgers,Waterloo Warriors,,Kade Falardeau,Justin Mende,R,R,Fastball,Ball,,,,-0.563929575,1.132273144
3,2,1,0,'1-0,2026-09-20,Brock Badgers,Waterloo Warriors,,Kade Falardeau,Justin Mende,R,R,Fastball,Groundout,Ground Ball,Straightaway,,0.488927067,0.180988845
4,0,0,0,'0-0,2026-09-20,Waterloo Warriors,Brock Badgers,,Carter Kipp,Max Burroughsford,R,R,Fastball,Called Strike,,,,0.508792286,0.393258895
4,0,0,1,'0-1,2026-09-20,Waterloo Warriors,Brock Badgers,,Carter Kipp,Max Burroughsford,R,R,Slider,Ball,,,,1.462322829,-0.259274963
4,0,1,1,'1-1,2026-09-20,Waterloo Warriors,Brock Badgers,,Carter Kipp,Max Burroughsford,R,R,Slider,Called Strike,,,,0.588253165,0.534772262
4,0,1,2,'1-2,2026-09-20,Waterloo Warriors,Brock Badgers,,Carter Kipp,Max Burroughsford,R,R,Slider,Foul,,,,0.210813992,0.857108264
4,0,1,2,'1-2,2026-09-20,Waterloo Warriors,Brock Badgers,,Carter Kipp,Max Burroughsford,R,R,Slider,Foul,,,,0.568387945,0.864970118
4,0,1,2,'1-2,2026-09-20,Waterloo Warriors,Brock Badgers,,Carter Kipp,Max Burroughsford,R,R,Slider,Ball,,,,1.561648928,0.322502212
4,0,2,2,'2-2,2026-09-20,Waterloo Warriors,Brock Badgers,,Carter Kipp,Max Burroughsford,R,R,Fastball,Single,Ground Ball,Pull,,-0.464603476,0.133817723
4,0,0,0,'0-0,2026-09-20,Waterloo Warriors,Brock Badgers,,Ty Tinnish,Max Burroughsford,L,R,Fastball,Sacrifice Bunt,Ground Ball,Opposite Field,,-0.444738257,0.48760114
4,1,0,0,'0-0,2026-09-20,Waterloo Warriors,Brock Badgers,,Sam Shephard,Max Burroughsford,R,R,Slider,Ball,,,,1.740435904,0.927864948
4,1,1,0,'1-0,2026-09-20,Waterloo Warriors,Brock Badgers,,Sam Shephard,Max Burroughsford,R,R,Fastball,Ball,,,,-0.424873037,-0.164932718
4,1,2,0,'2-0,2026-09-20,Waterloo Warriors,Brock Badgers,,Sam Shephard,Max Burroughsford,R,R,Slider,Ball,,,,-0.107029523,1.077240168
4,1,3,0,'3-0,2026-09-20,Waterloo Warriors,Brock Badgers,,Sam Shephard,Max Burroughsford,R,R,Slider,Called Strike,,,,0.608118385,0.259607382
4,1,3,1,'3-1,2026-09-20,Waterloo Warriors,Brock Badgers,,Sam Shephard,Max Burroughsford,R,R,Fastball,Walk,,,10,-1.239347043,1.045792753
4,1,0,0,'0-0,2026-09-20,Waterloo Warriors,Brock Badgers,,Rhys Jenkyn,Max Burroughsford,L,R,Fastball,Called Strike,,,110,0.29027487,0.204574406
4,1,0,1,'0-1,2026-09-20,Waterloo Warriors,Brock Badgers,,Rhys Jenkyn,Max Burroughsford,L,R,Changeup,Foul,,,,-0.563929575,0.668423775
4,1,0,2,'0-2,2026-09-20,Waterloo Warriors,Brock Badgers,,Rhys Jenkyn,Max Burroughsford,L,R,Fastball,Ball,,,,-1.537325337,0.951450509
4,1,1,2,'1-2,2026-09-20,Waterloo Warriors,Brock Badgers,,Rhys Jenkyn,Max Burroughsford,L,R,Slider,Foul,,,110,0.051892234,0.102370308
4,1,1,2,'1-2,2026-09-20,Waterloo Warriors,Brock Badgers,,Rhys Jenkyn,Max Burroughsford,L,R,Fastball,Ball,,,,-1.477729678,0.306778504
4,1,2,2,'2-2,2026-09-20,Waterloo Warriors,Brock Badgers,,Rhys Jenkyn,Max Burroughsford,L,R,Slider,Ball,,,,-1.219481823,0.809937142
4,1,3,2,'3-2,2026-09-20,Waterloo Warriors,Brock Badgers,,Rhys Jenkyn,Max Burroughsford,L,R,Fastball,Strikeout Swinging,,,,-0.623525234,1.108687583
4,2,0,0,'0-0,2026-09-20,Waterloo Warriors,Brock Badgers,,Junichi Yuki,Max Burroughsford,R,R,Slider,Called Strike,,,,0.786905361,0.408982603
4,2,0,1,'0-1,2026-09-20,Waterloo Warriors,Brock Badgers,,Junichi Yuki,Max Burroughsford,R,R,Slider,Called Strike,,,,0.687579263,0.676285629
4,2,0,2,'0-2,2026-09-20,Waterloo Warriors,Brock Badgers,,Junichi Yuki,Max Burroughsford,R,R,Fastball,Ball,,,,0.111487893,-0.298584232
4,2,1,2,'1-2,2026-09-20,Waterloo Warriors,Brock Badgers,,Junichi Yuki,Max Burroughsford,R,R,Slider,Ball,,,,-1.020829627,1.195167974
4,2,2,2,'2-2,2026-09-20,Waterloo Warriors,Brock Badgers,,Junichi Yuki,Max Burroughsford,R,R,Slider,Strikeout Looking,,,,0.786905361,0.613390799
4,0,0,0,'0-0,2026-09-20,Brock Badgers,Waterloo Warriors,,Jaden Leeder,Justin Mende,R,R,Fastball,Flyout,Fly Ball,Opposite Field,0,0.469061847,0.739180459
4,1,0,0,'0-0,2026-09-20,Brock Badgers,Waterloo Warriors,,Liam Riley,Justin Mende,R,R,Fastball,Single,Ground Ball,Pull,0,0.369735749,0.188850699
4,1,0,0,'0-0,2026-09-20,Brock Badgers,Waterloo Warriors,,Brady Campbell,Justin Mende,R,R,Fastball,Ball,,,100,-0.047433864,-0.18851828
4,1,1,0,'1-0,2026-09-20,Brock Badgers,Waterloo Warriors,,Brady Campbell,Justin Mende,R,R,Fastball,Ball,,,100,0.627983604,-0.369340915
4,1,2,0,'2-0,2026-09-20,Brock Badgers,Waterloo Warriors,,Brady Campbell,Justin Mende,R,R,Fastball,Single,Line Drive,Straightaway,10,0.429331408,0.825660849
4,1,0,0,'0-0,2026-09-20,Brock Badgers,Waterloo Warriors,,Josh Frazer,Justin Mende,L,R,Fastball,Ball,,,10,-0.742716552,1.171582413
4,1,1,0,'1-0,2026-09-20,Brock Badgers,Waterloo Warriors,,Josh Frazer,Justin Mende,L,R,Fastball,Flyout,Fly Ball,Pull,10,-0.762581771,0.802075288
4,2,0,0,'0-0,2026-09-20,Brock Badgers,Waterloo Warriors,,Nolan Phelan,Justin Mende,R,R,Fastball,Ball,,,10,-0.961233968,-0.164932718
4,2,1,0,'1-0,2026-09-20,Brock Badgers,Waterloo Warriors,,Nolan Phelan,Justin Mende,R,R,Fastball,Ball,,,,-0.186490401,-0.322169793
4,2,2,0,'2-0,2026-09-20,Brock Badgers,Waterloo Warriors,,Nolan Phelan,Justin Mende,R,R,Fastball,Foul,,,,-0.544064355,0.652700068
4,2,2,1,'2-1,2026-09-20,Brock Badgers,Waterloo Warriors,,Nolan Phelan,Justin Mende,R,R,Fastball,Ball,,,,-0.563929575,-0.361479061
4,2,3,1,'3-1,2026-09-20,Brock Badgers,Waterloo Warriors,,Nolan Phelan,Justin Mende,R,R,Fastball,Single,Line Drive,Straightaway,10,0.627983604,0.833522703
4,2,0,0,'0-0,2026-09-20,Brock Badgers,Waterloo Warriors,,Nate Parsons,Justin Mende,L,R,Fastball,Swinging Strike,,,100,-0.226220841,0.550495969
4,2,0,1,'0-1,2026-09-20,Brock Badgers,Waterloo Warriors,,Nate Parsons,Justin Mende,L,R,Offspeed,Groundout,Ground Ball,Pull,100,-0.702986112,0.731318605
5,0,0,0,'0-0,2026-09-20,Waterloo Warriors,Brock Badgers,,Cole Smart,Max Burroughsford,L,R,Slider,Swinging Strike,,,0,0.330005309,-0.243551256
5,0,0,1,'0-1,2026-09-20,Waterloo Warriors,Brock Badgers,,Cole Smart,Max Burroughsford,L,R,Changeup,Ball,,,,-1.338673141,0.794213435
5,0,1,1,'1-1,2026-09-20,Waterloo Warriors,Brock Badgers,,Cole Smart,Max Burroughsford,L,R,Changeup,Called Strike,,,,-1.298942702,-0.039143059
5,0,1,2,'1-2,2026-09-20,Waterloo Warriors,Brock Badgers,,Cole Smart,Max Burroughsford,L,R,Fastball,Ball,,,,-0.504333916,1.171582413
5,0,2,2,'2-2,2026-09-20,Waterloo Warriors,Brock Badgers,,Cole Smart,Max Burroughsford,L,R,Changeup,Ball,,,,-1.676381875,0.440430017
5,0,3,2,'3-2,2026-09-20,Waterloo Warriors,Brock Badgers,,Cole Smart,Max Burroughsford,L,R,Changeup,Strikeout Swinging,,,,-0.683120893,0.283192943
5,1,0,0,'0-0,2026-09-20,Waterloo Warriors,Brock Badgers,,Jonah Allen,Max Burroughsford,R,R,Slider,Ball,,,0,0.747174922,-0.102037889
5,1,1,0,'1-0,2026-09-20,Waterloo Warriors,Brock Badgers,,Jonah Allen,Max Burroughsford,R,R,Changeup,Swinging Strike,,,,-0.623525234,0.055199186
5,1,1,1,'1-1,2026-09-20,Waterloo Warriors,Brock Badgers,,Jonah Allen,Max Burroughsford,R,R,Slider,Ball,,,,0.667714043,-0.180656426
5,1,2,1,'2-1,2026-09-20,Waterloo Warriors,Brock Badgers,,Jonah Allen,Max Burroughsford,R,R,Slider,Ball,,,,0.449196627,0.920003094
5,1,3,1,'3-1,2026-09-20,Waterloo Warriors,Brock Badgers,,Jonah Allen,Max Burroughsford,R,R,Fastball,Called Strike,,,,-0.663255673,0.14954143
5,1,3,2,'3-2,2026-09-20,Waterloo Warriors,Brock Badgers,,Jonah Allen,Max Burroughsford,R,R,Slider,Groundout,Ground Ball,Pull,,0.190948772,0.173126991
5,2,0,0,'0-0,2026-09-20,Waterloo Warriors,Brock Badgers,,Jai Pawa,Max Burroughsford,R,R,Slider,Swinging Strike,,,,0.330005309,0.668423775
5,2,0,1,'0-1,2026-09-20,Waterloo Warriors,Brock Badgers,,Jai Pawa,Max Burroughsford,R,R,Slider,Ball,,,,2.058279419,0.330364066
5,2,1,1,'1-1,2026-09-20,Waterloo Warriors,Brock Badgers,,Jai Pawa,Max Burroughsford,R,R,Slider,Groundout,Ground Ball,Straightaway,,0.826635801,-0.251413109
5,0,0,0,'0-0,2026-09-20,Brock Badgers,Waterloo Warriors,,Gavin Taylor,Owen Newman,R,R,Fastball,Foul,,,0,-0.305681719,0.330364066
5,0,0,1,'0-1,2026-09-20,Brock Badgers,Waterloo Warriors,,Gavin Taylor,Owen Newman,R,R,Breaking Ball,Ball,,,,1.521918488,0.070922893
5,0,1,1,'1-1,2026-09-20,Brock Badgers,Waterloo Warriors,,Gavin Taylor,Owen Newman,R,R,Fastball,Called Strike,,,,0.349870529,0.228159967
5,0,1,2,'1-2,2026-09-20,Brock Badgers,Waterloo Warriors,,Gavin Taylor,Owen Newman,R,R,Breaking Ball,Ball,,,,1.899357661,-0.070590474
5,0,2,2,'2-2,2026-09-20,Brock Badgers,Waterloo Warriors,,Gavin Taylor,Owen Newman,R,R,Fastball,Strikeout Swinging,,,,0.667714043,0.676285629
5,1,0,0,'0-0,2026-09-20,Brock Badgers,Waterloo Warriors,,Adam Geddes,Owen Newman,L,R,Fastball,Groundout,Ground Ball,Straightaway,0,-0.325546939,0.63697636
5,2,0,0,'0-0,2026-09-20,Brock Badgers,Waterloo Warriors,,Kade Falardeau,Owen Newman,R,R,Fastball,Ball,,,,0.627983604,1.132273144
5,2,1,0,'1-0,2026-09-20,Brock Badgers,Waterloo Warriors,,Kade Falardeau,Owen Newman,R,R,Fastball,Swinging Strike,,,,0.250544431,0.070922893
5,2,1,1,'1-1,2026-09-20,Brock Badgers,Waterloo Warriors,,Kade Falardeau,Owen Newman,R,R,Fastball,Ball,,,,-0.623525234,-0.282860524
5,2,2,1,'2-1,2026-09-20,Brock Badgers,Waterloo Warriors,,Kade Falardeau,Owen Newman,R,R,Fastball,Groundout,Ground Ball,Pull,,0.727309702,0.566219677
6,0,0,0,'0-0,2026-09-20,Waterloo Warriors,Brock Badgers,,Ben Waddell,Max Burroughsford,L,R,Changeup,Groundout,Ground Ball,Pull,0,-0.464603476,0.251745528
6,1,0,0,'0-0,2026-09-20,Waterloo Warriors,Brock Badgers,,Carter Kipp,Max Burroughsford,R,R,Slider,Single,Fly Ball,Straightaway,0,0.588253165,0.157403284
6,1,0,0,'0-0,2026-09-20,Waterloo Warriors,Brock Badgers,,Ty Tinnish,Max Burroughsford,L,R,Changeup,Ball,,,100,0.727309702,-0.298584232
6,1,1,0,'1-0,2026-09-20,Waterloo Warriors,Brock Badgers,,Ty Tinnish,Max Burroughsford,L,R,Fastball,Flyout,Fly Ball,Pull,100,0.190948772,0.809937142
6,2,0,0,'0-0,2026-09-20,Waterloo Warriors,Brock Badgers,,Sam Shephard,Max Burroughsford,R,R,Changeup,Ball,,,100,-0.504333916,-0.290722378
6,2,1,0,'1-0,2026-09-20,Waterloo Warriors,Brock Badgers,,Sam Shephard,Max Burroughsford,R,R,Fastball,Ball,,,100,0.429331408,1.163720559
6,2,2,0,'2-0,2026-09-20,Waterloo Warriors,Brock Badgers,,Sam Shephard,Max Burroughsford,R,R,Fastball,Flyout,Fly Ball,Opposite Field,100,0.608118385,0.668423775
6,0,0,0,'0-0,2026-09-20,Brock Badgers,Waterloo Warriors,,Jaden Leeder,Owen Newman,R,R,Fastball,Groundout,Ground Ball,Pull,0,0.469061847,0.377535188
6,1,0,0,'0-0,2026-09-20,Brock Badgers,Waterloo Warriors,,Liam Riley,Owen Newman,R,R,Fastball,Ball,,,0,-1.279077482,0.888555679
6,1,1,0,'1-0,2026-09-20,Brock Badgers,Waterloo Warriors,,Liam Riley,Owen Newman,R,R,Fastball,Foul,,,0,0.111487893,0.0866466
6,1,1,1,'1-1,2026-09-20,Brock Badgers,Waterloo Warriors,,Liam Riley,Owen Newman,R,R,Fastball,Flyout,Fly Ball,Straightaway,0,0.429331408,0.173126991
6,2,0,0,'0-0,2026-09-20,Brock Badgers,Waterloo Warriors,,Brady Campbell,Owen Newman,R,R,Fastball,Groundout,Ground Ball,Pull,0,0.667714043,0.322502212
7,0,0,0,'0-0,2026-09-20,Waterloo Warriors,Brock Badgers,,Rhys Jenkyn,Max Burroughsford,L,R,Fastball,Ball,,,0,0.647848824,-0.290722378
7,0,1,0,'1-0,2026-09-20,Waterloo Warriors,Brock Badgers,,Rhys Jenkyn,Max Burroughsford,L,R,Fastball,Single,Line Drive,Straightaway,0,-0.623525234,0.353949627
7,0,0,0,'0-0,2026-09-20,Waterloo Warriors,Brock Badgers,,Arthur Kowara,Max Burroughsford,R,R,Slider,Called Strike,,,100,0.548522726,0.298916651
7,0,0,1,'0-1,2026-09-20,Waterloo Warriors,Brock Badgers,,Arthur Kowara,Max Burroughsford,R,R,Slider,Double Play,Ground Ball,Pull,0,0.627983604,0.479739286
7,2,0,0,'0-0,2026-09-20,Waterloo Warriors,Brock Badgers,,Cole Smart,Max Burroughsford,L,R,Slider,Called Strike,,,0,-0.087164303,0.786351581
7,2,0,1,'0-1,2026-09-20,Waterloo Warriors,Brock Badgers,,Cole Smart,Max Burroughsford,L,R,Fastball,Groundout,Ground Ball,Pull,0,-0.583794794,0.550495969
1,0,0,0,'0-0,2026-09-20,Waterloo Warriors,Brock Badgers,,Ty Tinnish,Evan Marks,L,R,Fastball,Groundout,Ground Ball,Opposite Field,0,-0.405007818,0.794213435
1,1,0,0,'0-0,2026-09-20,Waterloo Warriors,Brock Badgers,,Carter Kipp,Evan Marks,R,R,Splitter,Groundout,Ground Ball,Opposite Field,0,-0.663255673,0.676285629
1,2,0,0,'0-0,2026-09-20,Waterloo Warriors,Brock Badgers,,Adam Leatherland,Evan Marks,L,R,Fastball,Called Strike,,,0,0.270409651,0.629114507
1,2,0,1,'0-1,2026-09-20,Waterloo Warriors,Brock Badgers,,Adam Leatherland,Evan Marks,L,R,Splitter,Ball,,,0,-1.3982688,0.48760114
1,2,1,1,'1-1,2026-09-20,Waterloo Warriors,Brock Badgers,,Adam Leatherland,Evan Marks,L,R,Splitter,Groundout,Ground Ball,Pull,0,-0.444738257,0.125955869
1,0,0,0,'0-0,2026-09-20,Brock Badgers,Waterloo Warriors,,Adam Geddes,Myles Robinson,L,R,Fastball,Ball,,,0,0.349870529,-0.180656426
1,0,1,0,'1-0,2026-09-20,Brock Badgers,Waterloo Warriors,,Adam Geddes,Myles Robinson,L,R,Fastball,Ball,,,0,-1.437999239,0.825660849
1,0,2,0,'2-0,2026-09-20,Brock Badgers,Waterloo Warriors,,Adam Geddes,Myles Robinson,L,R,Fastball,Called Strike,,,0,-0.901638309,0.644838214
1,0,2,1,'2-1,2026-09-20,Brock Badgers,Waterloo Warriors,,Adam Geddes,Myles Robinson,L,R,Fastball,Single,Line Drive,Opposite Field,0,-0.484468696,0.841384557
1,0,0,0,'0-0,2026-09-20,Brock Badgers,Waterloo Warriors,1.43,Kade Falardeau,Myles Robinson,R,R,Breaking Ball,Called Strike,,,100,-0.107029523,0.118094015
1,0,0,1,'0-1,2026-09-20,Brock Badgers,Waterloo Warriors,1.16,Kade Falardeau,Myles Robinson,R,R,Breaking Ball,Called Strike,,,100,-0.146759962,0.550495969
1,0,0,2,'0-2,2026-09-20,Brock Badgers,Waterloo Warriors,,Kade Falardeau,Myles Robinson,R,R,,Caught Stealing,,,0,,
1,1,0,2,'0-2,2026-09-20,Brock Badgers,Waterloo Warriors,,Kade Falardeau,Myles Robinson,R,R,Fastball,Strikeout Swinging,,,0,0.409466188,0.754904166
1,2,0,0,'0-0,2026-09-20,Brock Badgers,Waterloo Warriors,,Jaden Leeder,Myles Robinson,R,R,Fastball,Swinging Strike,,,0,-0.603660014,1.100825729
1,2,0,1,'0-1,2026-09-20,Brock Badgers,Waterloo Warriors,,Jaden Leeder,Myles Robinson,R,R,Breaking Ball,Ball,,,0,0.84650102,0.314640358
1,2,1,1,'1-1,2026-09-20,Brock Badgers,Waterloo Warriors,,Jaden Leeder,Myles Robinson,R,R,Breaking Ball,Foul,,,0,0.568387945,0.377535188
1,2,1,2,'1-2,2026-09-20,Brock Badgers,Waterloo Warriors,,Jaden Leeder,Myles Robinson,R,R,Fastball,Ball,,,0,-0.166625182,1.234477242
1,2,2,2,'2-2,2026-09-20,Brock Badgers,Waterloo Warriors,,Jaden Leeder,Myles Robinson,R,R,Breaking Ball,Strikeout Looking,,,0,-0.643390453,0.125955869
2,0,0,0,'0-0,2026-09-20,Waterloo Warriors,Brock Badgers,,Sam Shephard,Evan Marks,R,R,Splitter,Ball,,,0,-1.159886164,0.817798996
2,0,1,0,'1-0,2026-09-20,Waterloo Warriors,Brock Badgers,,Sam Shephard,Evan Marks,R,R,Fastball,Single,Ground Ball,Pull,0,0.449196627,0.36181148
2,0,0,0,'0-0,2026-09-20,Waterloo Warriors,Brock Badgers,,Rhys Jenkyn,Evan Marks,L,R,Fastball,Called Strike,,,100,-0.087164303,0.322502212
2,0,0,1,'0-1,2026-09-20,Waterloo Warriors,Brock Badgers,,Rhys Jenkyn,Evan Marks,L,R,Splitter,Swinging Strike,,,100,-0.444738257,-0.157070865
2,0,0,2,'0-2,2026-09-20,Waterloo Warriors,Brock Badgers,,Rhys Jenkyn,Evan Marks,L,R,Splitter,Foul,,,100,-0.544064355,0.283192943
2,0,0,2,'0-2,2026-09-20,Waterloo Warriors,Brock Badgers,,Rhys Jenkyn,Evan Marks,L,R,Fastball,Foul,,,100,-0.524199135,1.155858705
2,0,0,2,'0-2,2026-09-20,Waterloo Warriors,Brock Badgers,,Rhys Jenkyn,Evan Marks,L,R,Splitter,Single,Ground Ball,Pull,100,-0.484468696,0.188850699
2,0,0,0,'0-0,2026-09-20,Waterloo Warriors,Brock Badgers,,Junichi Yuki,Evan Marks,R,R,Fastball,Ball,,,110,0.707444483,0.723456751
2,0,1,0,'1-0,2026-09-20,Waterloo Warriors,Brock Badgers,,Junichi Yuki,Evan Marks,R,R,Splitter,Called Strike,,,110,0.528657506,0.196712552
2,0,1,1,'1-1,2026-09-20,Waterloo Warriors,Brock Badgers,,Junichi Yuki,Evan Marks,R,R,Splitter,Swinging Strike,,,110,0.528657506,0.110232162
2,0,1,2,'1-2,2026-09-20,Waterloo Warriors,Brock Badgers,,Junichi Yuki,Evan Marks,R,R,Splitter,Ball,,,110,0.29027487,-0.298584232
2,0,2,2,'2-2,2026-09-20,Waterloo Warriors,Brock Badgers,,Junichi Yuki,Evan Marks,R,R,Slider,Strikeout Swinging,,,110,1.263670633,-0.227827548
2,1,0,0,'0-0,2026-09-20,Waterloo Warriors,Brock Badgers,,Jai Pawa,Evan Marks,R,R,Splitter,Swinging Strike,,,110,-0.742716552,0.173126991
2,1,0,1,'0-1,2026-09-20,Waterloo Warriors,Brock Badgers,,Jai Pawa,Evan Marks,R,R,Slider,Ball,,,110,1.303401072,-0.3378935
2,1,1,1,'1-1,2026-09-20,Waterloo Warriors,Brock Badgers,,Jai Pawa,Evan Marks,R,R,Fastball,Foul,,,110,-0.444738257,0.629114507
2,1,1,2,'1-2,2026-09-20,Waterloo Warriors,Brock Badgers,,Jai Pawa,Evan Marks,R,R,Slider,Strikeout Swinging,,,110,0.707444483,-0.227827548
2,2,0,0,'0-0,2026-09-20,Waterloo Warriors,Brock Badgers,,Cole Smart,Evan Marks,L,R,Splitter,Single,Line Drive,Straightaway,110,-0.444738257,0.809937142
2,2,0,0,'0-0,2026-09-20,Waterloo Warriors,Brock Badgers,,Kalan Maharaj,Evan Marks,R,R,Fastball,Flyout,Fly Ball,Opposite Field,101,0.488927067,0.841384557
2,0,0,0,'0-0,2026-09-20,Brock Badgers,Waterloo Warriors,,Flynn Matheson,Myles Robinson,R,R,Breaking Ball,Ball,,,0,-1.259212262,1.147996851
2,0,1,0,'1-0,2026-09-20,Brock Badgers,Waterloo Warriors,,Flynn Matheson,Myles Robinson,R,R,Fastball,Hit By Pitch,,,0,-1.477729678,1.030069046
2,0,0,0,'0-0,2026-09-20,Brock Badgers,Waterloo Warriors,1.16,Josh Frazer,Myles Robinson,L,R,Fastball,Called Strike,,,100,-0.663255673,0.27533109
2,0,0,1,'0-1,2026-09-20,Brock Badgers,Waterloo Warriors,,Josh Frazer,Myles Robinson,L,R,Breaking Ball,Groundout,Ground Ball,Pull,100,-0.2858165,0.188850699
2,1,0,0,'0-0,2026-09-20,Brock Badgers,Waterloo Warriors,,Brady Campbell,Myles Robinson,R,R,Fastball,Swinging Strike,,,100,-0.544064355,0.959312362
2,1,0,1,'0-1,2026-09-20,Brock Badgers,Waterloo Warriors,,Brady Campbell,Myles Robinson,R,R,Breaking Ball,Ball,,,100,1.084883656,-0.314307939
2,1,1,1,'1-1,2026-09-20,Brock Badgers,Waterloo Warriors,,Brady Campbell,Myles Robinson,R,R,Fastball,Called Strike,,,100,0.707444483,0.21243626
2,1,1,2,'1-2,2026-09-20,Brock Badgers,Waterloo Warriors,,Brady Campbell,Myles Robinson,R,R,Breaking Ball,Ball,,,100,-0.087164303,0.91214124
2,1,2,2,'2-2,2026-09-20,Brock Badgers,Waterloo Warriors,,Brady Campbell,Myles Robinson,R,R,Fastball,Ball,,,100,-1.497594898,0.023751771
2,1,3,2,'3-2,2026-09-20,Brock Badgers,Waterloo Warriors,,Brady Campbell,Myles Robinson,R,R,Fastball,Popout,Pop Up,Opposite Field,100,0.230679211,0.385397042
2,2,0,0,'0-0,2026-09-20,Brock Badgers,Waterloo Warriors,,Nolan Phelan,Myles Robinson,R,R,Fastball,Foul,,,100,-0.544064355,0.668423775
2,2,0,1,'0-1,2026-09-20,Brock Badgers,Waterloo Warriors,,Nolan Phelan,Myles Robinson,R,R,Fastball,Ball,,,100,1.283535852,0.220298114
2,2,1,1,'1-1,2026-09-20,Brock Badgers,Waterloo Warriors,,Nolan Phelan,Myles Robinson,R,R,Fastball,Called Strike,,,100,0.488927067,0.196712552
2,2,1,2,'1-2,2026-09-20,Brock Badgers,Waterloo Warriors,,Nolan Phelan,Myles Robinson,R,R,Fastball,Foul,,,100,0.429331408,0.794213435
2,2,1,2,'1-2,2026-09-20,Brock Badgers,Waterloo Warriors,,Nolan Phelan,Myles Robinson,R,R,Breaking Ball,Flyout,Fly Ball,Pull,100,0.190948772,0.841384557
3,0,0,0,'0-0,2026-09-20,Waterloo Warriors,Brock Badgers,,Ty Tinnish,Evan Marks,L,R,Splitter,Swinging Strike,,,0,-0.544064355,0.550495969
3,0,0,1,'0-1,2026-09-20,Waterloo Warriors,Brock Badgers,,Ty Tinnish,Evan Marks,L,R,Splitter,Ball,,,0,-0.981099187,-0.298584232
3,0,1,1,'1-1,2026-09-20,Waterloo Warriors,Brock Badgers,,Ty Tinnish,Evan Marks,L,R,Fastball,Flyout,Fly Ball,Straightaway,0,-0.325546939,0.825660849
3,1,0,0,'0-0,2026-09-20,Waterloo Warriors,Brock Badgers,,Carter Kipp,Evan Marks,R,R,Splitter,Foul,,,0,-0.305681719,0.0866466
3,1,0,1,'0-1,2026-09-20,Waterloo Warriors,Brock Badgers,,Carter Kipp,Evan Marks,R,R,Splitter,Foul,,,0,0.409466188,0.133817723
3,1,0,2,'0-2,2026-09-20,Waterloo Warriors,Brock Badgers,,Carter Kipp,Evan Marks,R,R,Splitter,Strikeout Swinging,,,0,0.151218333,0.330364066
3,2,0,0,'0-0,2026-09-20,Waterloo Warriors,Brock Badgers,,Adam Leatherland,Evan Marks,L,R,Fastball,Called Strike,,,0,-0.444738257,0.464015579
3,2,0,1,'0-1,2026-09-20,Waterloo Warriors,Brock Badgers,,Adam Leatherland,Evan Marks,L,R,Splitter,Ball,,,0,-0.623525234,-0.141347157
3,2,1,1,'1-1,2026-09-20,Waterloo Warriors,Brock Badgers,,Adam Leatherland,Evan Marks,L,R,Splitter,Single,Line Drive,Straightaway,0,0.488927067,0.259607382
3,2,0,0,'0-0,2026-09-20,Waterloo Warriors,Brock Badgers,,Sam Shephard,Evan Marks,R,R,Slider,Called Strike,,,100,0.230679211,0.809937142
3,2,0,1,'0-1,2026-09-20,Waterloo Warriors,Brock Badgers,,Sam Shephard,Evan Marks,R,R,Slider,Single,Ground Ball,Pull,10,0.508792286,0.503324847
3,2,0,0,'0-0,2026-09-20,Waterloo Warriors,Brock Badgers,,Rhys Jenkyn,Evan Marks,L,R,Splitter,Foul,,,101,-0.504333916,0.283192943
3,2,0,1,'0-1,2026-09-20,Waterloo Warriors,Brock Badgers,,Rhys Jenkyn,Evan Marks,L,R,Fastball,Called Strike,,,101,-0.464603476,0.707733044
3,2,0,2,'0-2,2026-09-20,Waterloo Warriors,Brock Badgers,,Rhys Jenkyn,Evan Marks,L,R,Splitter,Single,Ground Ball,Straightaway,11,-0.524199135,0.157403284
3,2,0,0,'0-0,2026-09-20,Waterloo Warriors,Brock Badgers,,Junichi Yuki,Evan Marks,R,R,Slider,Called Strike,,,10,0.349870529,0.338225919
3,2,0,1,'0-1,2026-09-20,Waterloo Warriors,Brock Badgers,,Junichi Yuki,Evan Marks,R,R,Fastball,Ball,,,10,0.727309702,0.204574406
3,2,1,1,'1-1,2026-09-20,Waterloo Warriors,Brock Badgers,,Junichi Yuki,Evan Marks,R,R,Slider,Foul,,,10,0.369735749,0.118094015
3,2,1,2,'1-2,2026-09-20,Waterloo Warriors,Brock Badgers,,Junichi Yuki,Evan Marks,R,R,Fastball,Strikeout Looking,,,10,0.627983604,0.778489727
3,0,0,0,'0-0,2026-09-20,Brock Badgers,Waterloo Warriors,,Jack Shannon,Myles Robinson,R,R,Fastball,Called Strike,,,0,0.171083552,0.346087773
3,0,0,1,'0-1,2026-09-20,Brock Badgers,Waterloo Warriors,,Jack Shannon,Myles Robinson,R,R,Fastball,Ball,,,0,0.409466188,1.258062803
3,0,1,1,'1-1,2026-09-20,Brock Badgers,Waterloo Warriors,,Jack Shannon,Myles Robinson,R,R,Breaking Ball,Ball,,,0,0.806770581,-0.345755354
3,0,2,1,'2-1,2026-09-20,Brock Badgers,Waterloo Warriors,,Jack Shannon,Myles Robinson,R,R,Fastball,Flyout,Fly Ball,Opposite Field,0,0.389600968,0.180988845
3,1,0,0,'0-0,2026-09-20,Brock Badgers,Waterloo Warriors,,Gavin Taylor,Myles Robinson,R,R,Breaking Ball,Called Strike,,,0,-0.24608606,0.503324847
3,1,0,1,'0-1,2026-09-20,Brock Badgers,Waterloo Warriors,,Gavin Taylor,Myles Robinson,R,R,Fastball,Foul,,,0,-0.345412159,0.259607382
3,1,0,2,'0-2,2026-09-20,Brock Badgers,Waterloo Warriors,,Gavin Taylor,Myles Robinson,R,R,Fastball,Popout,Pop Up,Opposite Field,0,0.349870529,0.692009336
3,2,0,0,'0-0,2026-09-20,Brock Badgers,Waterloo Warriors,,Adam Geddes,Myles Robinson,L,R,Offspeed,Ball,,,0,-1.298942702,-0.172794572
3,2,1,0,'1-0,2026-09-20,Brock Badgers,Waterloo Warriors,,Adam Geddes,Myles Robinson,L,R,Fastball,Groundout,Ground Ball,Straightaway,0,0.449196627,0.605528945
4,0,0,0,'0-0,2026-09-20,Waterloo Warriors,Brock Badgers,,Jai Pawa,Evan Marks,R,R,Slider,Called Strike,,,0,0.131353113,0.338225919
4,0,0,1,'0-1,2026-09-20,Waterloo Warriors,Brock Badgers,,Jai Pawa,Evan Marks,R,R,Fastball,Flyout,Fly Ball,Straightaway,0,0.31014009,0.794213435
4,1,0,0,'0-0,2026-09-20,Waterloo Warriors,Brock Badgers,,Cole Smart,Evan Marks,L,R,Splitter,Ball,,,0,-0.563929575,0.0866466
4,1,1,0,'1-0,2026-09-20,Waterloo Warriors,Brock Badgers,,Cole Smart,Evan Marks,L,R,Fastball,Ball,,,0,-0.24608606,-0.109899742
4,1,2,0,'2-0,2026-09-20,Waterloo Warriors,Brock Badgers,,Cole Smart,Evan Marks,L,R,Fastball,Foul,,,0,-0.464603476,0.298916651
4,1,2,1,'2-1,2026-09-20,Waterloo Warriors,Brock Badgers,,Cole Smart,Evan Marks,L,R,Splitter,Foul,,,0,-0.663255673,0.196712552
4,1,2,2,'2-2,2026-09-20,Waterloo Warriors,Brock Badgers,,Cole Smart,Evan Marks,L,R,Splitter,Ball,,,0,-0.742716552,-0.314307939
4,1,3,2,'3-2,2026-09-20,Waterloo Warriors,Brock Badgers,,Cole Smart,Evan Marks,L,R,Fastball,Single,Ground Ball,Pull,0,0.270409651,0.157403284
4,1,0,0,'0-0,2026-09-20,Waterloo Warriors,Brock Badgers,,Kalan Maharaj,Evan Marks,R,R,Slider,Ball,,,,1.780166344,0.21243626
4,1,1,0,'1-0,2026-09-20,Waterloo Warriors,Brock Badgers,,Kalan Maharaj,Evan Marks,R,R,Splitter,Ball,,,,-0.305681719,0.055199186
4,1,2,0,'2-0,2026-09-20,Waterloo Warriors,Brock Badgers,,Kalan Maharaj,Evan Marks,R,R,Fastball,Called Strike,,,,0.31014009,0.676285629
4,1,2,1,'2-1,2026-09-20,Waterloo Warriors,Brock Badgers,,Kalan Maharaj,Evan Marks,R,R,Splitter,Ball,,,,-0.583794794,-0.282860524
4,1,3,1,'3-1,2026-09-20,Waterloo Warriors,Brock Badgers,,Kalan Maharaj,Evan Marks,R,R,Fastball,Called Strike,,,,0.449196627,0.503324847
4,1,3,2,'3-2,2026-09-20,Waterloo Warriors,Brock Badgers,,Kalan Maharaj,Evan Marks,R,R,Fastball,Strikeout Looking,,,,0.330005309,0.204574406
4,2,0,0,'0-0,2026-09-20,Waterloo Warriors,Brock Badgers,,Ty Tinnish,Evan Marks,L,R,Splitter,Popout,Pop Up,Opposite Field,10,-0.603660014,0.27533109
4,0,0,0,'0-0,2026-09-20,Brock Badgers,Waterloo Warriors,,Kade Falardeau,Myles Robinson,R,R,Fastball,Error,Fly Ball,Straightaway,0,0.190948772,0.306778504
4,0,0,0,'0-0,2026-09-20,Brock Badgers,Waterloo Warriors,,Jaden Leeder,Myles Robinson,R,R,Breaking Ball,Foul,,,100,-0.305681719,0.668423775
4,0,0,1,'0-1,2026-09-20,Brock Badgers,Waterloo Warriors,,Jaden Leeder,Myles Robinson,R,R,Breaking Ball,Swinging Strike,,,10,0.051892234,0.220298114
4,0,0,2,'0-2,2026-09-20,Brock Badgers,Waterloo Warriors,,Jaden Leeder,Myles Robinson,R,R,Fastball,Foul,,,10,-0.643390453,0.802075288
4,0,0,2,'0-2,2026-09-20,Brock Badgers,Waterloo Warriors,,Jaden Leeder,Myles Robinson,R,R,Fastball,Ball,,,10,-0.762581771,1.12441129
4,0,1,2,'1-2,2026-09-20,Brock Badgers,Waterloo Warriors,,Jaden Leeder,Myles Robinson,R,R,Breaking Ball,Flyout,Fly Ball,Opposite Field,10,0.409466188,0.180988845
4,1,0,0,'0-0,2026-09-20,Brock Badgers,Waterloo Warriors,,Flynn Matheson,Myles Robinson,R,R,Breaking Ball,Ball,,,10,-1.239347043,0.84924641
4,1,1,0,'1-0,2026-09-20,Brock Badgers,Waterloo Warriors,,Flynn Matheson,Myles Robinson,R,R,Fastball,Swinging Strike,,,,0.488927067,1.147996851
4,1,1,1,'1-1,2026-09-20,Brock Badgers,Waterloo Warriors,,Flynn Matheson,Myles Robinson,R,R,Fastball,Ball,,,,-1.37840358,0.69987119
4,1,2,1,'2-1,2026-09-20,Brock Badgers,Waterloo Warriors,,Flynn Matheson,Myles Robinson,R,R,Fastball,Swinging Strike,,,,-0.84204265,0.778489727
4,1,2,2,'2-2,2026-09-20,Brock Badgers,Waterloo Warriors,,Flynn Matheson,Myles Robinson,R,R,Breaking Ball,Ball,,,,1.204074974,-0.27499867
4,1,3,2,'3-2,2026-09-20,Brock Badgers,Waterloo Warriors,,Flynn Matheson,Myles Robinson,R,R,Fastball,Walk,,,,-1.199616603,1.045792753
4,1,0,0,'0-0,2026-09-20,Brock Badgers,Waterloo Warriors,,Josh Frazer,Myles Robinson,L,R,Fastball,Flyout,Fly Ball,Straightaway,110,0.250544431,0.668423775
4,2,0,0,'0-0,2026-09-20,Brock Badgers,Waterloo Warriors,,Brady Campbell,Myles Robinson,R,R,Breaking Ball,Ball,,,110,1.800031563,0.259607382
4,2,1,0,'1-0,2026-09-20,Brock Badgers,Waterloo Warriors,,Brady Campbell,Myles Robinson,R,R,Fastball,Foul,,,,0.389600968,0.283192943
4,2,1,1,'1-1,2026-09-20,Brock Badgers,Waterloo Warriors,,Brady Campbell,Myles Robinson,R,R,Fastball,Foul,,,,1.263670633,0.574081531
4,2,1,2,'1-2,2026-09-20,Brock Badgers,Waterloo Warriors,,Brady Campbell,Myles Robinson,R,R,Fastball,Flyout,Fly Ball,Opposite Field,110,0.409466188,0.76276602
5,0,0,0,'0-0,2026-09-20,Waterloo Warriors,Brock Badgers,,Carter Kipp,Evan Marks,R,R,Splitter,Lineout,Line Drive,Pull,0,-0.424873037,0.188850699
5,1,0,0,'0-0,2026-09-20,Waterloo Warriors,Brock Badgers,,Nico Valvo,Evan Marks,R,R,Fastball,Called Strike,,,0,-0.405007818,0.558357823
5,1,0,1,'0-1,2026-09-20,Waterloo Warriors,Brock Badgers,,Nico Valvo,Evan Marks,R,R,Splitter,Swinging Strike,,,0,-0.345412159,0.432568164
5,1,0,2,'0-2,2026-09-20,Waterloo Warriors,Brock Badgers,,Nico Valvo,Evan Marks,R,R,Slider,Ball,,,0,1.124614095,-0.204241987
5,1,1,2,'1-2,2026-09-20,Waterloo Warriors,Brock Badgers,,Nico Valvo,Evan Marks,R,R,Fastball,Single,Ground Ball,Pull,0,-0.643390453,0.715594897
5,1,0,0,'0-0,2026-09-20,Waterloo Warriors,Brock Badgers,,Sam Shephard,Evan Marks,R,R,Slider,Ball,,,100,0.667714043,0.416844456
5,1,1,0,'1-0,2026-09-20,Waterloo Warriors,Brock Badgers,,Sam Shephard,Evan Marks,R,R,Slider,Double Play,Fly Ball,Straightaway,100,0.488927067,0.283192943
5,0,0,0,'0-0,2026-09-20,Brock Badgers,Waterloo Warriors,,Nolan Phelan,Myles Robinson,R,R,Fastball,Ball,,,0,0.548522726,-0.141347157
5,0,1,0,'1-0,2026-09-20,Brock Badgers,Waterloo Warriors,,Nolan Phelan,Myles Robinson,R,R,Fastball,Foul,,,0,0.349870529,0.613390799
5,0,1,1,'1-1,2026-09-20,Brock Badgers,Waterloo Warriors,,Nolan Phelan,Myles Robinson,R,R,Fastball,Groundout,Ground Ball,Pull,0,0.608118385,0.432568164
5,1,0,0,'0-0,2026-09-20,Brock Badgers,Waterloo Warriors,,Jack Shannon,Myles Robinson,R,R,Breaking Ball,Ball,,,0,1.42259239,0.864970118
5,1,1,0,'1-0,2026-09-20,Brock Badgers,Waterloo Warriors,,Jack Shannon,Myles Robinson,R,R,Fastball,Called Strike,,,0,0.190948772,0.809937142
5,1,1,1,'1-1,2026-09-20,Brock Badgers,Waterloo Warriors,,Jack Shannon,Myles Robinson,R,R,Breaking Ball,Error,Ground Ball,Pull,0,-0.365277378,0.495462993
5,1,0,0,'0-0,2026-09-20,Brock Badgers,Waterloo Warriors,,Gavin Taylor,Myles Robinson,R,R,Fastball,Ball,,,0,0.528657506,-0.282860524
5,1,1,0,'1-0,2026-09-20,Brock Badgers,Waterloo Warriors,,Gavin Taylor,Myles Robinson,R,R,Fastball,Ball,,,0,-0.325546939,0.920003094
5,1,2,0,'2-0,2026-09-20,Brock Badgers,Waterloo Warriors,,Gavin Taylor,Myles Robinson,R,R,Fastball,Foul,,,0,-0.544064355,0.692009336
5,1,2,1,'2-1,2026-09-20,Brock Badgers,Waterloo Warriors,,Gavin Taylor,Myles Robinson,R,R,Fastball,Double Play,Ground Ball,Straightaway,0,-0.464603476,0.676285629
6,0,0,0,'0-0,2026-09-20,Waterloo Warriors,Brock Badgers,,Rhys Jenkyn,Evan Marks,L,R,Splitter,Called Strike,,,0,-0.603660014,0.456153725
6,0,0,1,'0-1,2026-09-20,Waterloo Warriors,Brock Badgers,,Rhys Jenkyn,Evan Marks,L,R,Fastball,Foul,,,0,-0.762581771,0.220298114
6,0,0,2,'0-2,2026-09-20,Waterloo Warriors,Brock Badgers,,Rhys Jenkyn,Evan Marks,L,R,Splitter,Single,Ground Ball,Straightaway,0,-0.544064355,0.157403284
6,0,0,0,'0-0,2026-09-20,Waterloo Warriors,Brock Badgers,,Junichi Yuki,Evan Marks,R,R,Fastball,Groundout,Ground Ball,Straightaway,0,0.31014009,0.817798996
6,1,0,0,'0-0,2026-09-20,Waterloo Warriors,Brock Badgers,,Arthur Kowara,Evan Marks,R,R,Slider,Foul,,,0,-0.107029523,0.165265138
6,1,0,1,'0-1,2026-09-20,Waterloo Warriors,Brock Badgers,,Arthur Kowara,Evan Marks,R,R,Splitter,Ball,,,0,0.945827119,-0.306446085
6,1,1,1,'1-1,2026-09-20,Waterloo Warriors,Brock Badgers,,Arthur Kowara,Evan Marks,R,R,Slider,Ball,,,0,1.482188049,-0.267136817
6,1,2,1,'2-1,2026-09-20,Waterloo Warriors,Brock Badgers,,Arthur Kowara,Evan Marks,R,R,Slider,Called Strike,,,0,0.488927067,0.802075288
6,1,2,2,'2-2,2026-09-20,Waterloo Warriors,Brock Badgers,,Arthur Kowara,Evan Marks,R,R,Splitter,Strikeout Swinging,,,0,-0.126894742,-0.314307939
6,2,0,0,'0-0,2026-09-20,Waterloo Warriors,Brock Badgers,,Cole Smart,Evan Marks,L,R,Splitter,Ball,,,0,-0.82217743,0.668423775
6,2,1,0,'1-0,2026-09-20,Waterloo Warriors,Brock Badgers,,Cole Smart,Evan Marks,L,R,Splitter,Ball,,,,-0.861907869,-0.330031646
6,2,2,0,'2-0,2026-09-20,Waterloo Warriors,Brock Badgers,,Cole Smart,Evan Marks,L,R,Fastball,Ball,,,,1.303401072,0.786351581
6,2,3,0,'3-0,2026-09-20,Waterloo Warriors,Brock Badgers,,Cole Smart,Evan Marks,L,R,Fastball,Walk,,,,1.204074974,0.896417533
6,2,0,0,'0-0,2026-09-20,Waterloo Warriors,Brock Badgers,,Kalan Maharaj,Evan Marks,R,R,Splitter,Called Strike,,,0,-0.683120893,0.36181148
6,2,0,1,'0-1,2026-09-20,Waterloo Warriors,Brock Badgers,,Kalan Maharaj,Evan Marks,R,R,Slider,Ball,,,0,0.469061847,-0.180656426
6,2,1,1,'1-1,2026-09-20,Waterloo Warriors,Brock Badgers,,Kalan Maharaj,Evan Marks,R,R,Fastball,Swinging Strike,,,0,0.548522726,0.668423775
6,2,1,2,'1-2,2026-09-20,Waterloo Warriors,Brock Badgers,,Kalan Maharaj,Evan Marks,R,R,Slider,Strikeout Swinging,,,0,-0.742716552,0.055199186
6,0,0,0,'0-0,2026-09-20,Brock Badgers,Waterloo Warriors,,Adam Geddes,Myles Robinson,L,R,Breaking Ball,Ball,,,0,-1.557190557,0.00016621
6,0,1,0,'1-0,2026-09-20,Brock Badgers,Waterloo Warriors,,Adam Geddes,Myles Robinson,L,R,Fastball,Ball,,,0,-1.517460118,1.147996851
6,0,2,0,'2-0,2026-09-20,Brock Badgers,Waterloo Warriors,,Adam Geddes,Myles Robinson,L,R,Fastball,Called Strike,,,0,-0.524199135,0.385397042
6,0,2,1,'2-1,2026-09-20,Brock Badgers,Waterloo Warriors,,Adam Geddes,Myles Robinson,L,R,Breaking Ball,Foul,,,0,-0.623525234,0.243883675
6,0,2,2,'2-2,2026-09-20,Brock Badgers,Waterloo Warriors,,Adam Geddes,Myles Robinson,L,R,Fastball,Foul,,,0,0.349870529,0.817798996
6,0,2,2,'2-2,2026-09-20,Brock Badgers,Waterloo Warriors,,Adam Geddes,Myles Robinson,L,R,Fastball,Ball,,,0,-1.596920996,0.990759777
6,0,3,2,'3-2,2026-09-20,Brock Badgers,Waterloo Warriors,,Adam Geddes,Myles Robinson,L,R,Fastball,Single,Line Drive,Opposite Field,0,-0.563929575,0.825660849
6,0,0,0,'0-0,2026-09-20,Brock Badgers,Waterloo Warriors,,Kade Falardeau,Myles Robinson,R,R,Breaking Ball,Ball,,,100,-0.544064355,1.108687583
6,0,1,0,'1-0,2026-09-20,Brock Badgers,Waterloo Warriors,,Kade Falardeau,Myles Robinson,R,R,Fastball,Called Strike,,,,0.330005309,0.291054797
6,0,1,1,'1-1,2026-09-20,Brock Badgers,Waterloo Warriors,,Kade Falardeau,Myles Robinson,R,R,Fastball,Groundout,Ground Ball,Pull,,-0.603660014,0.322502212
6,1,0,0,'0-0,2026-09-20,Brock Badgers,Waterloo Warriors,,Jaden Leeder,Myles Robinson,R,R,Fastball,Ball,,,1,-1.477729678,0.196712552
6,1,1,0,'1-0,2026-09-20,Brock Badgers,Waterloo Warriors,,Jaden Leeder,Myles Robinson,R,R,Fastball,Groundout,Ground Ball,Straightaway,1,0.508792286,0.63697636
6,2,0,0,'0-0,2026-09-20,Brock Badgers,Waterloo Warriors,,Flynn Matheson,Myles Robinson,R,R,Breaking Ball,Called Strike,,,0,0.727309702,0.69987119
6,2,0,1,'0-1,2026-09-20,Brock Badgers,Waterloo Warriors,,Flynn Matheson,Myles Robinson,R,R,Fastball,Ball,,,,-0.484468696,-0.117761596
6,2,1,1,'1-1,2026-09-20,Brock Badgers,Waterloo Warriors,,Flynn Matheson,Myles Robinson,R,R,Fastball,Swinging Strike,,,,0.270409651,0.692009336
6,2,1,2,'1-2,2026-09-20,Brock Badgers,Waterloo Warriors,,Flynn Matheson,Myles Robinson,R,R,Fastball,Ball,,,,1.204074974,-0.204241987
6,2,2,2,'2-2,2026-09-20,Brock Badgers,Waterloo Warriors,,Flynn Matheson,Myles Robinson,R,R,Fastball,Strikeout Looking,,,,-0.325546939,0.094508454
7,0,0,0,'0-0,2026-09-20,Waterloo Warriors,Brock Badgers,,Ty Tinnish,Max Van Dam,L,L,Slider,Ball,,,0,1.581514147,0.314640358
7,0,1,0,'1-0,2026-09-20,Waterloo Warriors,Brock Badgers,,Ty Tinnish,Max Van Dam,L,L,Slider,Called Strike,,,,0.548522726,0.14954143
7,0,1,1,'1-1,2026-09-20,Waterloo Warriors,Brock Badgers,,Ty Tinnish,Max Van Dam,L,L,Slider,Ball,,,,-0.504333916,-0.243551256
7,0,2,1,'2-1,2026-09-20,Waterloo Warriors,Brock Badgers,,Ty Tinnish,Max Van Dam,L,L,Slider,Flyout,Fly Ball,Opposite Field,0,-0.504333916,0.353949627
7,1,0,0,'0-0,2026-09-20,Waterloo Warriors,Brock Badgers,,Carter Kipp,Max Van Dam,R,L,Slider,Ball,,,0,1.204074974,0.416844456
7,1,1,0,'1-0,2026-09-20,Waterloo Warriors,Brock Badgers,,Carter Kipp,Max Van Dam,R,L,Changeup,Ball,,,,1.97881854,0.070922893
7,1,2,0,'2-0,2026-09-20,Waterloo Warriors,Brock Badgers,,Carter Kipp,Max Van Dam,R,L,Changeup,Single,Ground Ball,Pull,,0.171083552,0.196712552
7,1,0,0,'0-0,2026-09-20,Waterloo Warriors,Brock Badgers,,Nico Valvo,Max Van Dam,R,L,Fastball,Ball,,,100,1.720570685,0.731318605
7,1,1,0,'1-0,2026-09-20,Waterloo Warriors,Brock Badgers,,Nico Valvo,Max Van Dam,R,L,Fastball,Called Strike,,,,0.548522726,0.833522703
7,1,1,1,'1-1,2026-09-20,Waterloo Warriors,Brock Badgers,,Nico Valvo,Max Van Dam,R,L,Fastball,Double Play,Ground Ball,Straightaway,100,0.270409651,0.715594897
7,0,0,0,'0-0,2026-09-20,Brock Badgers,Waterloo Warriors,,Josh Frazer,Owen Toon,L,R,Fastball,Ball,,,0,-1.259212262,-0.141347157
7,0,1,0,'1-0,2026-09-20,Brock Badgers,Waterloo Warriors,,Josh Frazer,Owen Toon,L,R,Fastball,Ball,,,0,0.687579263,-0.330031646
7,0,2,0,'2-0,2026-09-20,Brock Badgers,Waterloo Warriors,,Josh Frazer,Owen Toon,L,R,Fastball,Called Strike,,,0,-1.298942702,0.228159967
7,0,2,1,'2-1,2026-09-20,Brock Badgers,Waterloo Warriors,,Josh Frazer,Owen Toon,L,R,Fastball,Ball,,,0,1.263670633,0.27533109
7,0,3,1,'3-1,2026-09-20,Brock Badgers,Waterloo Warriors,,Josh Frazer,Owen Toon,L,R,Fastball,Called Strike,,,0,0.330005309,1.092963875
7,0,3,2,'3-2,2026-09-20,Brock Badgers,Waterloo Warriors,,Josh Frazer,Owen Toon,L,R,Fastball,Walk,,,0,1.502053269,-0.172794572
7,0,0,0,'0-0,2026-09-20,Brock Badgers,Waterloo Warriors,,Brady Campbell,Owen Toon,R,R,Fastball,Ball,,,100,-0.365277378,-0.086314181
7,0,1,0,'1-0,2026-09-20,Brock Badgers,Waterloo Warriors,,Brady Campbell,Owen Toon,R,R,Fastball,Called Strike,,,100,0.429331408,0.21243626
7,0,1,1,'1-1,2026-09-20,Brock Badgers,Waterloo Warriors,,Brady Campbell,Owen Toon,R,R,Fastball,Single,Ground Ball,Opposite Field,100,-0.643390453,0.69987119
7,0,0,0,'0-0,2026-09-20,Brock Badgers,Waterloo Warriors,,Liam Riley,Owen Toon,R,R,Fastball,Ball,,,110,-0.683120893,-0.306446085
7,0,1,0,'1-0,2026-09-20,Brock Badgers,Waterloo Warriors,,Liam Riley,Owen Toon,R,R,Fastball,Single,Pop Up,Opposite Field,11,-0.544064355,0.63697636
7,0,0,0,'0-0,2026-09-20,Brock Badgers,Waterloo Warriors,,Tim Somerville,Owen Toon,R,R,Fastball,Single,Ground Ball,Straightaway,10,-0.146759962,0.69987119
7,0,0,0,'0-0,2026-09-20,Brock Badgers,Waterloo Warriors,,Gavin Taylor,Owen Toon,R,R,Fastball,Ball,,,11,1.40272717,0.157403284
7,0,1,0,'1-0,2026-09-20,Brock Badgers,Waterloo Warriors,,Gavin Taylor,Owen Toon,R,R,Fastball,Foul,,,11,-0.544064355,0.754904166
7,0,1,1,'1-1,2026-09-20,Brock Badgers,Waterloo Warriors,,Gavin Taylor,Owen Toon,R,R,Fastball,Foul,,,11,0.488927067,0.809937142
7,0,1,2,'1-2,2026-09-20,Brock Badgers,Waterloo Warriors,,Gavin Taylor,Owen Toon,R,R,Breaking Ball,Ball,,,11,1.601379367,0.369673334
7,0,2,2,'2-2,2026-09-20,Brock Badgers,Waterloo Warriors,,Gavin Taylor,Owen Toon,R,R,Fastball,Flyout,Fly Ball,Opposite Field,11,0.349870529,0.786351581
7,1,0,0,'0-0,2026-09-20,Brock Badgers,Waterloo Warriors,,Adam Geddes,Owen Toon,L,R,,Walk,,,111,,
7,1,0,0,'0-0,2026-09-20,Brock Badgers,Waterloo Warriors,,Kade Falardeau,Owen Toon,R,R,Fastball,Ball,,,,0.608118385,-0.290722378
7,1,1,0,'1-0,2026-09-20,Brock Badgers,Waterloo Warriors,,Kade Falardeau,Owen Toon,R,R,Fastball,Ball,,,,1.541783708,0.857108264
7,1,2,0,'2-0,2026-09-20,Brock Badgers,Waterloo Warriors,,Kade Falardeau,Owen Toon,R,R,Fastball,Foul,,,,0.647848824,0.644838214
7,1,2,1,'2-1,2026-09-20,Brock Badgers,Waterloo Warriors,,Kade Falardeau,Owen Toon,R,R,Fastball,Error,Ground Ball,Straightaway,,0.508792286,0.369673334
1,0,0,0,'0-0,2026-09-04,McMaster Marauders,Waterloo Warriors,,Justin Meade,Myles Robinson,L,R,Fastball,Called Strike,,,0,-1.208322927,0.255677185
1,0,0,1,'0-1,2026-09-04,McMaster Marauders,Waterloo Warriors,,Justin Meade,Myles Robinson,L,R,,Called Strike,,,0,,
1,0,0,2,'0-2,2026-09-04,McMaster Marauders,Waterloo Warriors,,Justin Meade,Myles Robinson,L,R,,Groundout,Ground Ball,Opposite Field,0,,
1,1,0,0,'0-0,2026-09-04,McMaster Marauders,Waterloo Warriors,,Nathan Smid,Myles Robinson,R,R,Fastball,Groundout,Ground Ball,Straightaway,0,-0.65162962,0.549432899
1,2,0,0,'0-0,2026-09-04,McMaster Marauders,Waterloo Warriors,,John Dykyj,Myles Robinson,R,R,,Ball,,,0,,
1,2,1,0,'1-0,2026-09-04,McMaster Marauders,Waterloo Warriors,,John Dykyj,Myles Robinson,R,R,Fastball,Called Strike,,,0,-0.350087413,0.191418123
1,2,1,1,'1-1,2026-09-04,McMaster Marauders,Waterloo Warriors,,John Dykyj,Myles Robinson,R,R,Fastball,Ball,,,0,0.577734765,-0.203316119
1,2,2,1,'2-1,2026-09-04,McMaster Marauders,Waterloo Warriors,,John Dykyj,Myles Robinson,R,R,Fastball,Called Strike,,,0,-0.257305195,0.420914774
1,2,2,2,'2-2,2026-09-04,McMaster Marauders,Waterloo Warriors,,John Dykyj,Myles Robinson,R,R,Fastball,Walk,,,0,-0.721216284,1.302181917
1,2,0,0,'0-0,2026-09-04,McMaster Marauders,Waterloo Warriors,,Quinten Shannon,Myles Robinson,R,R,Fastball,Ball,,,100,-0.396478522,0.099619462
1,2,1,0,'1-0,2026-09-04,McMaster Marauders,Waterloo Warriors,1.06,Quinten Shannon,Myles Robinson,R,R,Fastball,Home Run,Fly Ball,Opposite Field,100,0.299388112,0.576972498
1,2,0,0,'0-0,2026-09-04,McMaster Marauders,Waterloo Warriors,,Anden Cooper,Myles Robinson,L,R,Fastball,Called Strike,,,10,0.508148102,0.264857051
1,2,0,1,'0-1,2026-09-04,McMaster Marauders,Waterloo Warriors,,Anden Cooper,Myles Robinson,L,R,Fastball,Ball,,,10,-1.347496254,1.237922855
1,2,1,1,'1-1,2026-09-04,McMaster Marauders,Waterloo Warriors,,Anden Cooper,Myles Robinson,L,R,Breaking Ball,Flyout,Fly Ball,Straightaway,10,-0.605238512,0.659591292
1,0,0,0,'0-0,2026-09-04,Waterloo Warriors,McMaster Marauders,,Adam Leatherland,Premnath Nayak,L,R,Breaking Ball,Ball,,,0,-1.440278472,0.264857051
1,0,1,0,'1-0,2026-09-04,Waterloo Warriors,McMaster Marauders,,Adam Leatherland,Premnath Nayak,L,R,Fastball,Foul,,,0,-0.558847403,0.347475846
1,0,1,1,'1-1,2026-09-04,Waterloo Warriors,McMaster Marauders,,Adam Leatherland,Premnath Nayak,L,R,Fastball,Foul,,,0,-0.350087413,0.632051694
1,0,1,2,'1-2,2026-09-04,Waterloo Warriors,McMaster Marauders,,Adam Leatherland,Premnath Nayak,L,R,Fastball,Groundout,Ground Ball,Opposite Field,0,-0.721216284,0.503533569
1,1,0,0,'0-0,2026-09-04,Waterloo Warriors,McMaster Marauders,,Ty Tinnish,Premnath Nayak,L,R,Fastball,Called Strike,,,0,-0.744411838,0.411734908
1,1,0,1,'0-1,2026-09-04,Waterloo Warriors,McMaster Marauders,,Ty Tinnish,Premnath Nayak,L,R,,Single,Ground Ball,Straightaway,0,,
1,1,0,0,'0-0,2026-09-04,Waterloo Warriors,McMaster Marauders,,Carter Kipp,Premnath Nayak,R,R,Breaking Ball,Hit By Pitch,,,100,-1.533060689,0.760569819
1,1,0,0,'0-0,2026-09-04,Waterloo Warriors,McMaster Marauders,,Arthur Kowara,Premnath Nayak,R,R,Breaking Ball,Hit By Pitch,,,110,-1.579451798,0.861548346
1,1,0,0,'0-0,2026-09-04,Waterloo Warriors,McMaster Marauders,,Rhys Jenkyn,Premnath Nayak,L,R,Fastball,Ball,,,111,-1.208322927,0.824828881
1,1,1,0,'1-0,2026-09-04,Waterloo Warriors,McMaster Marauders,,Rhys Jenkyn,Premnath Nayak,L,R,Fastball,Ball,,,111,-1.48666958,0.136338926
1,1,2,0,'2-0,2026-09-04,Waterloo Warriors,McMaster Marauders,,Rhys Jenkyn,Premnath Nayak,L,R,Fastball,Error,Ground Ball,Straightaway,111,-0.512456294,0.448454373
1,1,0,0,'0-0,2026-09-04,Waterloo Warriors,McMaster Marauders,,Sam Shephard,Premnath Nayak,R,R,Fastball,Called Strike,,,111,-0.396478522,0.420914774
1,1,0,1,'0-1,2026-09-04,Waterloo Warriors,McMaster Marauders,,Sam Shephard,Premnath Nayak,R,R,Fastball,Error,Ground Ball,Pull,111,0.438561439,0.503533569
1,1,0,0,'0-0,2026-09-04,Waterloo Warriors,McMaster Marauders,,Declan Uniac,Premnath Nayak,L,R,Fastball,Ball,,,101,-1.556256244,-0.028898663
1,1,1,0,'1-0,2026-09-04,Waterloo Warriors,McMaster Marauders,,Declan Uniac,Premnath Nayak,L,R,Fastball,Ball,,,11,0.368974775,-0.267575181
1,1,2,0,'2-0,2026-09-04,Waterloo Warriors,McMaster Marauders,,Declan Uniac,Premnath Nayak,L,R,Fastball,Ball,,,11,0.786494755,-0.38691344
1,1,3,0,'3-0,2026-09-04,Waterloo Warriors,McMaster Marauders,,Declan Uniac,Premnath Nayak,L,R,Fastball,Called Strike,,,11,-0.466065185,0.622871828
1,1,3,1,'3-1,2026-09-04,Waterloo Warriors,McMaster Marauders,,Declan Uniac,Premnath Nayak,L,R,Fastball,Single,Ground Ball,Pull,11,-0.582042957,0.43009464
1,1,0,0,'0-0,2026-09-04,Waterloo Warriors,McMaster Marauders,,Myles Hazen,Premnath Nayak,R,R,Breaking Ball,Swinging Strike,,,101,0.740103646,0.292396649
1,1,0,1,'0-1,2026-09-04,Waterloo Warriors,McMaster Marauders,,Myles Hazen,Premnath Nayak,R,R,Breaking Ball,Ball,,,101,-1.27790959,0.310756381
1,1,1,1,'1-1,2026-09-04,Waterloo Warriors,McMaster Marauders,,Myles Hazen,Premnath Nayak,R,R,Breaking Ball,Foul,,,101,-0.187718532,0.246497319
1,1,1,2,'1-2,2026-09-04,Waterloo Warriors,McMaster Marauders,,Myles Hazen,Premnath Nayak,R,R,Breaking Ball,Foul,,,101,1.43597028,-0.17577652
1,1,1,2,'1-2,2026-09-04,Waterloo Warriors,McMaster Marauders,,Myles Hazen,Premnath Nayak,R,R,Breaking Ball,Strikeout Swinging,,,101,0.276192557,0.33829598
1,2,0,0,'0-0,2026-09-04,Waterloo Warriors,McMaster Marauders,,Junichi Yuki,Premnath Nayak,R,R,Fastball,Ball,,,11,0.137019231,1.100224863
1,2,1,0,'1-0,2026-09-04,Waterloo Warriors,McMaster Marauders,,Junichi Yuki,Premnath Nayak,R,R,Breaking Ball,Ball,,,11,-1.27790959,1.100224863
1,2,2,0,'2-0,2026-09-04,Waterloo Warriors,McMaster Marauders,,Junichi Yuki,Premnath Nayak,R,R,Fastball,Foul,,,11,0.554539211,0.356655712
1,2,2,1,'2-1,2026-09-04,Waterloo Warriors,McMaster Marauders,,Junichi Yuki,Premnath Nayak,R,R,Breaking Ball,Called Strike,,,11,-0.419674076,0.154698658
1,2,2,2,'2-2,2026-09-04,Waterloo Warriors,McMaster Marauders,,Junichi Yuki,Premnath Nayak,R,R,Breaking Ball,Ball,,,11,-0.999562937,-0.295114779
1,2,3,2,'3-2,2026-09-04,Waterloo Warriors,McMaster Marauders,,Junichi Yuki,Premnath Nayak,R,R,Fastball,Walk,,,11,-0.698020729,1.118584596
1,2,0,0,'0-0,2026-09-04,Waterloo Warriors,McMaster Marauders,,Adam Leatherland,Premnath Nayak,L,R,Fastball,Foul,,,111,-0.373282967,0.310756381
1,2,0,1,'0-1,2026-09-04,Waterloo Warriors,McMaster Marauders,,Adam Leatherland,Premnath Nayak,L,R,Fastball,Called Strike,,,111,-0.744411838,0.375015444
1,2,0,2,'0-2,2026-09-04,Waterloo Warriors,McMaster Marauders,,Adam Leatherland,Premnath Nayak,L,R,Fastball,Ball,,,111,-1.370691808,0.760569819
1,2,1,2,'1-2,2026-09-04,Waterloo Warriors,McMaster Marauders,,Adam Leatherland,Premnath Nayak,L,R,Fastball,Ball,,,111,-1.69542957,0.072079864
1,2,2,2,'2-2,2026-09-04,Waterloo Warriors,McMaster Marauders,,Adam Leatherland,Premnath Nayak,L,R,Fastball,Single,Ground Ball,Opposite Field,111,-0.582042957,0.255677185
1,2,0,0,'0-0,2026-09-04,Waterloo Warriors,McMaster Marauders,,Ty Tinnish,Premnath Nayak,L,R,Fastball,Ball,,,111,-1.185127373,0.769749685
1,2,1,0,'1-0,2026-09-04,Waterloo Warriors,McMaster Marauders,,Ty Tinnish,Premnath Nayak,L,R,Fastball,Ball,,,111,-0.44286963,1.072685265
1,2,2,0,'2-0,2026-09-04,Waterloo Warriors,McMaster Marauders,,Ty Tinnish,Premnath Nayak,L,R,Fastball,Called Strike,,,111,-0.698020729,0.650411426
1,2,2,1,'2-1,2026-09-04,Waterloo Warriors,McMaster Marauders,,Ty Tinnish,Premnath Nayak,L,R,Fastball,Ball,,,111,-0.628434066,1.210383256
1,2,3,1,'3-1,2026-09-04,Waterloo Warriors,McMaster Marauders,,Ty Tinnish,Premnath Nayak,L,R,Fastball,Swinging Strike,,,111,-0.721216284,0.228137587
1,2,3,2,'3-2,2026-09-04,Waterloo Warriors,McMaster Marauders,,Ty Tinnish,Premnath Nayak,L,R,Fastball,Walk,,,111,-1.649038462,0.806469149
1,2,0,0,'0-0,2026-09-04,Waterloo Warriors,McMaster Marauders,,Carter Kipp,Premnath Nayak,R,R,Breaking Ball,Ball,,,111,0.113823676,1.10940473
1,2,1,0,'1-0,2026-09-04,Waterloo Warriors,McMaster Marauders,,Carter Kipp,Premnath Nayak,R,R,Fastball,Double,Ground Ball,Pull,111,-0.326891858,0.531073167
1,2,0,0,'0-0,2026-09-04,Waterloo Warriors,McMaster Marauders,,Arthur Kowara,Premnath Nayak,R,R,Fastball,Foul,,,11,0.763299201,0.760569819
1,2,0,1,'0-1,2026-09-04,Waterloo Warriors,McMaster Marauders,,Arthur Kowara,Premnath Nayak,R,R,Fastball,Swinging Strike,,,11,0.18341034,0.154698658
1,2,0,2,'0-2,2026-09-04,Waterloo Warriors,McMaster Marauders,,Arthur Kowara,Premnath Nayak,R,R,Breaking Ball,Strikeout Looking,,,11,0.160214785,0.375015444
2,0,0,0,'0-0,2026-09-04,McMaster Marauders,Waterloo Warriors,,Kayan Alazem,Myles Robinson,R,R,Fastball,Ball,,,0,-1.533060689,1.15530406
2,0,1,0,'1-0,2026-09-04,McMaster Marauders,Waterloo Warriors,,Kayan Alazem,Myles Robinson,R,R,Fastball,Ball,,,0,-0.489260739,1.274642319
2,0,2,0,'2-0,2026-09-04,McMaster Marauders,Waterloo Warriors,,Kayan Alazem,Myles Robinson,R,R,Fastball,Ball,,,0,1.714316933,0.228137587
2,0,3,0,'3-0,2026-09-04,McMaster Marauders,Waterloo Warriors,,Kayan Alazem,Myles Robinson,R,R,Fastball,Walk,,,0,0.577734765,1.136944328
2,0,0,0,'0-0,2026-09-04,McMaster Marauders,Waterloo Warriors,,Jueun Chung,Myles Robinson,R,R,Fastball,Called Strike,,,100,0.624125874,0.475993971
2,0,0,1,'0-1,2026-09-04,McMaster Marauders,Waterloo Warriors,,Jueun Chung,Myles Robinson,R,R,Fastball,Ball,,,100,-1.440278472,1.008426203
2,0,1,1,'1-1,2026-09-04,McMaster Marauders,Waterloo Warriors,,Jueun Chung,Myles Robinson,R,R,Fastball,Ball,,,100,0.508148102,-0.221675851
2,0,2,1,'2-1,2026-09-04,McMaster Marauders,Waterloo Warriors,,Jueun Chung,Myles Robinson,R,R,Fastball,Swinging Strike,,,100,-0.373282967,0.586152364
2,0,2,2,'2-2,2026-09-04,McMaster Marauders,Waterloo Warriors,,Jueun Chung,Myles Robinson,R,R,Fastball,Ball,,,100,-1.161931818,1.256282587
2,0,3,2,'3-2,2026-09-04,McMaster Marauders,Waterloo Warriors,,Jueun Chung,Myles Robinson,R,R,Fastball,Strikeout Swinging,,,100,-0.396478522,1.15530406
2,1,0,0,'0-0,2026-09-04,McMaster Marauders,Waterloo Warriors,,Brody Nguyen,Myles Robinson,R,R,Fastball,Ball,,,100,-1.602647353,0.17305839
2,1,1,0,'1-0,2026-09-04,McMaster Marauders,Waterloo Warriors,,Brody Nguyen,Myles Robinson,R,R,Fastball,Ball,,,100,0.740103646,1.127764462
2,1,2,0,'2-0,2026-09-04,McMaster Marauders,Waterloo Warriors,,Brody Nguyen,Myles Robinson,R,R,Fastball,Ball,,,100,0.508148102,1.10940473
2,1,3,0,'3-0,2026-09-04,McMaster Marauders,Waterloo Warriors,,Brody Nguyen,Myles Robinson,R,R,Fastball,Called Strike,,,100,0.044237013,0.310756381
2,1,3,1,'3-1,2026-09-04,McMaster Marauders,Waterloo Warriors,,Brody Nguyen,Myles Robinson,R,R,Fastball,Called Strike,,,100,0.160214785,0.448454373
2,1,3,2,'3-2,2026-09-04,McMaster Marauders,Waterloo Warriors,,Brody Nguyen,Myles Robinson,R,R,Fastball,Walk,,,100,0.206605894,-0.17577652
2,1,0,0,'0-0,2026-09-04,McMaster Marauders,Waterloo Warriors,,Nikolas Proksel,Myles Robinson,R,R,Breaking Ball,Called Strike,,,110,0.345779221,0.310756381
2,1,0,1,'0-1,2026-09-04,McMaster Marauders,Waterloo Warriors,,Nikolas Proksel,Myles Robinson,R,R,Breaking Ball,Ball,,,110,1.783903596,0.08125973
2,1,1,1,'1-1,2026-09-04,McMaster Marauders,Waterloo Warriors,,Nikolas Proksel,Myles Robinson,R,R,Fastball,Ball,,,110,1.598339161,-0.194136252
2,1,2,1,'2-1,2026-09-04,McMaster Marauders,Waterloo Warriors,,Nikolas Proksel,Myles Robinson,R,R,Fastball,Groundout,Ground Ball,Opposite Field,110,-0.419674076,0.439274506
2,2,0,0,'0-0,2026-09-04,McMaster Marauders,Waterloo Warriors,,Justin Meade,Myles Robinson,L,R,Fastball,Ball,,,11,-1.69542957,0.889087944
2,2,1,0,'1-0,2026-09-04,McMaster Marauders,Waterloo Warriors,,Justin Meade,Myles Robinson,L,R,Fastball,Called Strike,,,11,-0.65162962,0.38419531
2,2,1,1,'1-1,2026-09-04,McMaster Marauders,Waterloo Warriors,,Justin Meade,Myles Robinson,L,R,Breaking Ball,Ball,,,11,0.252997003,0.136338926
2,2,2,1,'2-1,2026-09-04,McMaster Marauders,Waterloo Warriors,,Justin Meade,Myles Robinson,L,R,Offspeed,Swinging Strike,,,11,-0.373282967,0.347475846
2,2,2,2,'2-2,2026-09-04,McMaster Marauders,Waterloo Warriors,,Justin Meade,Myles Robinson,L,R,Offspeed,Strikeout Swinging,,,11,-1.393887363,0.43009464
2,0,0,0,'0-0,2026-09-04,Waterloo Warriors,McMaster Marauders,,Rhys Jenkyn,Premnath Nayak,L,R,Breaking Ball,Ball,,,0,0.554539211,-0.194136252
2,0,1,0,'1-0,2026-09-04,Waterloo Warriors,McMaster Marauders,,Rhys Jenkyn,Premnath Nayak,L,R,Fastball,Foul,,,0,-0.396478522,0.329116114
2,0,1,1,'1-1,2026-09-04,Waterloo Warriors,McMaster Marauders,,Rhys Jenkyn,Premnath Nayak,L,R,Fastball,Ball,,,0,1.273601399,0.870728212
2,0,2,1,'2-1,2026-09-04,Waterloo Warriors,McMaster Marauders,,Rhys Jenkyn,Premnath Nayak,L,R,Fastball,Swinging Strike,,,0,-0.280500749,1.15530406
2,0,2,2,'2-2,2026-09-04,Waterloo Warriors,McMaster Marauders,,Rhys Jenkyn,Premnath Nayak,L,R,Breaking Ball,Strikeout Looking,,,0,-0.813998502,0.319936248
2,1,0,0,'0-0,2026-09-04,Waterloo Warriors,McMaster Marauders,,Sam Shephard,Premnath Nayak,R,R,Breaking Ball,Ball,,,0,-1.370691808,0.650411426
2,1,1,0,'1-0,2026-09-04,Waterloo Warriors,McMaster Marauders,,Sam Shephard,Premnath Nayak,R,R,Fastball,Lineout,Line Drive,Pull,0,0.461756993,0.677951024
2,2,0,0,'0-0,2026-09-04,Waterloo Warriors,McMaster Marauders,,Declan Uniac,Premnath Nayak,L,R,Fastball,Ball,,,0,-0.512456294,1.118584596
2,2,1,0,'1-0,2026-09-04,Waterloo Warriors,McMaster Marauders,,Declan Uniac,Premnath Nayak,L,R,Fastball,Ball,,,0,-0.628434066,1.146124194
2,2,2,0,'2-0,2026-09-04,Waterloo Warriors,McMaster Marauders,,Declan Uniac,Premnath Nayak,L,R,Fastball,Called Strike,,,0,-1.161931818,0.797289283
2,2,2,1,'2-1,2026-09-04,Waterloo Warriors,McMaster Marauders,,Declan Uniac,Premnath Nayak,L,R,Fastball,Ball,,,0,0.832885864,-0.12987719
2,2,3,1,'3-1,2026-09-04,Waterloo Warriors,McMaster Marauders,,Declan Uniac,Premnath Nayak,L,R,Breaking Ball,Groundout,Ground Ball,Pull,0,0.206605894,0.356655712
3,0,0,0,'0-0,2026-09-04,McMaster Marauders,Waterloo Warriors,,Nathan Smid,Myles Robinson,R,R,Fastball,Single,Ground Ball,Pull,0,0.206605894,0.365835578
3,0,0,0,'0-0,2026-09-04,McMaster Marauders,Waterloo Warriors,,John Dykyj,Myles Robinson,R,R,Fastball,Called Strike,,,100,0.461756993,0.632051694
3,0,0,1,'0-1,2026-09-04,McMaster Marauders,Waterloo Warriors,,John Dykyj,Myles Robinson,R,R,Breaking Ball,Ball,,,100,-1.556256244,1.008426203
3,0,1,1,'1-1,2026-09-04,McMaster Marauders,Waterloo Warriors,,John Dykyj,Myles Robinson,R,R,Fastball,Swinging Strike,,,100,0.276192557,0.59533223
3,0,1,2,'1-2,2026-09-04,McMaster Marauders,Waterloo Warriors,,John Dykyj,Myles Robinson,R,R,Fastball,Groundout,Ground Ball,Pull,100,-0.44286963,0.402555042
3,1,0,0,'0-0,2026-09-04,McMaster Marauders,Waterloo Warriors,,Quinten Shannon,Myles Robinson,R,R,Fastball,Ball,,,10,1.296796953,0.824828881
3,1,1,0,'1-0,2026-09-04,McMaster Marauders,Waterloo Warriors,,Quinten Shannon,Myles Robinson,R,R,Fastball,Swinging Strike,,,10,-0.350087413,1.136944328
3,1,1,1,'1-1,2026-09-04,McMaster Marauders,Waterloo Warriors,,Quinten Shannon,Myles Robinson,R,R,Breaking Ball,Ball,,,10,-0.44286963,0.099619462
3,1,2,1,'2-1,2026-09-04,McMaster Marauders,Waterloo Warriors,,Quinten Shannon,Myles Robinson,R,R,Fastball,Ball,,,10,0.461756993,-0.194136252
3,1,3,1,'3-1,2026-09-04,McMaster Marauders,Waterloo Warriors,,Quinten Shannon,Myles Robinson,R,R,Offspeed,Swinging Strike,,,10,-0.65162962,0.751389953
3,1,3,2,'3-2,2026-09-04,McMaster Marauders,Waterloo Warriors,,Quinten Shannon,Myles Robinson,R,R,Fastball,Walk,,,10,1.366383616,0.274036917
3,1,0,0,'0-0,2026-09-04,McMaster Marauders,Waterloo Warriors,,Anden Cooper,Myles Robinson,L,R,,Groundout,Ground Ball,Straightaway,110,,
3,2,0,0,'0-0,2026-09-04,McMaster Marauders,Waterloo Warriors,,Kayan Alazem,Myles Robinson,R,R,,Ball,,,101,,
3,2,1,0,'1-0,2026-09-04,McMaster Marauders,Waterloo Warriors,,Kayan Alazem,Myles Robinson,R,R,Fastball,Ball,,,101,-1.533060689,1.210383256
3,2,2,0,'2-0,2026-09-04,McMaster Marauders,Waterloo Warriors,,Kayan Alazem,Myles Robinson,R,R,Fastball,Foul,,,101,0.508148102,0.38419531
3,2,2,1,'2-1,2026-09-04,McMaster Marauders,Waterloo Warriors,,Kayan Alazem,Myles Robinson,R,R,Fastball,Ball,,,101,0.80969031,0.228137587
3,2,3,1,'3-1,2026-09-04,McMaster Marauders,Waterloo Warriors,,Kayan Alazem,Myles Robinson,R,R,Offspeed,Walk,,,101,-0.65162962,1.10940473
3,2,0,0,'0-0,2026-09-04,McMaster Marauders,Waterloo Warriors,,Jueun Chung,Myles Robinson,R,R,Fastball,Ball,,,111,-0.953171828,1.192023524
3,2,1,0,'1-0,2026-09-04,McMaster Marauders,Waterloo Warriors,,Jueun Chung,Myles Robinson,R,R,Fastball,Swinging Strike,,,111,0.044237013,0.953347006
3,2,1,1,'1-1,2026-09-04,McMaster Marauders,Waterloo Warriors,,Jueun Chung,Myles Robinson,R,R,Fastball,Popout,Pop Up,Pull,111,0.18341034,0.89826781
3,0,0,0,'0-0,2026-09-04,Waterloo Warriors,McMaster Marauders,,Myles Hazen,Premnath Nayak,R,R,Breaking Ball,Swinging Strike,,,0,-0.674825175,0.43009464
3,0,0,1,'0-1,2026-09-04,Waterloo Warriors,McMaster Marauders,,Myles Hazen,Premnath Nayak,R,R,,Error,Ground Ball,Pull,0,,
3,0,0,0,'0-0,2026-09-04,Waterloo Warriors,McMaster Marauders,,Junichi Yuki,Premnath Nayak,R,R,Fastball,Called Strike,,,100,-0.257305195,0.650411426
3,0,0,1,'0-1,2026-09-04,Waterloo Warriors,McMaster Marauders,,Junichi Yuki,Premnath Nayak,R,R,Fastball,Ball,,,100,1.111232517,-0.221675851
3,0,1,1,'1-1,2026-09-04,Waterloo Warriors,McMaster Marauders,,Junichi Yuki,Premnath Nayak,R,R,Fastball,Ball,,,100,-0.790802947,-0.230855717
3,0,2,1,'2-1,2026-09-04,Waterloo Warriors,McMaster Marauders,,Junichi Yuki,Premnath Nayak,R,R,Breaking Ball,Ball,,,100,-0.512456294,-0.267575181
3,0,3,1,'3-1,2026-09-04,Waterloo Warriors,McMaster Marauders,,Junichi Yuki,Premnath Nayak,R,R,Fastball,Groundout,Ground Ball,Straightaway,100,0.067432567,0.815649015
3,1,0,0,'0-0,2026-09-04,Waterloo Warriors,McMaster Marauders,,Adam Leatherland,Premnath Nayak,L,R,Fastball,Single,Ground Ball,Pull,10,-0.674825175,0.632051694
3,1,0,0,'0-0,2026-09-04,Waterloo Warriors,McMaster Marauders,,Ty Tinnish,Premnath Nayak,L,R,Fastball,Ball,,,100,-0.535651848,-0.102337592
3,1,1,0,'1-0,2026-09-04,Waterloo Warriors,McMaster Marauders,,Ty Tinnish,Premnath Nayak,L,R,Fastball,Ball,,,10,-1.556256244,1.164483926
3,1,2,0,'2-0,2026-09-04,Waterloo Warriors,McMaster Marauders,,Ty Tinnish,Premnath Nayak,L,R,Fastball,Ball,,,10,-1.347496254,0.439274506
3,1,3,0,'3-0,2026-09-04,Waterloo Warriors,McMaster Marauders,,Ty Tinnish,Premnath Nayak,L,R,Fastball,Walk,,,10,-1.370691808,1.035965801
3,1,0,0,'0-0,2026-09-04,Waterloo Warriors,McMaster Marauders,,Carter Kipp,Devan Fenwick,R,R,Fastball,Hit By Pitch,,,110,-1.463474026,0.586152364
3,1,0,0,'0-0,2026-09-04,Waterloo Warriors,McMaster Marauders,,Arthur Kowara,Devan Fenwick,R,R,Fastball,Foul,,,111,0.206605894,0.420914774
3,1,0,1,'0-1,2026-09-04,Waterloo Warriors,McMaster Marauders,,Arthur Kowara,Devan Fenwick,R,R,Fastball,Ball,,,111,0.484952548,-0.139057056
3,1,1,1,'1-1,2026-09-04,Waterloo Warriors,McMaster Marauders,,Arthur Kowara,Devan Fenwick,R,R,Breaking Ball,Home Run,Fly Ball,Straightaway,111,0.438561439,0.393375176
3,1,0,0,'0-0,2026-09-04,Waterloo Warriors,McMaster Marauders,,Rhys Jenkyn,Devan Fenwick,L,R,Offspeed,Ball,,,0,-1.463474026,0.834008747
3,1,1,0,'1-0,2026-09-04,Waterloo Warriors,McMaster Marauders,,Rhys Jenkyn,Devan Fenwick,L,R,Fastball,Called Strike,,,0,-0.280500749,0.319936248
3,1,1,1,'1-1,2026-09-04,Waterloo Warriors,McMaster Marauders,,Rhys Jenkyn,Devan Fenwick,L,R,Fastball,Called Strike,,,0,-0.744411838,0.393375176
3,1,1,2,'1-2,2026-09-04,Waterloo Warriors,McMaster Marauders,,Rhys Jenkyn,Devan Fenwick,L,R,Fastball,Foul,,,0,-0.65162962,0.797289283
3,1,1,2,'1-2,2026-09-04,Waterloo Warriors,McMaster Marauders,,Rhys Jenkyn,Devan Fenwick,L,R,Offspeed,Foul,,,0,0.461756993,0.439274506
3,1,1,2,'1-2,2026-09-04,Waterloo Warriors,McMaster Marauders,,Rhys Jenkyn,Devan Fenwick,L,R,Breaking Ball,Foul,,,0,-0.280500749,0.68713089
3,1,1,2,'1-2,2026-09-04,Waterloo Warriors,McMaster Marauders,,Rhys Jenkyn,Devan Fenwick,L,R,Fastball,Single,Line Drive,Opposite Field,0,-0.605238512,0.632051694
3,1,0,0,'0-0,2026-09-04,Waterloo Warriors,McMaster Marauders,,Sam Shephard,Devan Fenwick,R,R,Fastball,Ball,,,0,0.229801449,0.08125973
3,1,1,0,'1-0,2026-09-04,Waterloo Warriors,McMaster Marauders,,Sam Shephard,Devan Fenwick,R,R,Fastball,Called Strike,,,0,1.250405844,0.292396649
3,1,1,1,'1-1,2026-09-04,Waterloo Warriors,McMaster Marauders,,Sam Shephard,Devan Fenwick,R,R,Breaking Ball,Groundout,Ground Ball,Straightaway,0,-0.489260739,0.402555042
3,2,0,0,'0-0,2026-09-04,Waterloo Warriors,McMaster Marauders,,Declan Uniac,Devan Fenwick,L,R,Fastball,Ball,,,100,-1.347496254,0.402555042
3,2,1,0,'1-0,2026-09-04,Waterloo Warriors,McMaster Marauders,,Declan Uniac,Devan Fenwick,L,R,Breaking Ball,Ball,,,100,-1.533060689,0.907447676
3,2,2,0,'2-0,2026-09-04,Waterloo Warriors,McMaster Marauders,,Declan Uniac,Devan Fenwick,L,R,Breaking Ball,Lineout,Line Drive,Opposite Field,100,0.229801449,0.237317453
4,0,0,0,'0-0,2026-09-04,McMaster Marauders,Waterloo Warriors,,Brody Nguyen,Owen Newman,R,R,Fastball,Called Strike,,,0,0.438561439,0.677951024
4,0,0,1,'0-1,2026-09-04,McMaster Marauders,Waterloo Warriors,,Brody Nguyen,Owen Newman,R,R,Fastball,Foul,,,0,-0.280500749,0.733030221
4,0,0,2,'0-2,2026-09-04,McMaster Marauders,Waterloo Warriors,,Brody Nguyen,Owen Newman,R,R,Fastball,Ball,,,0,1.551948052,-0.221675851
4,0,1,2,'1-2,2026-09-04,McMaster Marauders,Waterloo Warriors,,Brody Nguyen,Owen Newman,R,R,Fastball,Ball,,,0,1.505556943,0.797289283
4,0,2,2,'2-2,2026-09-04,McMaster Marauders,Waterloo Warriors,,Brody Nguyen,Owen Newman,R,R,Fastball,Ball,,,0,0.693712538,-0.414453038
4,0,3,2,'3-2,2026-09-04,McMaster Marauders,Waterloo Warriors,,Brody Nguyen,Owen Newman,R,R,Offspeed,Foul,,,0,-0.44286963,0.17305839
4,0,3,2,'3-2,2026-09-04,McMaster Marauders,Waterloo Warriors,,Brody Nguyen,Owen Newman,R,R,Fastball,Groundout,Ground Ball,Opposite Field,0,0.18341034,0.237317453
4,1,0,0,'0-0,2026-09-04,McMaster Marauders,Waterloo Warriors,,Nikolas Proksel,Owen Newman,R,R,Fastball,Swinging Strike,,,0,0.206605894,0.576972498
4,1,0,1,'0-1,2026-09-04,McMaster Marauders,Waterloo Warriors,,Nikolas Proksel,Owen Newman,R,R,Fastball,Ball,,,0,1.737512488,-0.010538931
4,1,1,1,'1-1,2026-09-04,McMaster Marauders,Waterloo Warriors,,Nikolas Proksel,Owen Newman,R,R,Fastball,Error,Ground Ball,Pull,0,0.322583666,0.439274506
4,1,0,0,'0-0,2026-09-04,McMaster Marauders,Waterloo Warriors,,Jackson McQuade,Owen Newman,R,R,Fastball,Ball,,,10,-0.257305195,-0.056438261
4,1,1,0,'1-0,2026-09-04,McMaster Marauders,Waterloo Warriors,,Jackson McQuade,Owen Newman,R,R,Fastball,Swinging Strike,,,10,-0.23410964,0.420914774
4,1,1,1,'1-1,2026-09-04,McMaster Marauders,Waterloo Warriors,,Jackson McQuade,Owen Newman,R,R,Fastball,Groundout,Ground Ball,Pull,10,0.484952548,0.310756381
4,2,0,0,'0-0,2026-09-04,McMaster Marauders,Waterloo Warriors,,Nathan Smid,Owen Newman,R,R,Fastball,Ball,,,10,0.206605894,1.146124194
4,2,1,0,'1-0,2026-09-04,McMaster Marauders,Waterloo Warriors,,Nathan Smid,Owen Newman,R,R,Fastball,Groundout,Ground Ball,Pull,10,0.206605894,0.457634239
4,0,0,0,'0-0,2026-09-04,Waterloo Warriors,McMaster Marauders,,Myles Hazen,Xavier Nguyen,R,R,Fastball,Ball,,,0,1.505556943,0.154698658
4,0,1,0,'1-0,2026-09-04,Waterloo Warriors,McMaster Marauders,,Myles Hazen,Xavier Nguyen,R,R,Fastball,Ball,,,0,0.484952548,0.154698658
4,0,2,0,'2-0,2026-09-04,Waterloo Warriors,McMaster Marauders,,Myles Hazen,Xavier Nguyen,R,R,Breaking Ball,Home Run,Fly Ball,Pull,0,0.229801449,0.788109417
4,0,0,0,'0-0,2026-09-04,Waterloo Warriors,McMaster Marauders,,Junichi Yuki,Xavier Nguyen,R,R,Fastball,Flyout,Fly Ball,Opposite Field,0,-0.558847403,0.613691962
4,1,0,0,'0-0,2026-09-04,Waterloo Warriors,McMaster Marauders,,Adam Leatherland,Xavier Nguyen,L,R,Fastball,Single,Ground Ball,Pull,0,-0.512456294,0.319936248
4,1,0,0,'0-0,2026-09-04,Waterloo Warriors,McMaster Marauders,,Ty Tinnish,Xavier Nguyen,L,R,Breaking Ball,Called Strike,,,100,-0.721216284,0.466814105
4,1,0,1,'0-1,2026-09-04,Waterloo Warriors,McMaster Marauders,,Ty Tinnish,Xavier Nguyen,L,R,Fastball,Ball,,,100,-1.347496254,0.778929551
4,1,1,1,'1-1,2026-09-04,Waterloo Warriors,McMaster Marauders,,Ty Tinnish,Xavier Nguyen,L,R,Breaking Ball,Ball,,,100,-1.625842907,0.218957721
4,1,2,1,'2-1,2026-09-04,Waterloo Warriors,McMaster Marauders,,Ty Tinnish,Xavier Nguyen,L,R,Breaking Ball,Ball,,,100,-1.393887363,0.521893301
4,1,3,1,'3-1,2026-09-04,Waterloo Warriors,McMaster Marauders,,Ty Tinnish,Xavier Nguyen,L,R,Fastball,Foul,,,100,0.415365884,0.43009464
4,1,3,2,'3-2,2026-09-04,Waterloo Warriors,McMaster Marauders,,Ty Tinnish,Xavier Nguyen,L,R,Fastball,Walk,,,100,-0.512456294,-0.285934913
4,1,0,0,'0-0,2026-09-04,Waterloo Warriors,McMaster Marauders,,Carter Kipp,Xavier Nguyen,R,R,Fastball,Single,Line Drive,Straightaway,110,0.160214785,0.237317453
4,1,0,0,'0-0,2026-09-04,Waterloo Warriors,McMaster Marauders,,Arthur Kowara,Xavier Nguyen,R,R,Fastball,Ball,,,110,-1.185127373,0.916627542
4,1,1,0,'1-0,2026-09-04,Waterloo Warriors,McMaster Marauders,,Arthur Kowara,Xavier Nguyen,R,R,Breaking Ball,Ball,,,110,-1.672234016,0.94416714
4,1,2,0,'2-0,2026-09-04,Waterloo Warriors,McMaster Marauders,,Arthur Kowara,Xavier Nguyen,R,R,Fastball,Ball,,,110,-1.533060689,-0.166596654
4,1,3,0,'3-0,2026-09-04,Waterloo Warriors,McMaster Marauders,,Arthur Kowara,Xavier Nguyen,R,R,Fastball,Called Strike,,,110,0.206605894,0.393375176
4,1,3,1,'3-1,2026-09-04,Waterloo Warriors,McMaster Marauders,,Arthur Kowara,Xavier Nguyen,R,R,Breaking Ball,Walk,,,110,-0.721216284,1.10940473
4,1,0,0,'0-0,2026-09-04,Waterloo Warriors,McMaster Marauders,,Rhys Jenkyn,Xavier Nguyen,L,R,Fastball,Sacrifice Fly,Fly Ball,Opposite Field,111,0.206605894,0.117979194
4,2,0,0,'0-0,2026-09-04,Waterloo Warriors,McMaster Marauders,,Sam Shephard,Xavier Nguyen,R,R,Fastball,Ball,,,110,-1.370691808,0.907447676
4,2,1,0,'1-0,2026-09-04,Waterloo Warriors,McMaster Marauders,,Sam Shephard,Xavier Nguyen,R,R,Breaking Ball,Ball,,,110,-0.419674076,1.100224863
4,2,2,0,'2-0,2026-09-04,Waterloo Warriors,McMaster Marauders,,Sam Shephard,Xavier Nguyen,R,R,Breaking Ball,Foul,,,110,-0.326891858,0.705490623
4,2,2,1,'2-1,2026-09-04,Waterloo Warriors,McMaster Marauders,,Sam Shephard,Xavier Nguyen,R,R,Fastball,Single,Line Drive,Pull,110,0.368974775,0.778929551
4,2,0,0,'0-0,2026-09-04,Waterloo Warriors,McMaster Marauders,,Declan Uniac,Xavier Nguyen,L,R,Fastball,Ball,,,110,-0.582042957,1.127764462
4,2,1,0,'1-0,2026-09-04,Waterloo Warriors,McMaster Marauders,,Declan Uniac,Xavier Nguyen,L,R,Breaking Ball,Called Strike,,,110,0.090628122,1.100224863
4,2,1,1,'1-1,2026-09-04,Waterloo Warriors,McMaster Marauders,,Declan Uniac,Xavier Nguyen,L,R,Breaking Ball,Ball,,,110,-1.417082917,1.008426203
4,2,2,1,'2-1,2026-09-04,Waterloo Warriors,McMaster Marauders,,Declan Uniac,Xavier Nguyen,L,R,Fastball,Lineout,Line Drive,Opposite Field,110,-0.605238512,0.163878524
5,0,0,0,'0-0,2026-09-04,McMaster Marauders,Waterloo Warriors,,Jackson McQuade,Owen Toon,R,R,Fastball,Called Strike,,,0,0.856081419,0.448454373
5,0,0,1,'0-1,2026-09-04,McMaster Marauders,Waterloo Warriors,,Jackson McQuade,Owen Toon,R,R,Fastball,Foul,,,0,0.322583666,0.788109417
5,0,0,2,'0-2,2026-09-04,McMaster Marauders,Waterloo Warriors,,Jackson McQuade,Owen Toon,R,R,Fastball,Strikeout Looking,,,0,0.18341034,0.393375176
5,1,0,0,'0-0,2026-09-04,McMaster Marauders,Waterloo Warriors,,Quinten Shannon,Owen Toon,R,R,Fastball,Called Strike,,,0,0.531343656,0.319936248
5,1,0,1,'0-1,2026-09-04,McMaster Marauders,Waterloo Warriors,,Quinten Shannon,Owen Toon,R,R,Fastball,Foul,,,0,-0.558847403,0.604512096
5,1,0,2,'0-2,2026-09-04,McMaster Marauders,Waterloo Warriors,,Quinten Shannon,Owen Toon,R,R,Fastball,Ball,,,0,1.969468032,0.200597989
5,1,1,2,'1-2,2026-09-04,McMaster Marauders,Waterloo Warriors,,Quinten Shannon,Owen Toon,R,R,Breaking Ball,Strikeout Looking,,,0,1.343188062,0.301576515
5,2,0,0,'0-0,2026-09-04,McMaster Marauders,Waterloo Warriors,,Anden Cooper,Owen Toon,L,R,Breaking Ball,Ball,,,0,-0.698020729,0.255677185
5,2,1,0,'1-0,2026-09-04,McMaster Marauders,Waterloo Warriors,,Anden Cooper,Owen Toon,L,R,Fastball,Foul,,,0,0.508148102,0.778929551
5,2,1,1,'1-1,2026-09-04,McMaster Marauders,Waterloo Warriors,,Anden Cooper,Owen Toon,L,R,Fastball,Foul,,,0,-0.744411838,0.705490623
5,2,1,2,'1-2,2026-09-04,McMaster Marauders,Waterloo Warriors,,Anden Cooper,Owen Toon,L,R,Fastball,Foul,,,0,-0.721216284,0.85236848
5,2,1,2,'1-2,2026-09-04,McMaster Marauders,Waterloo Warriors,,Anden Cooper,Owen Toon,L,R,Fastball,Ball,,,0,-0.813998502,-0.313474511
5,2,2,2,'2-2,2026-09-04,McMaster Marauders,Waterloo Warriors,,Anden Cooper,Owen Toon,L,R,Fastball,Ball,,,0,-0.280500749,1.247102721
5,2,3,2,'3-2,2026-09-04,McMaster Marauders,Waterloo Warriors,,Anden Cooper,Owen Toon,L,R,Fastball,Walk,,,0,-1.301105145,0.870728212
5,2,0,0,'0-0,2026-09-04,McMaster Marauders,Waterloo Warriors,,Kayan Alazem,Owen Toon,R,R,Fastball,Called Strike,,,100,0.160214785,0.677951024
5,2,0,1,'0-1,2026-09-04,McMaster Marauders,Waterloo Warriors,,Kayan Alazem,Owen Toon,R,R,Fastball,Swinging Strike,,,100,0.693712538,0.714670489
5,2,0,2,'0-2,2026-09-04,McMaster Marauders,Waterloo Warriors,,Kayan Alazem,Owen Toon,R,R,Fastball,Foul,,,100,-0.419674076,0.393375176
5,2,0,2,'0-2,2026-09-04,McMaster Marauders,Waterloo Warriors,,Kayan Alazem,Owen Toon,R,R,Fastball,Ball,,,100,0.508148102,1.146124194
5,2,1,2,'1-2,2026-09-04,McMaster Marauders,Waterloo Warriors,,Kayan Alazem,Owen Toon,R,R,Fastball,Foul,,,100,0.368974775,0.870728212
5,2,1,2,'1-2,2026-09-04,McMaster Marauders,Waterloo Warriors,,Kayan Alazem,Owen Toon,R,R,Fastball,Foul,,,100,0.276192557,0.448454373
5,2,1,2,'1-2,2026-09-04,McMaster Marauders,Waterloo Warriors,,Kayan Alazem,Owen Toon,R,R,Breaking Ball,Strikeout Swinging,,,100,1.598339161,0.292396649
1,0,0,0,'0-0,2026-09-04,McMaster Marauders,Waterloo Warriors,,Devan Fenwick,Jaxx Carthy,R,R,Fastball,Ball,,,0,0.624125874,-0.276755047
1,0,1,0,'1-0,2026-09-04,McMaster Marauders,Waterloo Warriors,,Devan Fenwick,Jaxx Carthy,R,R,Fastball,Foul,,,0,-0.698020729,0.448454373
1,0,1,1,'1-1,2026-09-04,McMaster Marauders,Waterloo Warriors,,Devan Fenwick,Jaxx Carthy,R,R,Fastball,Swinging Strike,,,0,0.276192557,0.769749685
1,0,1,2,'1-2,2026-09-04,McMaster Marauders,Waterloo Warriors,,Devan Fenwick,Jaxx Carthy,R,R,Fastball,Foul,Fly Ball,Opposite Field,0,0.39217033,0.375015444
1,0,1,2,'1-2,2026-09-04,McMaster Marauders,Waterloo Warriors,,Devan Fenwick,Jaxx Carthy,R,R,Breaking Ball,Ball,,,0,-0.674825175,1.118584596
1,0,2,2,'2-2,2026-09-04,McMaster Marauders,Waterloo Warriors,,Devan Fenwick,Jaxx Carthy,R,R,Fastball,Flyout,Fly Ball,Opposite Field,0,0.113823676,0.38419531
1,1,0,0,'0-0,2026-09-04,McMaster Marauders,Waterloo Warriors,,Kayan Alazem,Jaxx Carthy,R,R,Breaking Ball,Called Strike,,,0,-0.535651848,0.925807408
1,1,0,1,'0-1,2026-09-04,McMaster Marauders,Waterloo Warriors,,Kayan Alazem,Jaxx Carthy,R,R,Breaking Ball,Called Strike,,,0,-0.767607393,0.521893301
1,1,0,2,'0-2,2026-09-04,McMaster Marauders,Waterloo Warriors,,Kayan Alazem,Jaxx Carthy,R,R,Fastball,Ball,,,0,1.412774725,0.824828881
1,1,1,2,'1-2,2026-09-04,McMaster Marauders,Waterloo Warriors,,Kayan Alazem,Jaxx Carthy,R,R,Fastball,Ball,,,0,0.948863636,-0.368553708
1,1,2,2,'2-2,2026-09-04,McMaster Marauders,Waterloo Warriors,,Kayan Alazem,Jaxx Carthy,R,R,Fastball,Strikeout Swinging,,,0,-0.210914086,0.329116114
1,2,0,0,'0-0,2026-09-04,McMaster Marauders,Waterloo Warriors,,John Dykyj,Jaxx Carthy,R,R,Fastball,Called Strike,,,0,0.554539211,0.485173837
1,2,0,1,'0-1,2026-09-04,McMaster Marauders,Waterloo Warriors,,John Dykyj,Jaxx Carthy,R,R,Breaking Ball,Swinging Strike,,,0,1.482361389,0.200597989
1,2,0,2,'0-2,2026-09-04,McMaster Marauders,Waterloo Warriors,,John Dykyj,Jaxx Carthy,R,R,Fastball,Flyout,Fly Ball,Pull,0,-0.094936314,0.879908078
1,0,0,0,'0-0,2026-09-04,Waterloo Warriors,McMaster Marauders,,Adam Leatherland,Alex VanRaay,L,R,Fastball,Foul,,,0,-0.698020729,0.329116114
1,0,0,1,'0-1,2026-09-04,Waterloo Warriors,McMaster Marauders,,Adam Leatherland,Alex VanRaay,L,R,Offspeed,Ball,,,0,0.484952548,-0.285934913
1,0,1,1,'1-1,2026-09-04,Waterloo Warriors,McMaster Marauders,,Adam Leatherland,Alex VanRaay,L,R,Offspeed,Double,Fly Ball,Pull,0,-0.582042957,0.182238256
1,0,0,0,'0-0,2026-09-04,Waterloo Warriors,McMaster Marauders,,Ty Tinnish,Alex VanRaay,L,R,,Ball,,,10,,
1,0,1,0,'1-0,2026-09-04,Waterloo Warriors,McMaster Marauders,,Ty Tinnish,Alex VanRaay,L,R,Fastball,Foul,,,10,-0.303696304,0.89826781
1,0,1,1,'1-1,2026-09-04,Waterloo Warriors,McMaster Marauders,,Ty Tinnish,Alex VanRaay,L,R,Offspeed,Foul,,,10,0.322583666,0.604512096
1,0,1,2,'1-2,2026-09-04,Waterloo Warriors,McMaster Marauders,,Ty Tinnish,Alex VanRaay,L,R,,Ball,,,10,,
1,0,2,2,'2-2,2026-09-04,Waterloo Warriors,McMaster Marauders,,Ty Tinnish,Alex VanRaay,L,R,Offspeed,Single,Line Drive,Pull,10,-0.326891858,0.301576515
1,0,0,0,'0-0,2026-09-04,Waterloo Warriors,McMaster Marauders,,Carter Kipp,Alex VanRaay,R,R,Breaking Ball,Ball,,,10,1.807099151,0.246497319
1,0,1,0,'1-0,2026-09-04,Waterloo Warriors,McMaster Marauders,,Carter Kipp,Alex VanRaay,R,R,Offspeed,Foul,,,10,-0.512456294,0.843188614
1,0,1,1,'1-1,2026-09-04,Waterloo Warriors,McMaster Marauders,,Carter Kipp,Alex VanRaay,R,R,Fastball,Ball,,,10,0.80969031,-0.230855717
1,0,2,1,'2-1,2026-09-04,Waterloo Warriors,McMaster Marauders,,Carter Kipp,Alex VanRaay,R,R,Fastball,Groundout,Ground Ball,Pull,10,-0.582042957,0.319936248
1,1,0,0,'0-0,2026-09-04,Waterloo Warriors,McMaster Marauders,,Arthur Kowara,Alex VanRaay,R,R,Fastball,Home Run,Fly Ball,Straightaway,10,0.206605894,0.255677185
1,1,0,0,'0-0,2026-09-04,Waterloo Warriors,McMaster Marauders,,Rhys Jenkyn,Alex VanRaay,L,R,Fastball,Single,Ground Ball,Pull,0,-0.280500749,0.668771158
1,1,0,0,'0-0,2026-09-04,Waterloo Warriors,McMaster Marauders,,Sam Shephard,Alex VanRaay,R,R,Breaking Ball,Ball,,,100,-0.65162962,1.164483926
1,1,1,0,'1-0,2026-09-04,Waterloo Warriors,McMaster Marauders,,Sam Shephard,Alex VanRaay,R,R,Fastball,Popout,Pop Up,Opposite Field,100,0.229801449,0.907447676
1,2,0,0,'0-0,2026-09-04,Waterloo Warriors,McMaster Marauders,,Declan Uniac,Alex VanRaay,L,R,Breaking Ball,Ball,,,100,-1.324300699,0.292396649
1,2,1,0,'1-0,2026-09-04,Waterloo Warriors,McMaster Marauders,,Declan Uniac,Alex VanRaay,L,R,Fastball,Ball,,,100,-0.86038961,1.146124194
1,2,2,0,'2-0,2026-09-04,Waterloo Warriors,McMaster Marauders,1,Declan Uniac,Alex VanRaay,L,R,Fastball,Ball,,,100,-1.370691808,0.889087944
1,2,3,0,'3-0,2026-09-04,Waterloo Warriors,McMaster Marauders,1.15,Declan Uniac,Alex VanRaay,L,R,Fastball,Walk,,,100,0.531343656,-0.148236922
1,2,0,0,'0-0,2026-09-04,Waterloo Warriors,McMaster Marauders,,Raywat Bajracharya,Alex VanRaay,R,R,Fastball,Ball,,,110,0.067432567,1.20120339
1,2,1,0,'1-0,2026-09-04,Waterloo Warriors,McMaster Marauders,,Raywat Bajracharya,Alex VanRaay,R,R,Fastball,Swinging Strike,,,110,0.438561439,0.824828881
1,2,1,1,'1-1,2026-09-04,Waterloo Warriors,McMaster Marauders,,Raywat Bajracharya,Alex VanRaay,R,R,Fastball,Ball,,,110,0.902472528,1.136944328
1,2,2,1,'2-1,2026-09-04,Waterloo Warriors,McMaster Marauders,,Raywat Bajracharya,Alex VanRaay,R,R,Fastball,Groundout,Ground Ball,Pull,110,0.18341034,0.824828881
2,0,0,0,'0-0,2026-09-04,McMaster Marauders,Waterloo Warriors,,Quinten Shannon,Jaxx Carthy,R,R,Breaking Ball,Called Strike,,,0,-0.605238512,0.622871828
2,0,0,1,'0-1,2026-09-04,McMaster Marauders,Waterloo Warriors,,Quinten Shannon,Jaxx Carthy,R,R,Fastball,Called Strike,,,0,0.763299201,0.38419531
2,0,0,2,'0-2,2026-09-04,McMaster Marauders,Waterloo Warriors,,Quinten Shannon,Jaxx Carthy,R,R,Fastball,Ball,,,0,-1.579451798,0.053720131
2,0,1,2,'1-2,2026-09-04,McMaster Marauders,Waterloo Warriors,,Quinten Shannon,Jaxx Carthy,R,R,Fastball,Strikeout Swinging,,,0,-0.164522977,0.797289283
2,1,0,0,'0-0,2026-09-04,McMaster Marauders,Waterloo Warriors,,Anden Cooper,Jaxx Carthy,L,R,Breaking Ball,Ball,,,0,1.621534715,0.200597989
2,1,1,0,'1-0,2026-09-04,McMaster Marauders,Waterloo Warriors,,Anden Cooper,Jaxx Carthy,L,R,Fastball,Error,Ground Ball,Pull,0,-0.350087413,0.411734908
2,1,0,0,'0-0,2026-09-04,McMaster Marauders,Waterloo Warriors,,Jackson McQuade,Jaxx Carthy,R,R,Fastball,Called Strike,,,100,0.252997003,0.778929551
2,1,0,1,'0-1,2026-09-04,McMaster Marauders,Waterloo Warriors,1.12,Jackson McQuade,Jaxx Carthy,R,R,Fastball,Groundout,Ground Ball,Pull,100,-0.512456294,0.68713089
2,2,0,0,'0-0,2026-09-04,McMaster Marauders,Waterloo Warriors,,Coy Gordon,Jaxx Carthy,L,R,Fastball,Called Strike,,,100,-0.118131868,0.393375176
2,2,0,1,'0-1,2026-09-04,McMaster Marauders,Waterloo Warriors,,Coy Gordon,Jaxx Carthy,L,R,Breaking Ball,Ball,,,100,-1.347496254,0.797289283
2,2,1,1,'1-1,2026-09-04,McMaster Marauders,Waterloo Warriors,,Coy Gordon,Jaxx Carthy,L,R,Fastball,Groundout,Ground Ball,Pull,100,-0.280500749,0.163878524
2,0,0,0,'0-0,2026-09-04,Waterloo Warriors,McMaster Marauders,,Junichi Yuki,Alex VanRaay,R,R,Breaking Ball,Swinging Strike,,,0,0.438561439,0.393375176
2,0,0,1,'0-1,2026-09-04,Waterloo Warriors,McMaster Marauders,,Junichi Yuki,Alex VanRaay,R,R,Fastball,Ball,,,0,1.621534715,-0.230855717
2,0,1,1,'1-1,2026-09-04,Waterloo Warriors,McMaster Marauders,,Junichi Yuki,Alex VanRaay,R,R,Fastball,Called Strike,,,0,0.508148102,0.255677185
2,0,1,2,'1-2,2026-09-04,Waterloo Warriors,McMaster Marauders,,Junichi Yuki,Alex VanRaay,R,R,Fastball,Ball,,,0,1.296796953,-0.331834244
2,0,2,2,'2-2,2026-09-04,Waterloo Warriors,McMaster Marauders,,Junichi Yuki,Alex VanRaay,R,R,Breaking Ball,Ball,,,0,1.412774725,1.045145667
2,0,3,2,'3-2,2026-09-04,Waterloo Warriors,McMaster Marauders,,Junichi Yuki,Alex VanRaay,R,R,Fastball,Flyout,Fly Ball,Opposite Field,0,-0.582042957,0.503533569
2,1,0,0,'0-0,2026-09-04,Waterloo Warriors,McMaster Marauders,,Adam Leatherland,Alex VanRaay,L,R,Fastball,Called Strike,,,0,0.624125874,0.705490623
2,1,0,1,'0-1,2026-09-04,Waterloo Warriors,McMaster Marauders,,Adam Leatherland,Alex VanRaay,L,R,Fastball,Foul,,,0,-0.466065185,0.255677185
2,1,0,2,'0-2,2026-09-04,Waterloo Warriors,McMaster Marauders,,Adam Leatherland,Alex VanRaay,L,R,Fastball,Ball,,,0,-0.813998502,1.15530406
2,1,1,2,'1-2,2026-09-04,Waterloo Warriors,McMaster Marauders,,Adam Leatherland,Alex VanRaay,L,R,Fastball,Foul,,,0,-0.605238512,0.696310756
2,1,1,2,'1-2,2026-09-04,Waterloo Warriors,McMaster Marauders,,Adam Leatherland,Alex VanRaay,L,R,Fastball,Foul,,,0,0.18341034,0.962526872
2,1,1,2,'1-2,2026-09-04,Waterloo Warriors,McMaster Marauders,,Adam Leatherland,Alex VanRaay,L,R,Fastball,Strikeout Swinging,,,0,-1.208322927,0.237317453
2,2,0,0,'0-0,2026-09-04,Waterloo Warriors,McMaster Marauders,,Ty Tinnish,Alex VanRaay,L,R,Breaking Ball,Ball,,,0,-0.466065185,1.192023524
2,2,1,0,'1-0,2026-09-04,Waterloo Warriors,McMaster Marauders,,Ty Tinnish,Alex VanRaay,L,R,Fastball,Called Strike,,,0,-0.744411838,0.375015444
2,2,1,1,'1-1,2026-09-04,Waterloo Warriors,McMaster Marauders,,Ty Tinnish,Alex VanRaay,L,R,Fastball,Popout,Pop Up,Straightaway,0,0.508148102,0.365835578
3,0,0,0,'0-0,2026-09-04,McMaster Marauders,Waterloo Warriors,,Jueun Chung,Jaxx Carthy,R,R,,Called Strike,,,0,0.554539211,0.255677185
3,0,0,1,'0-1,2026-09-04,McMaster Marauders,Waterloo Warriors,,Jueun Chung,Jaxx Carthy,R,R,,Foul,,,0,,
3,0,0,2,'0-2,2026-09-04,McMaster Marauders,Waterloo Warriors,,Jueun Chung,Jaxx Carthy,R,R,Fastball,Error,Ground Ball,Pull,0,-0.23410964,0.889087944
3,0,0,0,'0-0,2026-09-04,McMaster Marauders,Waterloo Warriors,,Nikolas Proksel,Jaxx Carthy,R,R,Fastball,Double Play,Ground Ball,Pull,100,0.508148102,0.319936248
3,2,0,0,'0-0,2026-09-04,McMaster Marauders,Waterloo Warriors,,Devan Fenwick,Jaxx Carthy,R,R,,Called Strike,,,0,,
3,2,0,1,'0-1,2026-09-04,McMaster Marauders,Waterloo Warriors,,Devan Fenwick,Jaxx Carthy,R,R,Fastball,Foul,,,0,-0.44286963,0.375015444
3,2,0,2,'0-2,2026-09-04,McMaster Marauders,Waterloo Warriors,,Devan Fenwick,Jaxx Carthy,R,R,Fastball,Strikeout Swinging,,,0,-0.674825175,0.264857051
3,0,0,0,'0-0,2026-09-04,Waterloo Warriors,McMaster Marauders,,Carter Kipp,Alex VanRaay,R,R,Offspeed,Double,Line Drive,Pull,0,-0.257305195,0.797289283
3,0,0,0,'0-0,2026-09-04,Waterloo Warriors,McMaster Marauders,,Arthur Kowara,Alex VanRaay,R,R,Breaking Ball,Ball,,,10,0.137019231,1.164483926
3,0,1,0,'1-0,2026-09-04,Waterloo Warriors,McMaster Marauders,,Arthur Kowara,Alex VanRaay,R,R,Fastball,Ball,,,10,1.899881369,-0.12987719
3,0,2,0,'2-0,2026-09-04,Waterloo Warriors,McMaster Marauders,,Arthur Kowara,Alex VanRaay,R,R,Offspeed,Foul,,,10,-0.489260739,0.824828881
3,0,2,1,'2-1,2026-09-04,Waterloo Warriors,McMaster Marauders,,Arthur Kowara,Alex VanRaay,R,R,Fastball,Ball,,,10,-0.929976274,1.20120339
3,0,3,1,'3-1,2026-09-04,Waterloo Warriors,McMaster Marauders,,Arthur Kowara,Alex VanRaay,R,R,Fastball,Swinging Strike,,,10,1.43597028,0.163878524
3,0,3,2,'3-2,2026-09-04,Waterloo Warriors,McMaster Marauders,,Arthur Kowara,Alex VanRaay,R,R,,Double,Line Drive,Pull,10,,
3,0,0,0,'0-0,2026-09-04,Waterloo Warriors,McMaster Marauders,,Rhys Jenkyn,Alex VanRaay,L,R,Fastball,Ball,,,10,-1.417082917,1.20120339
3,0,1,0,'1-0,2026-09-04,Waterloo Warriors,McMaster Marauders,,Rhys Jenkyn,Alex VanRaay,L,R,Offspeed,Flyout,Fly Ball,Pull,10,-0.350087413,0.59533223
3,1,0,0,'0-0,2026-09-04,Waterloo Warriors,McMaster Marauders,,Sam Shephard,Alex VanRaay,R,R,Breaking Ball,Ball,,,1,1.482361389,0.310756381
3,1,1,0,'1-0,2026-09-04,Waterloo Warriors,McMaster Marauders,,Sam Shephard,Alex VanRaay,R,R,Fastball,Popout,Pop Up,Straightaway,1,0.345779221,0.411734908
3,2,0,0,'0-0,2026-09-04,Waterloo Warriors,McMaster Marauders,,Declan Uniac,Alex VanRaay,L,R,Offspeed,Called Strike,,,1,0.345779221,0.751389953
3,2,0,1,'0-1,2026-09-04,Waterloo Warriors,McMaster Marauders,,Declan Uniac,Alex VanRaay,L,R,Fastball,Foul,,,1,-0.512456294,0.889087944
3,2,0,2,'0-2,2026-09-04,Waterloo Warriors,McMaster Marauders,,Declan Uniac,Alex VanRaay,L,R,Fastball,Ball,,,1,0.461756993,-0.276755047
3,2,1,2,'1-2,2026-09-04,Waterloo Warriors,McMaster Marauders,,Declan Uniac,Alex VanRaay,L,R,Offspeed,Groundout,Ground Ball,Pull,1,-0.326891858,0.319936248
4,0,0,0,'0-0,2026-09-04,McMaster Marauders,Waterloo Warriors,,Kayan Alazem,Jaxx Carthy,R,R,Fastball,Ball,,,0,-0.558847403,1.118584596
4,0,1,0,'1-0,2026-09-04,McMaster Marauders,Waterloo Warriors,,Kayan Alazem,Jaxx Carthy,R,R,Fastball,Foul,,,0,-0.396478522,0.145518792
4,0,1,1,'1-1,2026-09-04,McMaster Marauders,Waterloo Warriors,,Kayan Alazem,Jaxx Carthy,R,R,Fastball,Groundout,Ground Ball,Pull,0,0.624125874,0.218957721
4,1,0,0,'0-0,2026-09-04,McMaster Marauders,Waterloo Warriors,,John Dykyj,Jaxx Carthy,R,R,Breaking Ball,Foul,,,0,-0.23410964,0.668771158
4,1,0,1,'0-1,2026-09-04,McMaster Marauders,Waterloo Warriors,,John Dykyj,Jaxx Carthy,R,R,Breaking Ball,Ball,,,0,-0.303696304,-0.139057056
4,1,1,1,'1-1,2026-09-04,McMaster Marauders,Waterloo Warriors,,John Dykyj,Jaxx Carthy,R,R,Offspeed,Ball,,,0,-1.27790959,0.85236848
4,1,2,1,'2-1,2026-09-04,McMaster Marauders,Waterloo Warriors,,John Dykyj,Jaxx Carthy,R,R,Breaking Ball,Called Strike,,,0,-0.721216284,0.604512096
4,1,2,2,'2-2,2026-09-04,McMaster Marauders,Waterloo Warriors,,John Dykyj,Jaxx Carthy,R,R,Breaking Ball,Strikeout Swinging,,,0,0.716908092,0.43009464
4,2,0,0,'0-0,2026-09-04,McMaster Marauders,Waterloo Warriors,,Quinten Shannon,Jaxx Carthy,R,R,Fastball,Foul,,,0,-1.347496254,0.834008747
4,2,0,1,'0-1,2026-09-04,McMaster Marauders,Waterloo Warriors,,Quinten Shannon,Jaxx Carthy,R,R,Breaking Ball,Called Strike,,,0,-0.558847403,0.59533223
4,2,0,2,'0-2,2026-09-04,McMaster Marauders,Waterloo Warriors,,Quinten Shannon,Jaxx Carthy,R,R,Breaking Ball,Strikeout Swinging,,,0,0.925668082,-0.396093306
4,0,0,0,'0-0,2026-09-04,Waterloo Warriors,McMaster Marauders,,Raywat Bajracharya,Alex VanRaay,R,R,Fastball,Groundout,Ground Ball,Pull,0,-0.23410964,0.375015444
4,1,0,0,'0-0,2026-09-04,Waterloo Warriors,McMaster Marauders,,Junichi Yuki,Alex VanRaay,R,R,,Ball,,,0,,
4,1,1,0,'1-0,2026-09-04,Waterloo Warriors,McMaster Marauders,,Junichi Yuki,Alex VanRaay,R,R,Fastball,Home Run,Fly Ball,Opposite Field,0,0.438561439,0.650411426
4,1,0,0,'0-0,2026-09-04,Waterloo Warriors,McMaster Marauders,,Adam Leatherland,Alex VanRaay,L,R,,Ball,,,0,,
4,1,1,0,'1-0,2026-09-04,Waterloo Warriors,McMaster Marauders,,Adam Leatherland,Alex VanRaay,L,R,,Flyout,Fly Ball,Opposite Field,0,,
4,2,0,0,'0-0,2026-09-04,Waterloo Warriors,McMaster Marauders,,Ty Tinnish,Alex VanRaay,L,R,,Ball,,,0,,
4,2,1,0,'1-0,2026-09-04,Waterloo Warriors,McMaster Marauders,,Ty Tinnish,Alex VanRaay,L,R,,Ball,,,0,,
4,2,2,0,'2-0,2026-09-04,Waterloo Warriors,McMaster Marauders,,Ty Tinnish,Alex VanRaay,L,R,,Ball,,,0,,
4,2,3,0,'3-0,2026-09-04,Waterloo Warriors,McMaster Marauders,,Ty Tinnish,Alex VanRaay,L,R,,Called Strike,,,0,,
4,2,3,1,'3-1,2026-09-04,Waterloo Warriors,McMaster Marauders,,Ty Tinnish,Alex VanRaay,L,R,,Walk,,,0,,
4,2,0,0,'0-0,2026-09-04,Waterloo Warriors,McMaster Marauders,,Carter Kipp,Alex VanRaay,R,R,,Called Strike,,,100,,
4,2,0,1,'0-1,2026-09-04,Waterloo Warriors,McMaster Marauders,,Carter Kipp,Alex VanRaay,R,R,,Double,Line Drive,Straightaway,100,,
4,2,0,0,'0-0,2026-09-04,Waterloo Warriors,McMaster Marauders,,Arthur Kowara,Alex VanRaay,R,R,,Foul,,,10,,
4,2,0,1,'0-1,2026-09-04,Waterloo Warriors,McMaster Marauders,,Arthur Kowara,Alex VanRaay,R,R,,Flyout,,,10,,
5,0,0,0,'0-0,2026-09-04,McMaster Marauders,Waterloo Warriors,,Anden Cooper,Jaxx Carthy,L,R,,Called Strike,,,0,,
5,0,0,1,'0-1,2026-09-04,McMaster Marauders,Waterloo Warriors,,Anden Cooper,Jaxx Carthy,L,R,,Foul,,,0,,
5,0,0,2,'0-2,2026-09-04,McMaster Marauders,Waterloo Warriors,,Anden Cooper,Jaxx Carthy,L,R,,Strikeout Looking,,,0,,
5,1,0,0,'0-0,2026-09-04,McMaster Marauders,Waterloo Warriors,,Jackson McQuade,Jaxx Carthy,R,R,,Ball,,,0,,
5,1,1,0,'1-0,2026-09-04,McMaster Marauders,Waterloo Warriors,,Jackson McQuade,Jaxx Carthy,R,R,,Ball,,,0,,
5,1,2,0,'2-0,2026-09-04,McMaster Marauders,Waterloo Warriors,,Jackson McQuade,Jaxx Carthy,R,R,,Hit By Pitch,,,0,,
5,1,0,0,'0-0,2026-09-04,McMaster Marauders,Waterloo Warriors,,Coy Gordon,Jaxx Carthy,L,R,,Ball,,,100,,
5,1,1,0,'1-0,2026-09-04,McMaster Marauders,Waterloo Warriors,,Coy Gordon,Jaxx Carthy,L,R,,Double Play,Ground Ball,Pull,100,,
5,0,0,0,'0-0,2026-09-04,Waterloo Warriors,McMaster Marauders,,Rhys Jenkyn,Alex VanRaay,L,R,,Single,Ground Ball,Opposite Field,0,,
5,0,0,0,'0-0,2026-09-04,Waterloo Warriors,McMaster Marauders,,Sam Shephard,Alex VanRaay,R,R,,Foul,,,100,,
5,0,0,1,'0-1,2026-09-04,Waterloo Warriors,McMaster Marauders,,Sam Shephard,Alex VanRaay,R,R,,Foul,,,100,,
5,0,0,2,'0-2,2026-09-04,Waterloo Warriors,McMaster Marauders,,Sam Shephard,Alex VanRaay,R,R,,Flyout,Fly Ball,Opposite Field,100,,
5,1,0,0,'0-0,2026-09-04,Waterloo Warriors,McMaster Marauders,,Declan Uniac,Alex VanRaay,L,R,,Called Strike,,,100,,
5,1,0,1,'0-1,2026-09-04,Waterloo Warriors,McMaster Marauders,,Declan Uniac,Alex VanRaay,L,R,,Ball,,,100,,
5,1,1,1,'1-1,2026-09-04,Waterloo Warriors,McMaster Marauders,,Declan Uniac,Alex VanRaay,L,R,,Ball,,,100,,
5,1,2,1,'2-1,2026-09-04,Waterloo Warriors,McMaster Marauders,,Declan Uniac,Alex VanRaay,L,R,,Foul,,,1,,
5,1,2,2,'2-2,2026-09-04,Waterloo Warriors,McMaster Marauders,,Declan Uniac,Alex VanRaay,L,R,,Ball,,,1,,
5,1,3,2,'3-2,2026-09-04,Waterloo Warriors,McMaster Marauders,,Declan Uniac,Alex VanRaay,L,R,,Foul,,,1,,
5,1,3,2,'3-2,2026-09-04,Waterloo Warriors,McMaster Marauders,,Declan Uniac,Alex VanRaay,L,R,,Walk,,,1,,
5,1,0,0,'0-0,2026-09-04,Waterloo Warriors,McMaster Marauders,,Max Greaves,Alex VanRaay,R,R,,Popout,Pop Up,,101,,
5,2,0,0,'0-0,2026-09-04,Waterloo Warriors,McMaster Marauders,,Junichi Yuki,Alex VanRaay,R,R,,Ball,,,0,,
5,2,1,0,'1-0,2026-09-04,Waterloo Warriors,McMaster Marauders,,Junichi Yuki,Alex VanRaay,R,R,,Ball,,,0,,
5,2,2,0,'2-0,2026-09-04,Waterloo Warriors,McMaster Marauders,,Junichi Yuki,Alex VanRaay,R,R,,Swinging Strike,,,0,,
5,2,2,1,'2-1,2026-09-04,Waterloo Warriors,McMaster Marauders,,Junichi Yuki,Alex VanRaay,R,R,,Called Strike,,,0,,
5,2,2,2,'2-2,2026-09-04,Waterloo Warriors,McMaster Marauders,,Junichi Yuki,Alex VanRaay,R,R,,Groundout,Ground Ball,,0,,
6,0,0,0,'0-0,2026-09-04,McMaster Marauders,Waterloo Warriors,,Jueun Chung,Risden Dimayuga,R,R,,Ball,,,0,,
6,0,1,0,'1-0,2026-09-04,McMaster Marauders,Waterloo Warriors,,Jueun Chung,Risden Dimayuga,R,R,,Single,Ground Ball,Pull,0,,
6,0,0,0,'0-0,2026-09-04,McMaster Marauders,Waterloo Warriors,,Nikolas Proksel,Risden Dimayuga,R,R,,Ball,,,100,,
6,0,1,0,'1-0,2026-09-04,McMaster Marauders,Waterloo Warriors,,Nikolas Proksel,Risden Dimayuga,R,R,,Ball,,,100,,
6,0,2,0,'2-0,2026-09-04,McMaster Marauders,Waterloo Warriors,,Nikolas Proksel,Risden Dimayuga,R,R,,Swinging Strike,,,100,,
6,0,2,1,'2-1,2026-09-04,McMaster Marauders,Waterloo Warriors,,Nikolas Proksel,Risden Dimayuga,R,R,,Called Strike,,,100,,
6,0,2,2,'2-2,2026-09-04,McMaster Marauders,Waterloo Warriors,,Nikolas Proksel,Risden Dimayuga,R,R,,Ball,,,100,,
6,0,3,2,'3-2,2026-09-04,McMaster Marauders,Waterloo Warriors,,Nikolas Proksel,Risden Dimayuga,R,R,,Foul,,,100,,
6,0,3,2,'3-2,2026-09-04,McMaster Marauders,Waterloo Warriors,,Nikolas Proksel,Risden Dimayuga,R,R,,Strikeout Swinging,,,100,,
6,1,0,0,'0-0,2026-09-04,McMaster Marauders,Waterloo Warriors,,Devan Fenwick,Risden Dimayuga,R,R,,Ball,,,100,,
6,1,1,0,'1-0,2026-09-04,McMaster Marauders,Waterloo Warriors,,Devan Fenwick,Risden Dimayuga,R,R,,Foul,,,100,,
6,1,1,1,'1-1,2026-09-04,McMaster Marauders,Waterloo Warriors,,Devan Fenwick,Risden Dimayuga,R,R,,Error,Ground Ball,,100,,
6,1,0,0,'0-0,2026-09-04,McMaster Marauders,Waterloo Warriors,,Kayan Alazem,Risden Dimayuga,R,R,,Swinging Strike,,,110,,
6,1,0,1,'0-1,2026-09-04,McMaster Marauders,Waterloo Warriors,,Kayan Alazem,Risden Dimayuga,R,R,,Swinging Strike,,,110,,
6,1,0,2,'0-2,2026-09-04,McMaster Marauders,Waterloo Warriors,,Kayan Alazem,Risden Dimayuga,R,R,,Strikeout Swinging,,,110,,
6,2,0,0,'0-0,2026-09-04,McMaster Marauders,Waterloo Warriors,,John Dykyj,Risden Dimayuga,R,R,,Groundout,Ground Ball,Straightaway,110,,
6,0,0,0,'0-0,2026-09-04,Waterloo Warriors,McMaster Marauders,,Adam Leatherland,Alex VanRaay,L,R,,Ball,,,0,,
6,0,1,0,'1-0,2026-09-04,Waterloo Warriors,McMaster Marauders,,Adam Leatherland,Alex VanRaay,L,R,,Ball,,,0,,
6,0,2,0,'2-0,2026-09-04,Waterloo Warriors,McMaster Marauders,,Adam Leatherland,Alex VanRaay,L,R,,Groundout,,,0,,
6,1,0,0,'0-0,2026-09-04,Waterloo Warriors,McMaster Marauders,,Ty Tinnish,Alex VanRaay,L,R,,Ball,,,0,,
6,1,1,0,'1-0,2026-09-04,Waterloo Warriors,McMaster Marauders,,Ty Tinnish,Alex VanRaay,L,R,,Lineout,Line Drive,Opposite Field,0,,
6,2,0,0,'0-0,2026-09-04,Waterloo Warriors,McMaster Marauders,,Jai Pawa,Alex VanRaay,R,R,,Groundout,,,0,,
7,0,0,0,'0-0,2026-09-04,McMaster Marauders,Waterloo Warriors,,Quinten Shannon,Maddox Yee,R,R,,Ball,,,0,,
7,0,1,0,'1-0,2026-09-04,McMaster Marauders,Waterloo Warriors,,Quinten Shannon,Maddox Yee,R,R,Fastball,Ball,,,0,1.876685814,-0.368553708
7,0,2,0,'2-0,2026-09-04,McMaster Marauders,Waterloo Warriors,,Quinten Shannon,Maddox Yee,R,R,Fastball,Ball,,,0,1.807099151,0.843188614
7,0,3,0,'3-0,2026-09-04,McMaster Marauders,Waterloo Warriors,,Quinten Shannon,Maddox Yee,R,R,Fastball,Walk,,,0,-0.535651848,1.10940473
7,0,0,0,'0-0,2026-09-04,McMaster Marauders,Waterloo Warriors,,Anden Cooper,Maddox Yee,L,R,Fastball,Hit By Pitch,,,100,1.830294705,0.209777855
7,0,0,0,'0-0,2026-09-04,McMaster Marauders,Waterloo Warriors,,Jackson McQuade,Maddox Yee,R,R,Fastball,Ball,,,110,1.575143606,0.283216783
7,0,1,0,'1-0,2026-09-04,McMaster Marauders,Waterloo Warriors,,Jackson McQuade,Maddox Yee,R,R,Fastball,Ball,,,110,1.714316933,0.622871828
7,0,2,0,'2-0,2026-09-04,McMaster Marauders,Waterloo Warriors,,Jackson McQuade,Maddox Yee,R,R,Fastball,Called Strike,,,11,0.647321429,0.806469149
7,0,2,1,'2-1,2026-09-04,McMaster Marauders,Waterloo Warriors,,Jackson McQuade,Maddox Yee,R,R,Fastball,Foul,,,11,0.60093032,0.420914774
7,0,2,2,'2-2,2026-09-04,McMaster Marauders,Waterloo Warriors,,Jackson McQuade,Maddox Yee,R,R,Breaking Ball,Ball,,,11,1.505556943,0.347475846
7,0,3,2,'3-2,2026-09-04,McMaster Marauders,Waterloo Warriors,,Jackson McQuade,Maddox Yee,R,R,Breaking Ball,Walk,,,11,1.575143606,0.778929551
7,0,0,0,'0-0,2026-09-04,McMaster Marauders,Waterloo Warriors,,Coy Gordon,Maddox Yee,L,R,Fastball,Ball,,,111,-0.883585165,1.136944328
7,0,1,0,'1-0,2026-09-04,McMaster Marauders,Waterloo Warriors,,Coy Gordon,Maddox Yee,L,R,Fastball,Called Strike,,,111,0.368974775,0.68713089
7,0,1,1,'1-1,2026-09-04,McMaster Marauders,Waterloo Warriors,,Coy Gordon,Maddox Yee,L,R,Fastball,Foul,,,111,-0.071740759,0.834008747
7,0,1,2,'1-2,2026-09-04,McMaster Marauders,Waterloo Warriors,,Coy Gordon,Maddox Yee,L,R,Breaking Ball,Strikeout Swinging,,,111,0.39217033,-0.258395315
7,1,0,0,'0-0,2026-09-04,McMaster Marauders,Waterloo Warriors,,Jueun Chung,Maddox Yee,R,R,Fastball,Called Strike,,,111,0.39217033,0.576972498
7,1,0,1,'0-1,2026-09-04,McMaster Marauders,Waterloo Warriors,,Jueun Chung,Maddox Yee,R,R,Fastball,Flyout,Fly Ball,Pull,111,0.137019231,0.622871828
7,2,0,0,'0-0,2026-09-04,McMaster Marauders,Waterloo Warriors,,Nikolas Proksel,Maddox Yee,R,R,Fastball,Foul,,,111,0.160214785,0.356655712
7,2,0,1,'0-1,2026-09-04,McMaster Marauders,Waterloo Warriors,,Nikolas Proksel,Maddox Yee,R,R,Fastball,Foul,,,111,0.044237013,0.503533569
7,2,0,2,'0-2,2026-09-04,McMaster Marauders,Waterloo Warriors,,Nikolas Proksel,Maddox Yee,R,R,Fastball,Ball,,,111,-0.326891858,1.173663792
7,2,1,2,'1-2,2026-09-04,McMaster Marauders,Waterloo Warriors,,Nikolas Proksel,Maddox Yee,R,R,Breaking Ball,Strikeout Swinging,,,111,0.925668082,-0.359373842
1,0,0,0,'0-0,2026-09-05,McMaster Marauders,Guelph Gryphons,,Devan Fenwick,Harrison Young,R,L,,Ball,,,0,,
1,0,1,0,'1-0,2026-09-05,McMaster Marauders,Guelph Gryphons,,Devan Fenwick,Harrison Young,R,L,,Called Strike,,,0,,
1,0,1,1,'1-1,2026-09-05,McMaster Marauders,Guelph Gryphons,,Devan Fenwick,Harrison Young,R,L,,Flyout,Fly Ball,Opposite Field,0,,
1,1,0,0,'0-0,2026-09-05,McMaster Marauders,Guelph Gryphons,,Coy Gordon,Harrison Young,L,L,,Ball,,,0,,
1,1,1,0,'1-0,2026-09-05,McMaster Marauders,Guelph Gryphons,,Coy Gordon,Harrison Young,L,L,,Ball,,,0,,
1,1,2,0,'2-0,2026-09-05,McMaster Marauders,Guelph Gryphons,,Coy Gordon,Harrison Young,L,L,,Called Strike,,,0,,
1,1,2,1,'2-1,2026-09-05,McMaster Marauders,Guelph Gryphons,,Coy Gordon,Harrison Young,L,L,,Groundout,Ground Ball,Pull,0,,
1,2,0,0,'0-0,2026-09-05,McMaster Marauders,Guelph Gryphons,,John Dykyj,Harrison Young,R,L,,Popout,Pop Up,Opposite Field,0,,
1,0,0,0,'0-0,2026-09-05,Guelph Gryphons,McMaster Marauders,,Evan Ogston,Aidan Webb,R,R,,Flyout,Fly Ball,Straightaway,0,,
1,1,0,0,'0-0,2026-09-05,Guelph Gryphons,McMaster Marauders,,Jack Gillis,Aidan Webb,L,R,,Groundout,Ground Ball,,0,,
1,2,0,0,'0-0,2026-09-05,Guelph Gryphons,McMaster Marauders,,Andrew Johnston,Aidan Webb,R,R,,Ball,,,0,,
1,2,1,0,'1-0,2026-09-05,Guelph Gryphons,McMaster Marauders,,Andrew Johnston,Aidan Webb,R,R,,Called Strike,,,0,,
1,2,1,1,'1-1,2026-09-05,Guelph Gryphons,McMaster Marauders,,Andrew Johnston,Aidan Webb,R,R,,Ball,,,0,,
1,2,2,1,'2-1,2026-09-05,Guelph Gryphons,McMaster Marauders,,Andrew Johnston,Aidan Webb,R,R,,Ball,,,0,,
1,2,3,1,'3-1,2026-09-05,Guelph Gryphons,McMaster Marauders,,Andrew Johnston,Aidan Webb,R,R,,Swinging Strike,,,0,,
1,2,3,2,'3-2,2026-09-05,Guelph Gryphons,McMaster Marauders,,Andrew Johnston,Aidan Webb,R,R,,Walk,,,0,,
1,2,0,0,'0-0,2026-09-05,Guelph Gryphons,McMaster Marauders,,Sawyer Whitaker,Aidan Webb,L,R,,Ball,,,100,,
1,2,1,0,'1-0,2026-09-05,Guelph Gryphons,McMaster Marauders,,Sawyer Whitaker,Aidan Webb,L,R,,Ball,,,100,,
1,2,2,0,'2-0,2026-09-05,Guelph Gryphons,McMaster Marauders,,Sawyer Whitaker,Aidan Webb,L,R,,Flyout,Fly Ball,Opposite Field,100,,
2,0,0,0,'0-0,2026-09-05,McMaster Marauders,Guelph Gryphons,,Quinten Shannon,Harrison Young,R,L,,Ball,,,0,,
2,0,1,0,'1-0,2026-09-05,McMaster Marauders,Guelph Gryphons,,Quinten Shannon,Harrison Young,R,L,,Called Strike,,,0,,
2,0,1,1,'1-1,2026-09-05,McMaster Marauders,Guelph Gryphons,,Quinten Shannon,Harrison Young,R,L,,Ball,,,0,,
2,0,2,1,'2-1,2026-09-05,McMaster Marauders,Guelph Gryphons,,Quinten Shannon,Harrison Young,R,L,,Swinging Strike,,,0,,
2,0,2,2,'2-2,2026-09-05,McMaster Marauders,Guelph Gryphons,,Quinten Shannon,Harrison Young,R,L,,Strikeout Looking,,,0,,
2,1,0,0,'0-0,2026-09-05,McMaster Marauders,Guelph Gryphons,,Nathan Markle,Harrison Young,R,L,,Swinging Strike,,,0,,
2,1,0,1,'0-1,2026-09-05,McMaster Marauders,Guelph Gryphons,,Nathan Markle,Harrison Young,R,L,,Ball,,,0,,
2,1,1,1,'1-1,2026-09-05,McMaster Marauders,Guelph Gryphons,,Nathan Markle,Harrison Young,R,L,,Popout,Pop Up,,0,,
2,2,0,0,'0-0,2026-09-05,McMaster Marauders,Guelph Gryphons,,Anden Cooper,Harrison Young,L,L,,Foul,,,0,,
2,2,0,1,'0-1,2026-09-05,McMaster Marauders,Guelph Gryphons,,Anden Cooper,Harrison Young,L,L,,Ball,,,0,,
2,2,1,1,'1-1,2026-09-05,McMaster Marauders,Guelph Gryphons,,Anden Cooper,Harrison Young,L,L,,Single,Line Drive,Opposite Field,0,,
2,2,0,0,'0-0,2026-09-05,McMaster Marauders,Guelph Gryphons,,Lucas Grant,Harrison Young,R,L,,Ball,,,100,,
2,2,1,0,'1-0,2026-09-05,McMaster Marauders,Guelph Gryphons,,Lucas Grant,Harrison Young,R,L,,Ball,,,100,,
2,2,2,0,'2-0,2026-09-05,McMaster Marauders,Guelph Gryphons,,Lucas Grant,Harrison Young,R,L,,Ball,,,100,,
2,2,3,0,'3-0,2026-09-05,McMaster Marauders,Guelph Gryphons,,Lucas Grant,Harrison Young,R,L,,Called Strike,,,100,,
2,2,3,1,'3-1,2026-09-05,McMaster Marauders,Guelph Gryphons,,Lucas Grant,Harrison Young,R,L,,Foul,,,100,,
2,2,3,2,'3-2,2026-09-05,McMaster Marauders,Guelph Gryphons,,Lucas Grant,Harrison Young,R,L,,Walk,,,100,,
2,2,0,0,'0-0,2026-09-05,McMaster Marauders,Guelph Gryphons,,Jueun Chung,Harrison Young,R,L,,Ball,,,110,,
2,2,1,0,'1-0,2026-09-05,McMaster Marauders,Guelph Gryphons,,Jueun Chung,Harrison Young,R,L,,Ball,,,110,,
2,2,2,0,'2-0,2026-09-05,McMaster Marauders,Guelph Gryphons,,Jueun Chung,Harrison Young,R,L,,Called Strike,,,110,,
2,2,2,1,'2-1,2026-09-05,McMaster Marauders,Guelph Gryphons,,Jueun Chung,Harrison Young,R,L,,Lineout,Line Drive,Pull,110,,
2,0,0,0,'0-0,2026-09-05,Guelph Gryphons,McMaster Marauders,,Marco Da Gama,Noah Law,R,R,,Swinging Strike,,,0,,
2,0,0,1,'0-1,2026-09-05,Guelph Gryphons,McMaster Marauders,,Marco Da Gama,Noah Law,R,R,Fastball,Ball,,,0,-1.324300699,0.861548346
2,0,1,1,'1-1,2026-09-05,Guelph Gryphons,McMaster Marauders,,Marco Da Gama,Noah Law,R,R,Fastball,Groundout,Ground Ball,Pull,0,0.39217033,0.475993971
2,1,0,0,'0-0,2026-09-05,Guelph Gryphons,McMaster Marauders,,Nolan Scicluna,Noah Law,L,R,Breaking Ball,Ball,,,0,0.786494755,-0.258395315
2,1,1,0,'1-0,2026-09-05,Guelph Gryphons,McMaster Marauders,,Nolan Scicluna,Noah Law,L,R,Fastball,Called Strike,,,0,0.160214785,0.301576515
2,1,1,1,'1-1,2026-09-05,Guelph Gryphons,McMaster Marauders,,Nolan Scicluna,Noah Law,L,R,Fastball,Ball,,,0,-0.326891858,1.247102721
2,1,2,1,'2-1,2026-09-05,Guelph Gryphons,McMaster Marauders,,Nolan Scicluna,Noah Law,L,R,Breaking Ball,Ball,,,0,1.041645854,-0.359373842
2,1,3,1,'3-1,2026-09-05,Guelph Gryphons,McMaster Marauders,,Nolan Scicluna,Noah Law,L,R,Fastball,Called Strike,,,0,-0.489260739,0.576972498
2,1,3,2,'3-2,2026-09-05,Guelph Gryphons,McMaster Marauders,,Nolan Scicluna,Noah Law,L,R,Fastball,Foul,,,0,-0.698020729,0.742210087
2,1,3,2,'3-2,2026-09-05,Guelph Gryphons,McMaster Marauders,,Nolan Scicluna,Noah Law,L,R,Fastball,Strikeout Looking,,,0,0.276192557,0.145518792
2,2,0,0,'0-0,2026-09-05,Guelph Gryphons,McMaster Marauders,,Noah Chang,Noah Law,R,R,Fastball,Foul,,,0,0.206605894,0.650411426
2,2,0,1,'0-1,2026-09-05,Guelph Gryphons,McMaster Marauders,,Noah Chang,Noah Law,R,R,Breaking Ball,Ball,,,0,1.343188062,-0.423632904
2,2,1,1,'1-1,2026-09-05,Guelph Gryphons,McMaster Marauders,,Noah Chang,Noah Law,R,R,Fastball,Single,Line Drive,Opposite Field,0,0.531343656,0.59533223
2,2,0,0,'0-0,2026-09-05,Guelph Gryphons,McMaster Marauders,,Fabrizio,Noah Law,L,R,Fastball,Called Strike,,,100,-0.44286963,0.622871828
2,2,0,1,'0-1,2026-09-05,Guelph Gryphons,McMaster Marauders,,Fabrizio,Noah Law,L,R,Breaking Ball,Ball,,,100,-0.558847403,-0.451172502
2,2,1,1,'1-1,2026-09-05,Guelph Gryphons,McMaster Marauders,,Fabrizio,Noah Law,L,R,Breaking Ball,Called Strike,,,100,-0.489260739,0.255677185
2,2,1,2,'1-2,2026-09-05,Guelph Gryphons,McMaster Marauders,,Fabrizio,Noah Law,L,R,Fastball,Foul,,,100,0.39217033,0.209777855
2,2,1,2,'1-2,2026-09-05,Guelph Gryphons,McMaster Marauders,,Fabrizio,Noah Law,L,R,Fastball,Ball,,,100,1.459165834,0.347475846
2,2,2,2,'2-2,2026-09-05,Guelph Gryphons,McMaster Marauders,,Fabrizio,Noah Law,L,R,Fastball,Ball,,,100,-1.48666958,0.237317453
2,2,3,2,'3-2,2026-09-05,Guelph Gryphons,McMaster Marauders,,Fabrizio,Noah Law,L,R,Fastball,Walk,,,100,-1.672234016,0.182238256
2,2,0,0,'0-0,2026-09-05,Guelph Gryphons,McMaster Marauders,,Jaylen Wood,Noah Law,R,R,Fastball,Foul,,,110,0.345779221,0.310756381
2,2,0,1,'0-1,2026-09-05,Guelph Gryphons,McMaster Marauders,,Jaylen Wood,Noah Law,R,R,Breaking Ball,Ball,,,101,0.044237013,0.733030221
2,2,1,1,'1-1,2026-09-05,Guelph Gryphons,McMaster Marauders,,Jaylen Wood,Noah Law,R,R,Fastball,Ball,,,11,0.345779221,1.136944328
2,2,2,1,'2-1,2026-09-05,Guelph Gryphons,McMaster Marauders,,Jaylen Wood,Noah Law,R,R,Fastball,Called Strike,,,11,-0.674825175,0.485173837
2,2,2,2,'2-2,2026-09-05,Guelph Gryphons,McMaster Marauders,,Jaylen Wood,Noah Law,R,R,Fastball,Groundout,Ground Ball,Opposite Field,11,0.531343656,0.475993971
3,0,0,0,'0-0,2026-09-05,McMaster Marauders,Guelph Gryphons,,Nikolas Proksel,Harrison Young,R,L,Fastball,Called Strike,,,0,0.299388112,0.797289283
3,0,0,1,'0-1,2026-09-05,McMaster Marauders,Guelph Gryphons,,Nikolas Proksel,Harrison Young,R,L,Fastball,Ball,,,0,1.157623626,1.247102721
3,0,1,1,'1-1,2026-09-05,McMaster Marauders,Guelph Gryphons,,Nikolas Proksel,Harrison Young,R,L,Breaking Ball,Ball,,,0,-0.512456294,-0.267575181
3,0,2,1,'2-1,2026-09-05,McMaster Marauders,Guelph Gryphons,,Nikolas Proksel,Harrison Young,R,L,Fastball,Foul,,,0,0.252997003,0.696310756
3,0,2,2,'2-2,2026-09-05,McMaster Marauders,Guelph Gryphons,,Nikolas Proksel,Harrison Young,R,L,Fastball,Ball,,,0,-1.301105145,0.760569819
3,0,3,2,'3-2,2026-09-05,McMaster Marauders,Guelph Gryphons,,Nikolas Proksel,Harrison Young,R,L,Fastball,Walk,,,0,1.575143606,0.879908078
3,0,0,0,'0-0,2026-09-05,McMaster Marauders,Guelph Gryphons,,Devan Fenwick,Harrison Young,R,L,Breaking Ball,Ball,,,100,-0.02534965,-0.377733574
3,0,1,0,'1-0,2026-09-05,McMaster Marauders,Guelph Gryphons,,Devan Fenwick,Harrison Young,R,L,Fastball,Double,Ground Ball,Pull,100,0.229801449,0.292396649
3,0,0,0,'0-0,2026-09-05,McMaster Marauders,Guelph Gryphons,,Coy Gordon,Harrison Young,L,L,Breaking Ball,Ball,,,11,0.624125874,-0.414453038
3,0,1,0,'1-0,2026-09-05,McMaster Marauders,Guelph Gryphons,,Coy Gordon,Harrison Young,L,L,Fastball,Ball,,,11,-1.48666958,0.017000667
3,0,2,0,'2-0,2026-09-05,McMaster Marauders,Guelph Gryphons,,Coy Gordon,Harrison Young,L,L,Breaking Ball,Ball,,,11,0.368974775,-0.322654377
3,0,3,0,'3-0,2026-09-05,McMaster Marauders,Guelph Gryphons,,Coy Gordon,Harrison Young,L,L,Fastball,Walk,,,11,-1.370691808,-0.093157726
3,0,0,0,'0-0,2026-09-05,McMaster Marauders,Guelph Gryphons,,John Dykyj,Harrison Young,R,L,Fastball,Ball,,,111,1.366383616,0.85236848
3,0,1,0,'1-0,2026-09-05,McMaster Marauders,Guelph Gryphons,,John Dykyj,Harrison Young,R,L,Fastball,Double,Line Drive,Pull,111,0.322583666,0.659591292
3,0,0,0,'0-0,2026-09-05,McMaster Marauders,Guelph Gryphons,,Quinten Shannon,Harrison Young,R,L,Breaking Ball,Ball,,,11,-0.23410964,1.118584596
3,0,1,0,'1-0,2026-09-05,McMaster Marauders,Guelph Gryphons,,Quinten Shannon,Harrison Young,R,L,Breaking Ball,Swinging Strike,,,11,-1.440278472,-0.240035583
3,0,1,1,'1-1,2026-09-05,McMaster Marauders,Guelph Gryphons,,Quinten Shannon,Harrison Young,R,L,Breaking Ball,Ball,,,11,0.670516983,-0.276755047
3,0,2,1,'2-1,2026-09-05,McMaster Marauders,Guelph Gryphons,,Quinten Shannon,Harrison Young,R,L,Fastball,Foul,,,11,0.508148102,0.448454373
3,0,2,2,'2-2,2026-09-05,McMaster Marauders,Guelph Gryphons,,Quinten Shannon,Harrison Young,R,L,Breaking Ball,Hit By Pitch,,,11,-1.811407343,1.008426203
3,0,0,0,'0-0,2026-09-05,McMaster Marauders,Guelph Gryphons,,Nathan Markle,Harrison Young,R,L,Fastball,Called Strike,,,111,0.484952548,0.834008747
3,0,0,1,'0-1,2026-09-05,McMaster Marauders,Guelph Gryphons,,Nathan Markle,Harrison Young,R,L,Fastball,Ball,,,111,0.554539211,1.146124194
3,0,1,1,'1-1,2026-09-05,McMaster Marauders,Guelph Gryphons,,Nathan Markle,Harrison Young,R,L,Fastball,Popout,Pop Up,Straightaway,111,0.252997003,0.769749685
3,1,0,0,'0-0,2026-09-05,McMaster Marauders,Guelph Gryphons,,Anden Cooper,Harrison Young,L,L,Fastball,Ball,,,111,-0.767607393,1.173663792
3,1,1,0,'1-0,2026-09-05,McMaster Marauders,Guelph Gryphons,,Anden Cooper,Harrison Young,L,L,Breaking Ball,Ball,,,111,-0.535651848,-0.276755047
3,1,2,0,'2-0,2026-09-05,McMaster Marauders,Guelph Gryphons,,Anden Cooper,Harrison Young,L,L,Breaking Ball,Swinging Strike,,,111,-0.744411838,-0.230855717
3,1,2,1,'2-1,2026-09-05,McMaster Marauders,Guelph Gryphons,,Anden Cooper,Harrison Young,L,L,Fastball,Called Strike,,,111,0.438561439,0.613691962
3,1,2,2,'2-2,2026-09-05,McMaster Marauders,Guelph Gryphons,,Anden Cooper,Harrison Young,L,L,Breaking Ball,Ball,,,111,0.461756993,-0.313474511
3,1,3,2,'3-2,2026-09-05,McMaster Marauders,Guelph Gryphons,,Anden Cooper,Harrison Young,L,L,Fastball,Walk,,,111,-1.579451798,-0.285934913
3,1,0,0,'0-0,2026-09-05,McMaster Marauders,Guelph Gryphons,,Lucas Grant,Landon Hutar,R,R,Fastball,Called Strike,,,111,0.137019231,0.806469149
3,1,0,1,'0-1,2026-09-05,McMaster Marauders,Guelph Gryphons,,Lucas Grant,Landon Hutar,R,R,Fastball,Swinging Strike,,,111,0.39217033,0.402555042
3,1,0,2,'0-2,2026-09-05,McMaster Marauders,Guelph Gryphons,,Lucas Grant,Landon Hutar,R,R,Fastball,Foul,,,111,-0.86038961,1.210383256
3,1,0,2,'0-2,2026-09-05,McMaster Marauders,Guelph Gryphons,,Lucas Grant,Landon Hutar,R,R,Breaking Ball,Popout,Pop Up,Pull,111,0.461756993,0.824828881
3,2,0,0,'0-0,2026-09-05,McMaster Marauders,Guelph Gryphons,,Jueun Chung,Landon Hutar,R,R,Fastball,Called Strike,,,111,-0.350087413,0.714670489
3,2,0,1,'0-1,2026-09-05,McMaster Marauders,Guelph Gryphons,,Jueun Chung,Landon Hutar,R,R,Fastball,Foul,,,111,0.322583666,0.632051694
3,2,0,2,'0-2,2026-09-05,McMaster Marauders,Guelph Gryphons,,Jueun Chung,Landon Hutar,R,R,Breaking Ball,Ball,,,111,1.43597028,-0.295114779
3,2,1,2,'1-2,2026-09-05,McMaster Marauders,Guelph Gryphons,,Jueun Chung,Landon Hutar,R,R,Fastball,Ball,,,111,0.577734765,1.118584596
3,2,2,2,'2-2,2026-09-05,McMaster Marauders,Guelph Gryphons,,Jueun Chung,Landon Hutar,R,R,Fastball,Foul,,,111,0.438561439,0.778929551
3,2,2,2,'2-2,2026-09-05,McMaster Marauders,Guelph Gryphons,,Jueun Chung,Landon Hutar,R,R,Breaking Ball,Strikeout Looking,,,111,-0.721216284,0.604512096
3,0,0,0,'0-0,2026-09-05,Guelph Gryphons,McMaster Marauders,,Evan Ogston,Noah Law,R,R,Breaking Ball,Ball,,,0,-1.370691808,1.045145667
3,0,1,0,'1-0,2026-09-05,Guelph Gryphons,McMaster Marauders,,Evan Ogston,Noah Law,R,R,Fastball,Called Strike,,,0,0.972059191,-0.12987719
3,0,1,1,'1-1,2026-09-05,Guelph Gryphons,McMaster Marauders,,Evan Ogston,Noah Law,R,R,Breaking Ball,Ball,,,0,-1.27790959,0.68713089
3,0,2,1,'2-1,2026-09-05,Guelph Gryphons,McMaster Marauders,,Evan Ogston,Noah Law,R,R,Fastball,Foul,,,0,0.322583666,0.375015444
3,0,2,2,'2-2,2026-09-05,Guelph Gryphons,McMaster Marauders,,Evan Ogston,Noah Law,R,R,Fastball,Strikeout Swinging,,,0,-0.582042957,0.760569819
3,1,0,0,'0-0,2026-09-05,Guelph Gryphons,McMaster Marauders,,Jack Gillis,Noah Law,L,R,Fastball,Ball,,,0,-1.417082917,0.916627542
3,1,1,0,'1-0,2026-09-05,Guelph Gryphons,McMaster Marauders,,Jack Gillis,Noah Law,L,R,Fastball,Single,Line Drive,Straightaway,0,0.276192557,0.154698658
3,1,0,0,'0-0,2026-09-05,Guelph Gryphons,McMaster Marauders,,Andrew Johnston,Noah Law,R,R,Breaking Ball,Ball,,,100,-1.533060689,0.117979194
3,1,1,0,'1-0,2026-09-05,Guelph Gryphons,McMaster Marauders,,Andrew Johnston,Noah Law,R,R,Breaking Ball,Ball,,,100,0.832885864,-0.331834244
3,1,2,0,'2-0,2026-09-05,Guelph Gryphons,McMaster Marauders,,Andrew Johnston,Noah Law,R,R,Breaking Ball,Ball,,,100,-0.582042957,-0.276755047
3,1,3,0,'3-0,2026-09-05,Guelph Gryphons,McMaster Marauders,,Andrew Johnston,Noah Law,R,R,Fastball,Walk,,,100,1.343188062,-0.276755047
3,1,0,0,'0-0,2026-09-05,Guelph Gryphons,McMaster Marauders,,Sawyer Whitaker,Noah Law,L,R,Fastball,Foul,,,110,-0.094936314,0.191418123
3,1,0,1,'0-1,2026-09-05,Guelph Gryphons,McMaster Marauders,,Sawyer Whitaker,Noah Law,L,R,Fastball,Ball,,,110,-0.350087413,-0.111517458
3,1,1,1,'1-1,2026-09-05,Guelph Gryphons,McMaster Marauders,,Sawyer Whitaker,Noah Law,L,R,Fastball,Foul,,,110,-0.535651848,0.402555042
3,1,1,2,'1-2,2026-09-05,Guelph Gryphons,McMaster Marauders,,Sawyer Whitaker,Noah Law,L,R,Fastball,Hit By Pitch,,,110,1.64473027,0.742210087
3,1,0,0,'0-0,2026-09-05,Guelph Gryphons,McMaster Marauders,,Marco Da Gama,Noah Law,R,R,Fastball,Called Strike,,,111,0.647321429,0.301576515
3,1,0,1,'0-1,2026-09-05,Guelph Gryphons,McMaster Marauders,,Marco Da Gama,Noah Law,R,R,Fastball,Ball,,,111,1.43597028,-0.43281277
3,1,1,1,'1-1,2026-09-05,Guelph Gryphons,McMaster Marauders,,Marco Da Gama,Noah Law,R,R,Fastball,Groundout,Ground Ball,Straightaway,111,0.716908092,0.099619462
3,2,0,0,'0-0,2026-09-05,Guelph Gryphons,McMaster Marauders,,Nolan Scicluna,Noah Law,R,R,Fastball,Ball,,,11,-0.674825175,-0.17577652
3,2,1,0,'1-0,2026-09-05,Guelph Gryphons,McMaster Marauders,,Nolan Scicluna,Noah Law,R,R,Fastball,Foul,,,11,0.206605894,0.834008747
3,2,1,1,'1-1,2026-09-05,Guelph Gryphons,McMaster Marauders,,Nolan Scicluna,Noah Law,R,R,Fastball,Called Strike,,,11,-0.187718532,0.292396649
3,2,1,2,'1-2,2026-09-05,Guelph Gryphons,McMaster Marauders,,Nolan Scicluna,Noah Law,R,R,Fastball,Ball,,,11,-0.790802947,1.302181917
3,2,2,2,'2-2,2026-09-05,Guelph Gryphons,McMaster Marauders,,Nolan Scicluna,Noah Law,R,R,Breaking Ball,Strikeout Looking,,,11,0.322583666,0.521893301
4,0,0,0,'0-0,2026-09-05,McMaster Marauders,Guelph Gryphons,,Nikolas Proksel,JJ Reynolds,R,R,Fastball,Groundout,Ground Ball,Straightaway,0,-0.466065185,0.834008747
4,1,0,0,'0-0,2026-09-05,McMaster Marauders,Guelph Gryphons,,Devan Fenwick,JJ Reynolds,R,R,Breaking Ball,Ball,,,0,-1.254714036,0.558612765
4,1,1,0,'1-0,2026-09-05,McMaster Marauders,Guelph Gryphons,,Devan Fenwick,JJ Reynolds,R,R,Breaking Ball,Called Strike,,,0,0.299388112,0.485173837
4,1,1,1,'1-1,2026-09-05,McMaster Marauders,Guelph Gryphons,,Devan Fenwick,JJ Reynolds,R,R,Fastball,Error,Ground Ball,Straightaway,0,0.670516983,0.677951024
4,1,0,0,'0-0,2026-09-05,McMaster Marauders,Guelph Gryphons,,Coy Gordon,JJ Reynolds,L,R,Fastball,Called Strike,,,100,-0.350087413,0.402555042
4,1,0,1,'0-1,2026-09-05,McMaster Marauders,Guelph Gryphons,,Coy Gordon,JJ Reynolds,L,R,Fastball,Double Play,Ground Ball,Straightaway,100,0.229801449,0.531073167
4,0,0,0,'0-0,2026-09-05,Guelph Gryphons,McMaster Marauders,,Noah Chang,David Young,R,L,Fastball,Called Strike,,,0,-0.65162962,0.677951024
4,0,0,1,'0-1,2026-09-05,Guelph Gryphons,McMaster Marauders,,Noah Chang,David Young,R,L,Fastball,Ball,,,0,1.389579171,0.264857051
4,0,1,1,'1-1,2026-09-05,Guelph Gryphons,McMaster Marauders,,Noah Chang,David Young,R,L,Fastball,Foul,,,0,-0.44286963,0.834008747
4,0,1,2,'1-2,2026-09-05,Guelph Gryphons,McMaster Marauders,,Noah Chang,David Young,R,L,Fastball,Groundout,Ground Ball,Straightaway,0,0.484952548,0.778929551
4,1,0,0,'0-0,2026-09-05,Guelph Gryphons,McMaster Marauders,,Julian Fabrizio,David Young,L,L,Fastball,Ball,,,0,-1.440278472,0.12715906
4,1,1,0,'1-0,2026-09-05,Guelph Gryphons,McMaster Marauders,,Julian Fabrizio,David Young,L,L,Fastball,Ball,,,0,-1.996971778,-0.166596654
4,1,2,0,'2-0,2026-09-05,Guelph Gryphons,McMaster Marauders,,Julian Fabrizio,David Young,L,L,Fastball,Swinging Strike,,,0,-0.373282967,0.393375176
4,1,2,1,'2-1,2026-09-05,Guelph Gryphons,McMaster Marauders,,Julian Fabrizio,David Young,L,L,Fastball,Ball,,,0,0.554539211,1.182843658
4,1,3,1,'3-1,2026-09-05,Guelph Gryphons,McMaster Marauders,,Julian Fabrizio,David Young,L,L,Fastball,Called Strike,,,0,0.044237013,0.521893301
4,1,3,2,'3-2,2026-09-05,Guelph Gryphons,McMaster Marauders,,Julian Fabrizio,David Young,L,L,Fastball,Walk,,,0,-2.043362887,0.274036917
4,1,0,0,'0-0,2026-09-05,Guelph Gryphons,McMaster Marauders,,Jaylen Wood,David Young,R,L,Fastball,Single,Ground Ball,Pull,100,0.368974775,0.292396649
4,1,0,0,'0-0,2026-09-05,Guelph Gryphons,McMaster Marauders,,Evan Ogston,David Young,R,L,Fastball,Swinging Strike,,,110,0.670516983,0.375015444
4,1,0,1,'0-1,2026-09-05,Guelph Gryphons,McMaster Marauders,,Evan Ogston,David Young,R,L,Fastball,Ball,,,110,0.948863636,-0.17577652
4,1,1,1,'1-1,2026-09-05,Guelph Gryphons,McMaster Marauders,,Evan Ogston,David Young,R,L,Fastball,Foul,,,110,-0.466065185,0.778929551
4,1,1,2,'1-2,2026-09-05,Guelph Gryphons,McMaster Marauders,,Evan Ogston,David Young,R,L,Fastball,Ball,,,110,-1.533060689,-0.194136252
4,1,2,2,'2-2,2026-09-05,Guelph Gryphons,McMaster Marauders,,Evan Ogston,David Young,R,L,Fastball,Ball,,,110,1.667925824,0.191418123
4,1,3,2,'3-2,2026-09-05,Guelph Gryphons,McMaster Marauders,,Evan Ogston,David Young,R,L,Fastball,Foul,,,110,-0.373282967,0.053720131
4,1,3,2,'3-2,2026-09-05,Guelph Gryphons,McMaster Marauders,,Evan Ogston,David Young,R,L,Fastball,Strikeout Swinging,,,110,0.763299201,0.806469149
4,2,0,0,'0-0,2026-09-05,Guelph Gryphons,McMaster Marauders,,Jack Gillis,David Young,L,L,Breaking Ball,Ball,,,110,1.041645854,-0.285934913
4,2,1,0,'1-0,2026-09-05,Guelph Gryphons,McMaster Marauders,,Jack Gillis,David Young,L,L,Fastball,Hit By Pitch,,,110,1.714316933,0.301576515
4,2,0,0,'0-0,2026-09-05,Guelph Gryphons,McMaster Marauders,,Andrew Johnston,David Young,R,L,Fastball,Hit By Pitch,,,111,-1.417082917,0.834008747
4,2,0,0,'0-0,2026-09-05,Guelph Gryphons,McMaster Marauders,,Sawyer Whitaker,David Young,L,L,Breaking Ball,Ball,,,111,-0.582042957,-0.405273172
4,2,1,0,'1-0,2026-09-05,Guelph Gryphons,McMaster Marauders,,Sawyer Whitaker,David Young,L,L,Fastball,Ball,,,111,-1.509865135,0.283216783
4,2,2,0,'2-0,2026-09-05,Guelph Gryphons,McMaster Marauders,,Sawyer Whitaker,David Young,L,L,Fastball,Ball,,,111,-1.602647353,-0.240035583
4,2,3,0,'3-0,2026-09-05,Guelph Gryphons,McMaster Marauders,,Sawyer Whitaker,David Young,L,L,Fastball,Called Strike,,,111,-0.23410964,0.632051694
4,2,3,1,'3-1,2026-09-05,Guelph Gryphons,McMaster Marauders,,Sawyer Whitaker,David Young,L,L,Fastball,Walk,,,111,-1.161931818,-0.295114779
4,2,0,0,'0-0,2026-09-05,Guelph Gryphons,McMaster Marauders,,Marco Da Gama,Marcello Colucci,R,R,Fastball,Ball,,,111,-0.489260739,1.164483926
4,2,1,0,'1-0,2026-09-05,Guelph Gryphons,McMaster Marauders,,Marco Da Gama,Marcello Colucci,R,R,Fastball,Foul,,,111,0.160214785,0.375015444
4,2,1,1,'1-1,2026-09-05,Guelph Gryphons,McMaster Marauders,,Marco Da Gama,Marcello Colucci,R,R,Fastball,Ball,,,111,-0.698020729,1.20120339
4,2,2,1,'2-1,2026-09-05,Guelph Gryphons,McMaster Marauders,,Marco Da Gama,Marcello Colucci,R,R,Fastball,Ball,,,111,1.621534715,0.870728212
4,2,3,1,'3-1,2026-09-05,Guelph Gryphons,McMaster Marauders,,Marco Da Gama,Marcello Colucci,R,R,Fastball,Walk,,,111,-0.767607393,1.20120339
4,2,0,0,'0-0,2026-09-05,Guelph Gryphons,McMaster Marauders,,Nolan Scicluna,Marcello Colucci,L,R,Fastball,Popout,Pop Up,Opposite Field,111,0.276192557,0.705490623
5,0,0,0,'0-0,2026-09-05,McMaster Marauders,Guelph Gryphons,,John Dykyj,Landon Hutar,R,R,Fastball,Error,Ground Ball,Straightaway,0,0.647321429,0.558612765
5,0,0,0,'0-0,2026-09-05,McMaster Marauders,Guelph Gryphons,,Quinten Shannon,Landon Hutar,R,R,Fastball,Ball,,,100,1.389579171,-0.230855717
5,0,1,0,'1-0,2026-09-05,McMaster Marauders,Guelph Gryphons,,Quinten Shannon,Landon Hutar,R,R,Fastball,Foul,,,100,0.438561439,0.668771158
5,0,1,1,'1-1,2026-09-05,McMaster Marauders,Guelph Gryphons,,Quinten Shannon,Landon Hutar,R,R,Fastball,Double,Fly Ball,Straightaway,100,0.461756993,0.907447676
5,0,0,0,'0-0,2026-09-05,McMaster Marauders,Guelph Gryphons,,Nathan Markle,Landon Hutar,R,R,Breaking Ball,Called Strike,,,11,0.740103646,0.17305839
5,0,0,1,'0-1,2026-09-05,McMaster Marauders,Guelph Gryphons,,Nathan Markle,Landon Hutar,R,R,Breaking Ball,Called Strike,,,11,0.438561439,0.319936248
5,0,0,2,'0-2,2026-09-05,McMaster Marauders,Guelph Gryphons,,Nathan Markle,Landon Hutar,R,R,Breaking Ball,Ball,,,11,1.691121379,-0.249215449
5,0,1,2,'1-2,2026-09-05,McMaster Marauders,Guelph Gryphons,,Nathan Markle,Landon Hutar,R,R,Breaking Ball,Strikeout Looking,,,11,0.786494755,0.375015444
5,0,1,2,'1-2,2026-09-05,McMaster Marauders,Guelph Gryphons,,Anden Cooper,Landon Hutar,L,R,,Intentional Walk,,,,,
5,1,0,0,'0-0,2026-09-05,McMaster Marauders,Guelph Gryphons,,Lucas Grant,Landon Hutar,R,R,Fastball,Foul,,,11,0.206605894,0.788109417
5,1,0,1,'0-1,2026-09-05,McMaster Marauders,Guelph Gryphons,,Lucas Grant,Landon Hutar,R,R,Breaking Ball,Ball,,,11,1.412774725,0.402555042
5,1,1,1,'1-1,2026-09-05,McMaster Marauders,Guelph Gryphons,,Lucas Grant,Landon Hutar,R,R,Breaking Ball,Called Strike,,,11,0.531343656,0.246497319
5,1,1,2,'1-2,2026-09-05,McMaster Marauders,Guelph Gryphons,,Lucas Grant,Landon Hutar,R,R,Breaking Ball,Single,Pop Up,Pull,11,-0.350087413,0.861548346
5,1,0,0,'0-0,2026-09-05,McMaster Marauders,Guelph Gryphons,,,,,,,Additional Out,,,,,
5,2,0,0,'0-0,2026-09-05,McMaster Marauders,Guelph Gryphons,,Jueun Chung,Landon Hutar,R,R,Fastball,Called Strike,,,110,0.461756993,0.85236848
5,2,0,1,'0-1,2026-09-05,McMaster Marauders,Guelph Gryphons,,Jueun Chung,Landon Hutar,R,R,Fastball,Ball,,,110,-1.533060689,0.971706739
5,2,1,1,'1-1,2026-09-05,McMaster Marauders,Guelph Gryphons,,Jueun Chung,Landon Hutar,R,R,Breaking Ball,Foul,,,110,0.577734765,0.411734908
5,2,1,2,'1-2,2026-09-05,McMaster Marauders,Guelph Gryphons,,Jueun Chung,Landon Hutar,R,R,Breaking Ball,Flyout,Fly Ball,Pull,110,0.763299201,0.264857051
5,0,0,0,'0-0,2026-09-05,Guelph Gryphons,McMaster Marauders,,Noah Chang,Marcello Colucci,R,R,Fastball,Foul,,,0,0.508148102,0.576972498
5,0,0,1,'0-1,2026-09-05,Guelph Gryphons,McMaster Marauders,,Noah Chang,Marcello Colucci,R,R,Breaking Ball,Called Strike,,,0,-0.605238512,0.778929551
5,0,0,2,'0-2,2026-09-05,Guelph Gryphons,McMaster Marauders,,Noah Chang,Marcello Colucci,R,R,Breaking Ball,Error,Ground Ball,Straightaway,0,0.531343656,0.246497319
5,0,0,0,'0-0,2026-09-05,Guelph Gryphons,McMaster Marauders,,Julian Fabrizio,Marcello Colucci,L,R,Breaking Ball,Groundout,Ground Ball,Pull,100,0.577734765,0.356655712
5,1,0,0,'0-0,2026-09-05,Guelph Gryphons,McMaster Marauders,,Jaylen Wood,Marcello Colucci,R,R,Fastball,Ball,,,100,0.18341034,1.10940473
5,1,1,0,'1-0,2026-09-05,Guelph Gryphons,McMaster Marauders,1.19,Jaylen Wood,Marcello Colucci,R,R,Fastball,Ball,,,10,1.343188062,-0.267575181
5,1,2,0,'2-0,2026-09-05,Guelph Gryphons,McMaster Marauders,,Jaylen Wood,Marcello Colucci,R,R,Fastball,Ball,,,10,0.624125874,1.081865131
5,1,3,0,'3-0,2026-09-05,Guelph Gryphons,McMaster Marauders,,Jaylen Wood,Marcello Colucci,R,R,Fastball,Walk,,,10,-1.463474026,0.843188614
5,1,0,0,'0-0,2026-09-05,Guelph Gryphons,McMaster Marauders,,Evan Ogston,Marcello Colucci,R,R,Fastball,Called Strike,,,110,0.972059191,0.228137587
5,1,0,1,'0-1,2026-09-05,Guelph Gryphons,McMaster Marauders,,Evan Ogston,Marcello Colucci,R,R,Fastball,Ball,,,110,-0.094936314,1.283822185
5,1,1,1,'1-1,2026-09-05,Guelph Gryphons,McMaster Marauders,,Evan Ogston,Marcello Colucci,R,R,Fastball,Foul,,,110,-0.280500749,0.301576515
5,1,1,2,'1-2,2026-09-05,Guelph Gryphons,McMaster Marauders,,Evan Ogston,Marcello Colucci,R,R,Fastball,Strikeout Swinging,,,110,0.763299201,0.420914774
5,2,0,0,'0-0,2026-09-05,Guelph Gryphons,McMaster Marauders,,Jack Gillis,Marcello Colucci,L,R,Offspeed,Called Strike,,,110,-0.605238512,0.586152364
5,2,0,1,'0-1,2026-09-05,Guelph Gryphons,McMaster Marauders,,Jack Gillis,Marcello Colucci,L,R,Offspeed,Foul,,,110,-0.303696304,0.17305839
5,2,0,2,'0-2,2026-09-05,Guelph Gryphons,McMaster Marauders,,Jack Gillis,Marcello Colucci,L,R,Offspeed,Single,Line Drive,Pull,110,0.39217033,-0.184956386
5,2,0,0,'0-0,2026-09-05,Guelph Gryphons,McMaster Marauders,,Andrew Johnston,Marcello Colucci,R,R,Fastball,Ball,,,101,-1.463474026,1.081865131
5,2,1,0,'1-0,2026-09-05,Guelph Gryphons,McMaster Marauders,,Andrew Johnston,Marcello Colucci,R,R,Fastball,Ball,,,101,0.832885864,1.091044997
5,2,2,0,'2-0,2026-09-05,Guelph Gryphons,McMaster Marauders,,Andrew Johnston,Marcello Colucci,R,R,Fastball,Groundout,Ground Ball,Opposite Field,101,-0.489260739,0.843188614
6,0,0,0,'0-0,2026-09-05,McMaster Marauders,Guelph Gryphons,,Nikolas Proksel,Joe Pelow,R,R,Fastball,Foul,,,0,0.252997003,0.356655712
6,0,0,1,'0-1,2026-09-05,McMaster Marauders,Guelph Gryphons,,Nikolas Proksel,Joe Pelow,R,R,Fastball,Swinging Strike,,,0,0.856081419,1.100224863
6,0,0,2,'0-2,2026-09-05,McMaster Marauders,Guelph Gryphons,,Nikolas Proksel,Joe Pelow,R,R,Fastball,Ball,,,0,1.551948052,0.347475846
6,0,1,2,'1-2,2026-09-05,McMaster Marauders,Guelph Gryphons,,Nikolas Proksel,Joe Pelow,R,R,Fastball,Lineout,Line Drive,Pull,0,0.18341034,0.540253033
6,1,0,0,'0-0,2026-09-05,McMaster Marauders,Guelph Gryphons,,Devan Fenwick,Joe Pelow,R,R,Fastball,Foul,,,0,-0.466065185,0.769749685
6,1,0,1,'0-1,2026-09-05,McMaster Marauders,Guelph Gryphons,,Devan Fenwick,Joe Pelow,R,R,Fastball,Called Strike,,,0,0.670516983,0.714670489
6,1,0,2,'0-2,2026-09-05,McMaster Marauders,Guelph Gryphons,,Devan Fenwick,Joe Pelow,R,R,Breaking Ball,Groundout,Ground Ball,Opposite Field,0,1.412774725,0.457634239
6,2,0,0,'0-0,2026-09-05,McMaster Marauders,Guelph Gryphons,,Coy Gordon,Joe Pelow,L,R,Fastball,Ball,,,0,-1.649038462,1.146124194
6,2,1,0,'1-0,2026-09-05,McMaster Marauders,Guelph Gryphons,,Coy Gordon,Joe Pelow,L,R,Fastball,Called Strike,,,0,-0.350087413,0.108799328
6,2,1,1,'1-1,2026-09-05,McMaster Marauders,Guelph Gryphons,,Coy Gordon,Joe Pelow,L,R,Fastball,Swinging Strike,,,0,-0.698020729,1.15530406
6,2,1,2,'1-2,2026-09-05,McMaster Marauders,Guelph Gryphons,,Coy Gordon,Joe Pelow,L,R,Fastball,Foul,,,0,-0.582042957,0.659591292
6,2,1,2,'1-2,2026-09-05,McMaster Marauders,Guelph Gryphons,,Coy Gordon,Joe Pelow,L,R,Fastball,Ball,,,0,1.459165834,0.815649015
6,2,2,2,'2-2,2026-09-05,McMaster Marauders,Guelph Gryphons,,Coy Gordon,Joe Pelow,L,R,Fastball,Groundout,Ground Ball,Opposite Field,0,-0.489260739,0.907447676
6,0,0,0,'0-0,2026-09-05,Guelph Gryphons,McMaster Marauders,,Sawyer Whitaker,Sam McMillan,L,R,Fastball,Ball,,,0,1.319992507,1.118584596
6,0,1,0,'1-0,2026-09-05,Guelph Gryphons,McMaster Marauders,,Sawyer Whitaker,Sam McMillan,L,R,Breaking Ball,Called Strike,,,0,-0.512456294,0.760569819
6,0,1,1,'1-1,2026-09-05,Guelph Gryphons,McMaster Marauders,,Sawyer Whitaker,Sam McMillan,L,R,Fastball,Groundout,Ground Ball,Pull,0,0.276192557,0.356655712
6,1,0,0,'0-0,2026-09-05,Guelph Gryphons,McMaster Marauders,,Marco Da Gama,Sam McMillan,R,R,Breaking Ball,Called Strike,,,0,-0.628434066,0.622871828
6,1,0,1,'0-1,2026-09-05,Guelph Gryphons,McMaster Marauders,,Marco Da Gama,Sam McMillan,R,R,Breaking Ball,Ball,,,0,1.22721029,-0.258395315
6,1,1,1,'1-1,2026-09-05,Guelph Gryphons,McMaster Marauders,,Marco Da Gama,Sam McMillan,R,R,Fastball,Ball,,,0,1.575143606,0.953347006
6,1,2,1,'2-1,2026-09-05,Guelph Gryphons,McMaster Marauders,,Marco Da Gama,Sam McMillan,R,R,Breaking Ball,Called Strike,,,0,0.484952548,0.494353703
6,1,2,2,'2-2,2026-09-05,Guelph Gryphons,McMaster Marauders,,Marco Da Gama,Sam McMillan,R,R,Breaking Ball,Ball,,,0,1.876685814,-0.295114779
6,1,3,2,'3-2,2026-09-05,Guelph Gryphons,McMaster Marauders,,Marco Da Gama,Sam McMillan,R,R,Breaking Ball,Strikeout Swinging,,,0,1.366383616,0.310756381
6,2,0,0,'0-0,2026-09-05,Guelph Gryphons,McMaster Marauders,,Nolan Scicluna,Sam McMillan,L,R,Offspeed,Ball,,,0,-1.393887363,0.531073167
6,2,1,0,'1-0,2026-09-05,Guelph Gryphons,McMaster Marauders,,Nolan Scicluna,Sam McMillan,L,R,Offspeed,Ball,,,0,-1.370691808,0.962526872
6,2,2,0,'2-0,2026-09-05,Guelph Gryphons,McMaster Marauders,,Nolan Scicluna,Sam McMillan,L,R,Fastball,Swinging Strike,,,0,0.299388112,0.806469149
6,2,2,1,'2-1,2026-09-05,Guelph Gryphons,McMaster Marauders,,Nolan Scicluna,Sam McMillan,L,R,Offspeed,Swinging Strike,,,0,-0.628434066,0.503533569
6,2,2,2,'2-2,2026-09-05,Guelph Gryphons,McMaster Marauders,,Nolan Scicluna,Sam McMillan,L,R,Fastball,Single,Ground Ball,Straightaway,0,-0.466065185,0.485173837
6,2,0,0,'0-0,2026-09-05,Guelph Gryphons,McMaster Marauders,,Noah Chang,Sam McMillan,R,R,Fastball,Called Strike,,,100,0.531343656,-0.139057056
6,2,0,1,'0-1,2026-09-05,Guelph Gryphons,McMaster Marauders,,Noah Chang,Sam McMillan,R,R,Fastball,Foul,,,100,-0.558847403,0.742210087
6,2,0,2,'0-2,2026-09-05,Guelph Gryphons,McMaster Marauders,,Noah Chang,Sam McMillan,R,R,Breaking Ball,Strikeout Swinging,,,100,0.879276973,-0.230855717
7,0,0,0,'0-0,2026-09-05,McMaster Marauders,Guelph Gryphons,,John Dykyj,Joe Pelow,R,R,Fastball,Ball,,,0,0.252997003,1.15530406
7,0,1,0,'1-0,2026-09-05,McMaster Marauders,Guelph Gryphons,,John Dykyj,Joe Pelow,R,R,Breaking Ball,Ball,,,0,0.39217033,-0.203316119
7,0,2,0,'2-0,2026-09-05,McMaster Marauders,Guelph Gryphons,,John Dykyj,Joe Pelow,R,R,Fastball,Popout,Pop Up,Straightaway,0,-0.373282967,0.861548346
7,1,0,0,'0-0,2026-09-05,McMaster Marauders,Guelph Gryphons,,Quinten Shannon,Joe Pelow,R,R,Breaking Ball,Ball,,,0,1.157623626,-0.34101411
7,1,1,0,'1-0,2026-09-05,McMaster Marauders,Guelph Gryphons,,Quinten Shannon,Joe Pelow,R,R,Fastball,Ball,,,0,-1.115540709,1.164483926
7,1,2,0,'2-0,2026-09-05,McMaster Marauders,Guelph Gryphons,,Quinten Shannon,Joe Pelow,R,R,Fastball,Called Strike,,,0,0.624125874,0.466814105
7,1,2,1,'2-1,2026-09-05,McMaster Marauders,Guelph Gryphons,,Quinten Shannon,Joe Pelow,R,R,Fastball,Swinging Strike,,,0,0.252997003,0.824828881
7,1,2,2,'2-2,2026-09-05,McMaster Marauders,Guelph Gryphons,,Quinten Shannon,Joe Pelow,R,R,Breaking Ball,Ball,,,0,1.621534715,-0.221675851
7,1,3,2,'3-2,2026-09-05,McMaster Marauders,Guelph Gryphons,,Quinten Shannon,Joe Pelow,R,R,Fastball,Foul,,,0,-0.535651848,0.934987274
7,1,3,2,'3-2,2026-09-05,McMaster Marauders,Guelph Gryphons,,Quinten Shannon,Joe Pelow,R,R,Fastball,Walk,,,0,-0.698020729,1.329721515
7,1,0,0,'0-0,2026-09-05,McMaster Marauders,Guelph Gryphons,,Jackson McQuade,Joe Pelow,R,R,Fastball,Ball,,,100,0.624125874,1.192023524
7,1,1,0,'1-0,2026-09-05,McMaster Marauders,Guelph Gryphons,,Jackson McQuade,Joe Pelow,R,R,Fastball,Called Strike,,,100,0.160214785,1.10940473
7,1,1,1,'1-1,2026-09-05,McMaster Marauders,Guelph Gryphons,,Jackson McQuade,Joe Pelow,R,R,Fastball,Foul,,,100,0.740103646,0.723850355
7,1,1,2,'1-2,2026-09-05,McMaster Marauders,Guelph Gryphons,,Jackson McQuade,Joe Pelow,R,R,Fastball,Ball,,,100,0.531343656,1.274642319
7,1,2,2,'2-2,2026-09-05,McMaster Marauders,Guelph Gryphons,1.1,Jackson McQuade,Joe Pelow,R,R,Breaking Ball,Strikeout Looking,,,100,0.60093032,0.191418123
7,2,0,0,'0-0,2026-09-05,McMaster Marauders,Guelph Gryphons,,Anden Cooper,Joe Pelow,L,R,Fastball,Ball,,,100,0.415365884,1.072685265
7,2,1,0,'1-0,2026-09-05,McMaster Marauders,Guelph Gryphons,,Anden Cooper,Joe Pelow,L,R,Fastball,Single,Ground Ball,Pull,10,-0.118131868,0.218957721
7,2,0,0,'0-0,2026-09-05,McMaster Marauders,Guelph Gryphons,,Lucas Grant,Joe Pelow,R,R,Fastball,Called Strike,,,10,0.577734765,0.723850355
7,2,0,1,'0-1,2026-09-05,McMaster Marauders,Guelph Gryphons,,Lucas Grant,Joe Pelow,R,R,Fastball,Ball,,,10,1.621534715,0.907447676
7,2,1,1,'1-1,2026-09-05,McMaster Marauders,Guelph Gryphons,,Lucas Grant,Joe Pelow,R,R,Fastball,Called Strike,,,10,0.577734765,0.365835578
7,2,1,2,'1-2,2026-09-05,McMaster Marauders,Guelph Gryphons,,Lucas Grant,Joe Pelow,R,R,Breaking Ball,Ball,,,10,1.551948052,0.17305839
7,2,2,2,'2-2,2026-09-05,McMaster Marauders,Guelph Gryphons,,Lucas Grant,Joe Pelow,R,R,Fastball,Strikeout Swinging,,,10,0.345779221,0.94416714
7,0,0,0,'0-0,2026-09-05,Guelph Gryphons,McMaster Marauders,,Julian Fabrizio,Sam McMillan,L,R,Breaking Ball,Flyout,Fly Ball,Straightaway,0,0.39217033,0.677951024
7,1,0,0,'0-0,2026-09-05,Guelph Gryphons,McMaster Marauders,,Jaylen Wood,Sam McMillan,R,R,Breaking Ball,Swinging Strike,,,0,0.948863636,-0.240035583
7,1,0,1,'0-1,2026-09-05,Guelph Gryphons,McMaster Marauders,,Jaylen Wood,Sam McMillan,R,R,Breaking Ball,Ball,,,0,-1.208322927,0.723850355
7,1,1,1,'1-1,2026-09-05,Guelph Gryphons,McMaster Marauders,,Jaylen Wood,Sam McMillan,R,R,Breaking Ball,Swinging Strike,,,0,0.368974775,0.411734908
7,1,1,2,'1-2,2026-09-05,Guelph Gryphons,McMaster Marauders,,Jaylen Wood,Sam McMillan,R,R,Fastball,Ball,,,0,1.667925824,-0.065618127
7,1,2,2,'2-2,2026-09-05,Guelph Gryphons,McMaster Marauders,,Jaylen Wood,Sam McMillan,R,R,Breaking Ball,Ball,,,0,1.714316933,-0.249215449
7,1,3,2,'3-2,2026-09-05,Guelph Gryphons,McMaster Marauders,,Jaylen Wood,Sam McMillan,R,R,Breaking Ball,Walk,,,0,1.575143606,0.191418123
7,1,0,0,'0-0,2026-09-05,Guelph Gryphons,McMaster Marauders,,Evan Ogston,Sam McMillan,R,R,Breaking Ball,Ball,,,100,1.505556943,-0.102337592
7,1,1,0,'1-0,2026-09-05,Guelph Gryphons,McMaster Marauders,,Evan Ogston,Sam McMillan,R,R,Fastball,Hit By Pitch,,,100,-1.579451798,1.008426203
7,1,0,0,'0-0,2026-09-05,Guelph Gryphons,McMaster Marauders,,Jack Gillis,Sam McMillan,L,R,Breaking Ball,Swinging Strike,,,110,0.670516983,-0.249215449
7,1,0,1,'0-1,2026-09-05,Guelph Gryphons,McMaster Marauders,,Jack Gillis,Sam McMillan,L,R,Breaking Ball,Ball,,,110,-1.440278472,0.356655712
7,1,1,1,'1-1,2026-09-05,Guelph Gryphons,McMaster Marauders,,Jack Gillis,Sam McMillan,L,R,Fastball,Popout,Pop Up,Pull,110,-0.558847403,0.879908078
7,2,0,0,'0-0,2026-09-05,Guelph Gryphons,McMaster Marauders,,Andrew Johnston,Sam McMillan,R,R,Breaking Ball,Ball,,,110,1.691121379,0.209777855
7,2,1,0,'1-0,2026-09-05,Guelph Gryphons,McMaster Marauders,,Andrew Johnston,Sam McMillan,R,R,Breaking Ball,Single,Ground Ball,Pull,110,1.366383616,0.053720131
7,2,0,0,'0-0,2026-09-05,Guelph Gryphons,McMaster Marauders,,Sawyer Whitaker,Sam McMillan,L,R,Fastball,Ball,,,111,-1.463474026,0.751389953
7,2,1,0,'1-0,2026-09-05,Guelph Gryphons,McMaster Marauders,,Sawyer Whitaker,Sam McMillan,L,R,Offspeed,Ball,,,111,-1.834602897,0.834008747
7,2,2,0,'2-0,2026-09-05,Guelph Gryphons,McMaster Marauders,,Sawyer Whitaker,Sam McMillan,L,R,Fastball,Ball,,,111,-1.347496254,0.705490623
7,2,3,0,'3-0,2026-09-05,Guelph Gryphons,McMaster Marauders,,Sawyer Whitaker,Sam McMillan,L,R,Fastball,Called Strike,,,111,-0.419674076,0.742210087
7,2,3,1,'3-1,2026-09-05,Guelph Gryphons,McMaster Marauders,,Sawyer Whitaker,Sam McMillan,L,R,Fastball,Walk,,,111,0.461756993,-0.148236922
